root,path,file_name,extension,bytes
genesis_alpha,fusion_refatorado\models\genesis_alpha\genesis_config.yaml,genesis_config.yaml,.yaml,4139
genesis_alpha,fusion_refatorado\models\genesis_alpha\genesis_global_model.pkl,genesis_global_model.pkl,.pkl,5451452
genesis_alpha,fusion_refatorado\models\genesis_alpha\genesis_scaler.pkl,genesis_scaler.pkl,.pkl,1287
genesis_alpha,fusion_refatorado\models\genesis_alpha\mlruns\0\meta.yaml,meta.yaml,.yaml,202
genesis_alpha,fusion_refatorado\models\genesis_alpha\mlruns\904023667381748678\33ca2478a99d44e19451989ba66f5db3\artifacts\label.pkl,label.pkl,.pkl,2052094
genesis_alpha,fusion_refatorado\models\genesis_alpha\mlruns\904023667381748678\33ca2478a99d44e19451989ba66f5db3\artifacts\pred.pkl,pred.pkl,.pkl,2591214
genesis_alpha,fusion_refatorado\models\genesis_alpha\mlruns\904023667381748678\33ca2478a99d44e19451989ba66f5db3\artifacts\sig_analysis\ic.pkl,ic.pkl,.pkl,141576
genesis_alpha,fusion_refatorado\models\genesis_alpha\mlruns\904023667381748678\33ca2478a99d44e19451989ba66f5db3\artifacts\sig_analysis\ric.pkl,ric.pkl,.pkl,141576
genesis_alpha,fusion_refatorado\models\genesis_alpha\mlruns\904023667381748678\33ca2478a99d44e19451989ba66f5db3\artifacts\trained_model,trained_model,,255283
genesis_alpha,fusion_refatorado\models\genesis_alpha\mlruns\904023667381748678\33ca2478a99d44e19451989ba66f5db3\meta.yaml,meta.yaml,.yaml,402
genesis_alpha,fusion_refatorado\models\genesis_alpha\mlruns\904023667381748678\33ca2478a99d44e19451989ba66f5db3\metrics\IC,IC,,39
genesis_alpha,fusion_refatorado\models\genesis_alpha\mlruns\904023667381748678\33ca2478a99d44e19451989ba66f5db3\metrics\ICIR,ICIR,,39
genesis_alpha,fusion_refatorado\models\genesis_alpha\mlruns\904023667381748678\33ca2478a99d44e19451989ba66f5db3\metrics\l2.train,l2.train,.train,4810
genesis_alpha,fusion_refatorado\models\genesis_alpha\mlruns\904023667381748678\33ca2478a99d44e19451989ba66f5db3\metrics\l2.valid,l2.valid,.valid,4865
genesis_alpha,fusion_refatorado\models\genesis_alpha\mlruns\904023667381748678\33ca2478a99d44e19451989ba66f5db3\metrics\Rank IC,Rank IC,,39
genesis_alpha,fusion_refatorado\models\genesis_alpha\mlruns\904023667381748678\33ca2478a99d44e19451989ba66f5db3\metrics\Rank ICIR,Rank ICIR,,39
genesis_alpha,fusion_refatorado\models\genesis_alpha\mlruns\904023667381748678\33ca2478a99d44e19451989ba66f5db3\params\cmd-sys.argv,cmd-sys.argv,.argv,64
genesis_alpha,fusion_refatorado\models\genesis_alpha\mlruns\904023667381748678\33ca2478a99d44e19451989ba66f5db3\tags\mlflow.runName,mlflow.runName,.runname,15
genesis_alpha,fusion_refatorado\models\genesis_alpha\mlruns\904023667381748678\33ca2478a99d44e19451989ba66f5db3\tags\mlflow.source.name,mlflow.source.name,.name,64
genesis_alpha,fusion_refatorado\models\genesis_alpha\mlruns\904023667381748678\33ca2478a99d44e19451989ba66f5db3\tags\mlflow.source.type,mlflow.source.type,.type,5
genesis_alpha,fusion_refatorado\models\genesis_alpha\mlruns\904023667381748678\33ca2478a99d44e19451989ba66f5db3\tags\mlflow.user,mlflow.user,.user,5
genesis_alpha,fusion_refatorado\models\genesis_alpha\mlruns\904023667381748678\4615c436d80d492eae45f5f52b93ce3b\artifacts\label.pkl,label.pkl,.pkl,2052094
genesis_alpha,fusion_refatorado\models\genesis_alpha\mlruns\904023667381748678\4615c436d80d492eae45f5f52b93ce3b\artifacts\pred.pkl,pred.pkl,.pkl,2591214
genesis_alpha,fusion_refatorado\models\genesis_alpha\mlruns\904023667381748678\4615c436d80d492eae45f5f52b93ce3b\artifacts\sig_analysis\ic.pkl,ic.pkl,.pkl,141576
genesis_alpha,fusion_refatorado\models\genesis_alpha\mlruns\904023667381748678\4615c436d80d492eae45f5f52b93ce3b\artifacts\sig_analysis\ric.pkl,ric.pkl,.pkl,141576
genesis_alpha,fusion_refatorado\models\genesis_alpha\mlruns\904023667381748678\4615c436d80d492eae45f5f52b93ce3b\artifacts\trained_model,trained_model,,255280
genesis_alpha,fusion_refatorado\models\genesis_alpha\mlruns\904023667381748678\4615c436d80d492eae45f5f52b93ce3b\meta.yaml,meta.yaml,.yaml,402
genesis_alpha,fusion_refatorado\models\genesis_alpha\mlruns\904023667381748678\4615c436d80d492eae45f5f52b93ce3b\metrics\IC,IC,,39
genesis_alpha,fusion_refatorado\models\genesis_alpha\mlruns\904023667381748678\4615c436d80d492eae45f5f52b93ce3b\metrics\ICIR,ICIR,,38
genesis_alpha,fusion_refatorado\models\genesis_alpha\mlruns\904023667381748678\4615c436d80d492eae45f5f52b93ce3b\metrics\l2.train,l2.train,.train,4810
genesis_alpha,fusion_refatorado\models\genesis_alpha\mlruns\904023667381748678\4615c436d80d492eae45f5f52b93ce3b\metrics\l2.valid,l2.valid,.valid,4865
genesis_alpha,fusion_refatorado\models\genesis_alpha\mlruns\904023667381748678\4615c436d80d492eae45f5f52b93ce3b\metrics\Rank IC,Rank IC,,39
genesis_alpha,fusion_refatorado\models\genesis_alpha\mlruns\904023667381748678\4615c436d80d492eae45f5f52b93ce3b\metrics\Rank ICIR,Rank ICIR,,39
genesis_alpha,fusion_refatorado\models\genesis_alpha\mlruns\904023667381748678\4615c436d80d492eae45f5f52b93ce3b\params\cmd-sys.argv,cmd-sys.argv,.argv,64
genesis_alpha,fusion_refatorado\models\genesis_alpha\mlruns\904023667381748678\4615c436d80d492eae45f5f52b93ce3b\tags\mlflow.runName,mlflow.runName,.runname,15
genesis_alpha,fusion_refatorado\models\genesis_alpha\mlruns\904023667381748678\4615c436d80d492eae45f5f52b93ce3b\tags\mlflow.source.name,mlflow.source.name,.name,64
genesis_alpha,fusion_refatorado\models\genesis_alpha\mlruns\904023667381748678\4615c436d80d492eae45f5f52b93ce3b\tags\mlflow.source.type,mlflow.source.type,.type,5
genesis_alpha,fusion_refatorado\models\genesis_alpha\mlruns\904023667381748678\4615c436d80d492eae45f5f52b93ce3b\tags\mlflow.user,mlflow.user,.user,5
genesis_alpha,fusion_refatorado\models\genesis_alpha\mlruns\904023667381748678\49a5debc0d9741849840bd68cbcafddf\artifacts\label.pkl,label.pkl,.pkl,2052094
genesis_alpha,fusion_refatorado\models\genesis_alpha\mlruns\904023667381748678\49a5debc0d9741849840bd68cbcafddf\artifacts\pred.pkl,pred.pkl,.pkl,2591214
genesis_alpha,fusion_refatorado\models\genesis_alpha\mlruns\904023667381748678\49a5debc0d9741849840bd68cbcafddf\artifacts\sig_analysis\ic.pkl,ic.pkl,.pkl,141576
genesis_alpha,fusion_refatorado\models\genesis_alpha\mlruns\904023667381748678\49a5debc0d9741849840bd68cbcafddf\artifacts\sig_analysis\ric.pkl,ric.pkl,.pkl,141576
genesis_alpha,fusion_refatorado\models\genesis_alpha\mlruns\904023667381748678\49a5debc0d9741849840bd68cbcafddf\artifacts\trained_model,trained_model,,255283
genesis_alpha,fusion_refatorado\models\genesis_alpha\mlruns\904023667381748678\49a5debc0d9741849840bd68cbcafddf\meta.yaml,meta.yaml,.yaml,402
genesis_alpha,fusion_refatorado\models\genesis_alpha\mlruns\904023667381748678\49a5debc0d9741849840bd68cbcafddf\metrics\IC,IC,,39
genesis_alpha,fusion_refatorado\models\genesis_alpha\mlruns\904023667381748678\49a5debc0d9741849840bd68cbcafddf\metrics\ICIR,ICIR,,39
genesis_alpha,fusion_refatorado\models\genesis_alpha\mlruns\904023667381748678\49a5debc0d9741849840bd68cbcafddf\metrics\l2.train,l2.train,.train,4810
genesis_alpha,fusion_refatorado\models\genesis_alpha\mlruns\904023667381748678\49a5debc0d9741849840bd68cbcafddf\metrics\l2.valid,l2.valid,.valid,4865
genesis_alpha,fusion_refatorado\models\genesis_alpha\mlruns\904023667381748678\49a5debc0d9741849840bd68cbcafddf\metrics\Rank IC,Rank IC,,39
genesis_alpha,fusion_refatorado\models\genesis_alpha\mlruns\904023667381748678\49a5debc0d9741849840bd68cbcafddf\metrics\Rank ICIR,Rank ICIR,,39
genesis_alpha,fusion_refatorado\models\genesis_alpha\mlruns\904023667381748678\49a5debc0d9741849840bd68cbcafddf\params\cmd-sys.argv,cmd-sys.argv,.argv,64
genesis_alpha,fusion_refatorado\models\genesis_alpha\mlruns\904023667381748678\49a5debc0d9741849840bd68cbcafddf\tags\mlflow.runName,mlflow.runName,.runname,15
genesis_alpha,fusion_refatorado\models\genesis_alpha\mlruns\904023667381748678\49a5debc0d9741849840bd68cbcafddf\tags\mlflow.source.name,mlflow.source.name,.name,64
genesis_alpha,fusion_refatorado\models\genesis_alpha\mlruns\904023667381748678\49a5debc0d9741849840bd68cbcafddf\tags\mlflow.source.type,mlflow.source.type,.type,5
genesis_alpha,fusion_refatorado\models\genesis_alpha\mlruns\904023667381748678\49a5debc0d9741849840bd68cbcafddf\tags\mlflow.user,mlflow.user,.user,5
genesis_alpha,fusion_refatorado\models\genesis_alpha\mlruns\904023667381748678\686e45cee213402caf059e3a93b98959\artifacts\label.pkl,label.pkl,.pkl,2052094
genesis_alpha,fusion_refatorado\models\genesis_alpha\mlruns\904023667381748678\686e45cee213402caf059e3a93b98959\artifacts\pred.pkl,pred.pkl,.pkl,2591214
genesis_alpha,fusion_refatorado\models\genesis_alpha\mlruns\904023667381748678\686e45cee213402caf059e3a93b98959\artifacts\sig_analysis\ic.pkl,ic.pkl,.pkl,141576
genesis_alpha,fusion_refatorado\models\genesis_alpha\mlruns\904023667381748678\686e45cee213402caf059e3a93b98959\artifacts\sig_analysis\ric.pkl,ric.pkl,.pkl,141576
genesis_alpha,fusion_refatorado\models\genesis_alpha\mlruns\904023667381748678\686e45cee213402caf059e3a93b98959\artifacts\trained_model,trained_model,,255280
genesis_alpha,fusion_refatorado\models\genesis_alpha\mlruns\904023667381748678\686e45cee213402caf059e3a93b98959\meta.yaml,meta.yaml,.yaml,402
genesis_alpha,fusion_refatorado\models\genesis_alpha\mlruns\904023667381748678\686e45cee213402caf059e3a93b98959\metrics\IC,IC,,39
genesis_alpha,fusion_refatorado\models\genesis_alpha\mlruns\904023667381748678\686e45cee213402caf059e3a93b98959\metrics\ICIR,ICIR,,38
genesis_alpha,fusion_refatorado\models\genesis_alpha\mlruns\904023667381748678\686e45cee213402caf059e3a93b98959\metrics\l2.train,l2.train,.train,4810
genesis_alpha,fusion_refatorado\models\genesis_alpha\mlruns\904023667381748678\686e45cee213402caf059e3a93b98959\metrics\l2.valid,l2.valid,.valid,4865
genesis_alpha,fusion_refatorado\models\genesis_alpha\mlruns\904023667381748678\686e45cee213402caf059e3a93b98959\metrics\Rank IC,Rank IC,,39
genesis_alpha,fusion_refatorado\models\genesis_alpha\mlruns\904023667381748678\686e45cee213402caf059e3a93b98959\metrics\Rank ICIR,Rank ICIR,,39
genesis_alpha,fusion_refatorado\models\genesis_alpha\mlruns\904023667381748678\686e45cee213402caf059e3a93b98959\params\cmd-sys.argv,cmd-sys.argv,.argv,64
genesis_alpha,fusion_refatorado\models\genesis_alpha\mlruns\904023667381748678\686e45cee213402caf059e3a93b98959\tags\mlflow.runName,mlflow.runName,.runname,15
genesis_alpha,fusion_refatorado\models\genesis_alpha\mlruns\904023667381748678\686e45cee213402caf059e3a93b98959\tags\mlflow.source.name,mlflow.source.name,.name,64
genesis_alpha,fusion_refatorado\models\genesis_alpha\mlruns\904023667381748678\686e45cee213402caf059e3a93b98959\tags\mlflow.source.type,mlflow.source.type,.type,5
genesis_alpha,fusion_refatorado\models\genesis_alpha\mlruns\904023667381748678\686e45cee213402caf059e3a93b98959\tags\mlflow.user,mlflow.user,.user,5
genesis_alpha,fusion_refatorado\models\genesis_alpha\mlruns\904023667381748678\meta.yaml,meta.yaml,.yaml,245
genesis_alpha,fusion_refatorado\data\genesis_alpha\qlib_data\day\calendars\day.txt,day.txt,.txt,15828
genesis_alpha,fusion_refatorado\data\genesis_alpha\qlib_data\day\features\audjpy\close.day.bin,close.day.bin,.bin,5280
genesis_alpha,fusion_refatorado\data\genesis_alpha\qlib_data\day\features\audjpy\high.day.bin,high.day.bin,.bin,5280
genesis_alpha,fusion_refatorado\data\genesis_alpha\qlib_data\day\features\audjpy\low.day.bin,low.day.bin,.bin,5280
genesis_alpha,fusion_refatorado\data\genesis_alpha\qlib_data\day\features\audjpy\open.day.bin,open.day.bin,.bin,5280
genesis_alpha,fusion_refatorado\data\genesis_alpha\qlib_data\day\features\audjpy\volume.day.bin,volume.day.bin,.bin,5280
genesis_alpha,fusion_refatorado\data\genesis_alpha\qlib_data\day\features\audusd\close.day.bin,close.day.bin,.bin,5280
genesis_alpha,fusion_refatorado\data\genesis_alpha\qlib_data\day\features\audusd\high.day.bin,high.day.bin,.bin,5280
genesis_alpha,fusion_refatorado\data\genesis_alpha\qlib_data\day\features\audusd\low.day.bin,low.day.bin,.bin,5280
genesis_alpha,fusion_refatorado\data\genesis_alpha\qlib_data\day\features\audusd\open.day.bin,open.day.bin,.bin,5280
genesis_alpha,fusion_refatorado\data\genesis_alpha\qlib_data\day\features\audusd\volume.day.bin,volume.day.bin,.bin,5280
genesis_alpha,fusion_refatorado\data\genesis_alpha\qlib_data\day\features\chfjpy\close.day.bin,close.day.bin,.bin,5280
genesis_alpha,fusion_refatorado\data\genesis_alpha\qlib_data\day\features\chfjpy\high.day.bin,high.day.bin,.bin,5280
genesis_alpha,fusion_refatorado\data\genesis_alpha\qlib_data\day\features\chfjpy\low.day.bin,low.day.bin,.bin,5280
genesis_alpha,fusion_refatorado\data\genesis_alpha\qlib_data\day\features\chfjpy\open.day.bin,open.day.bin,.bin,5280
genesis_alpha,fusion_refatorado\data\genesis_alpha\qlib_data\day\features\chfjpy\volume.day.bin,volume.day.bin,.bin,5280
genesis_alpha,fusion_refatorado\data\genesis_alpha\qlib_data\day\features\euraud\close.day.bin,close.day.bin,.bin,5280
genesis_alpha,fusion_refatorado\data\genesis_alpha\qlib_data\day\features\euraud\high.day.bin,high.day.bin,.bin,5280
genesis_alpha,fusion_refatorado\data\genesis_alpha\qlib_data\day\features\euraud\low.day.bin,low.day.bin,.bin,5280
genesis_alpha,fusion_refatorado\data\genesis_alpha\qlib_data\day\features\euraud\open.day.bin,open.day.bin,.bin,5280
genesis_alpha,fusion_refatorado\data\genesis_alpha\qlib_data\day\features\euraud\volume.day.bin,volume.day.bin,.bin,5280
genesis_alpha,fusion_refatorado\data\genesis_alpha\qlib_data\day\features\eurcad\close.day.bin,close.day.bin,.bin,5280
genesis_alpha,fusion_refatorado\data\genesis_alpha\qlib_data\day\features\eurcad\high.day.bin,high.day.bin,.bin,5280
genesis_alpha,fusion_refatorado\data\genesis_alpha\qlib_data\day\features\eurcad\low.day.bin,low.day.bin,.bin,5280
genesis_alpha,fusion_refatorado\data\genesis_alpha\qlib_data\day\features\eurcad\open.day.bin,open.day.bin,.bin,5280
genesis_alpha,fusion_refatorado\data\genesis_alpha\qlib_data\day\features\eurcad\volume.day.bin,volume.day.bin,.bin,5280
genesis_alpha,fusion_refatorado\data\genesis_alpha\qlib_data\day\features\eurgbp\close.day.bin,close.day.bin,.bin,5280
genesis_alpha,fusion_refatorado\data\genesis_alpha\qlib_data\day\features\eurgbp\high.day.bin,high.day.bin,.bin,5280
genesis_alpha,fusion_refatorado\data\genesis_alpha\qlib_data\day\features\eurgbp\low.day.bin,low.day.bin,.bin,5280
genesis_alpha,fusion_refatorado\data\genesis_alpha\qlib_data\day\features\eurgbp\open.day.bin,open.day.bin,.bin,5280
genesis_alpha,fusion_refatorado\data\genesis_alpha\qlib_data\day\features\eurgbp\volume.day.bin,volume.day.bin,.bin,5280
genesis_alpha,fusion_refatorado\data\genesis_alpha\qlib_data\day\features\eurjpy\close.day.bin,close.day.bin,.bin,5280
genesis_alpha,fusion_refatorado\data\genesis_alpha\qlib_data\day\features\eurjpy\high.day.bin,high.day.bin,.bin,5280
genesis_alpha,fusion_refatorado\data\genesis_alpha\qlib_data\day\features\eurjpy\low.day.bin,low.day.bin,.bin,5280
genesis_alpha,fusion_refatorado\data\genesis_alpha\qlib_data\day\features\eurjpy\open.day.bin,open.day.bin,.bin,5280
genesis_alpha,fusion_refatorado\data\genesis_alpha\qlib_data\day\features\eurjpy\volume.day.bin,volume.day.bin,.bin,5280
genesis_alpha,fusion_refatorado\data\genesis_alpha\qlib_data\day\features\eurmxn\close.day.bin,close.day.bin,.bin,5280
genesis_alpha,fusion_refatorado\data\genesis_alpha\qlib_data\day\features\eurmxn\high.day.bin,high.day.bin,.bin,5280
genesis_alpha,fusion_refatorado\data\genesis_alpha\qlib_data\day\features\eurmxn\low.day.bin,low.day.bin,.bin,5280
genesis_alpha,fusion_refatorado\data\genesis_alpha\qlib_data\day\features\eurmxn\open.day.bin,open.day.bin,.bin,5280
genesis_alpha,fusion_refatorado\data\genesis_alpha\qlib_data\day\features\eurmxn\volume.day.bin,volume.day.bin,.bin,5280
genesis_alpha,fusion_refatorado\data\genesis_alpha\qlib_data\day\features\eurnok\close.day.bin,close.day.bin,.bin,5280
genesis_alpha,fusion_refatorado\data\genesis_alpha\qlib_data\day\features\eurnok\high.day.bin,high.day.bin,.bin,5280
genesis_alpha,fusion_refatorado\data\genesis_alpha\qlib_data\day\features\eurnok\low.day.bin,low.day.bin,.bin,5280
genesis_alpha,fusion_refatorado\data\genesis_alpha\qlib_data\day\features\eurnok\open.day.bin,open.day.bin,.bin,5280
genesis_alpha,fusion_refatorado\data\genesis_alpha\qlib_data\day\features\eurnok\volume.day.bin,volume.day.bin,.bin,5280
genesis_alpha,fusion_refatorado\data\genesis_alpha\qlib_data\day\features\eursek\close.day.bin,close.day.bin,.bin,5280
genesis_alpha,fusion_refatorado\data\genesis_alpha\qlib_data\day\features\eursek\high.day.bin,high.day.bin,.bin,5280
genesis_alpha,fusion_refatorado\data\genesis_alpha\qlib_data\day\features\eursek\low.day.bin,low.day.bin,.bin,5280
genesis_alpha,fusion_refatorado\data\genesis_alpha\qlib_data\day\features\eursek\open.day.bin,open.day.bin,.bin,5280
genesis_alpha,fusion_refatorado\data\genesis_alpha\qlib_data\day\features\eursek\volume.day.bin,volume.day.bin,.bin,5280
genesis_alpha,fusion_refatorado\data\genesis_alpha\qlib_data\day\features\eurusd\close.day.bin,close.day.bin,.bin,5280
genesis_alpha,fusion_refatorado\data\genesis_alpha\qlib_data\day\features\eurusd\high.day.bin,high.day.bin,.bin,5280
genesis_alpha,fusion_refatorado\data\genesis_alpha\qlib_data\day\features\eurusd\low.day.bin,low.day.bin,.bin,5280
genesis_alpha,fusion_refatorado\data\genesis_alpha\qlib_data\day\features\eurusd\open.day.bin,open.day.bin,.bin,5280
genesis_alpha,fusion_refatorado\data\genesis_alpha\qlib_data\day\features\eurusd\volume.day.bin,volume.day.bin,.bin,5280
genesis_alpha,fusion_refatorado\data\genesis_alpha\qlib_data\day\features\gbpjpy\close.day.bin,close.day.bin,.bin,5280
genesis_alpha,fusion_refatorado\data\genesis_alpha\qlib_data\day\features\gbpjpy\high.day.bin,high.day.bin,.bin,5280
genesis_alpha,fusion_refatorado\data\genesis_alpha\qlib_data\day\features\gbpjpy\low.day.bin,low.day.bin,.bin,5280
genesis_alpha,fusion_refatorado\data\genesis_alpha\qlib_data\day\features\gbpjpy\open.day.bin,open.day.bin,.bin,5280
genesis_alpha,fusion_refatorado\data\genesis_alpha\qlib_data\day\features\gbpjpy\volume.day.bin,volume.day.bin,.bin,5280
genesis_alpha,fusion_refatorado\data\genesis_alpha\qlib_data\day\features\gbpusd\close.day.bin,close.day.bin,.bin,5280
genesis_alpha,fusion_refatorado\data\genesis_alpha\qlib_data\day\features\gbpusd\high.day.bin,high.day.bin,.bin,5280
genesis_alpha,fusion_refatorado\data\genesis_alpha\qlib_data\day\features\gbpusd\low.day.bin,low.day.bin,.bin,5280
genesis_alpha,fusion_refatorado\data\genesis_alpha\qlib_data\day\features\gbpusd\open.day.bin,open.day.bin,.bin,5280
genesis_alpha,fusion_refatorado\data\genesis_alpha\qlib_data\day\features\gbpusd\volume.day.bin,volume.day.bin,.bin,5280
genesis_alpha,fusion_refatorado\data\genesis_alpha\qlib_data\day\features\nzdusd\close.day.bin,close.day.bin,.bin,5280
genesis_alpha,fusion_refatorado\data\genesis_alpha\qlib_data\day\features\nzdusd\high.day.bin,high.day.bin,.bin,5280
genesis_alpha,fusion_refatorado\data\genesis_alpha\qlib_data\day\features\nzdusd\low.day.bin,low.day.bin,.bin,5280
genesis_alpha,fusion_refatorado\data\genesis_alpha\qlib_data\day\features\nzdusd\open.day.bin,open.day.bin,.bin,5280
genesis_alpha,fusion_refatorado\data\genesis_alpha\qlib_data\day\features\nzdusd\volume.day.bin,volume.day.bin,.bin,5280
genesis_alpha,fusion_refatorado\data\genesis_alpha\qlib_data\day\features\usdcad\close.day.bin,close.day.bin,.bin,5280
genesis_alpha,fusion_refatorado\data\genesis_alpha\qlib_data\day\features\usdcad\high.day.bin,high.day.bin,.bin,5280
genesis_alpha,fusion_refatorado\data\genesis_alpha\qlib_data\day\features\usdcad\low.day.bin,low.day.bin,.bin,5280
genesis_alpha,fusion_refatorado\data\genesis_alpha\qlib_data\day\features\usdcad\open.day.bin,open.day.bin,.bin,5280
genesis_alpha,fusion_refatorado\data\genesis_alpha\qlib_data\day\features\usdcad\volume.day.bin,volume.day.bin,.bin,5280
genesis_alpha,fusion_refatorado\data\genesis_alpha\qlib_data\day\features\usdchf\close.day.bin,close.day.bin,.bin,5280
genesis_alpha,fusion_refatorado\data\genesis_alpha\qlib_data\day\features\usdchf\high.day.bin,high.day.bin,.bin,5280
genesis_alpha,fusion_refatorado\data\genesis_alpha\qlib_data\day\features\usdchf\low.day.bin,low.day.bin,.bin,5280
genesis_alpha,fusion_refatorado\data\genesis_alpha\qlib_data\day\features\usdchf\open.day.bin,open.day.bin,.bin,5280
genesis_alpha,fusion_refatorado\data\genesis_alpha\qlib_data\day\features\usdchf\volume.day.bin,volume.day.bin,.bin,5280
genesis_alpha,fusion_refatorado\data\genesis_alpha\qlib_data\day\features\usdhkd\close.day.bin,close.day.bin,.bin,5280
genesis_alpha,fusion_refatorado\data\genesis_alpha\qlib_data\day\features\usdhkd\high.day.bin,high.day.bin,.bin,5280
genesis_alpha,fusion_refatorado\data\genesis_alpha\qlib_data\day\features\usdhkd\low.day.bin,low.day.bin,.bin,5280
genesis_alpha,fusion_refatorado\data\genesis_alpha\qlib_data\day\features\usdhkd\open.day.bin,open.day.bin,.bin,5280
genesis_alpha,fusion_refatorado\data\genesis_alpha\qlib_data\day\features\usdhkd\volume.day.bin,volume.day.bin,.bin,5280
genesis_alpha,fusion_refatorado\data\genesis_alpha\qlib_data\day\features\usdjpy\close.day.bin,close.day.bin,.bin,5280
genesis_alpha,fusion_refatorado\data\genesis_alpha\qlib_data\day\features\usdjpy\high.day.bin,high.day.bin,.bin,5280
genesis_alpha,fusion_refatorado\data\genesis_alpha\qlib_data\day\features\usdjpy\low.day.bin,low.day.bin,.bin,5280
genesis_alpha,fusion_refatorado\data\genesis_alpha\qlib_data\day\features\usdjpy\open.day.bin,open.day.bin,.bin,5280
genesis_alpha,fusion_refatorado\data\genesis_alpha\qlib_data\day\features\usdjpy\volume.day.bin,volume.day.bin,.bin,5280
genesis_alpha,fusion_refatorado\data\genesis_alpha\qlib_data\day\features\usdmxn\close.day.bin,close.day.bin,.bin,5280
genesis_alpha,fusion_refatorado\data\genesis_alpha\qlib_data\day\features\usdmxn\high.day.bin,high.day.bin,.bin,5280
genesis_alpha,fusion_refatorado\data\genesis_alpha\qlib_data\day\features\usdmxn\low.day.bin,low.day.bin,.bin,5280
genesis_alpha,fusion_refatorado\data\genesis_alpha\qlib_data\day\features\usdmxn\open.day.bin,open.day.bin,.bin,5280
genesis_alpha,fusion_refatorado\data\genesis_alpha\qlib_data\day\features\usdmxn\volume.day.bin,volume.day.bin,.bin,5280
genesis_alpha,fusion_refatorado\data\genesis_alpha\qlib_data\day\features\usdnok\close.day.bin,close.day.bin,.bin,5280
genesis_alpha,fusion_refatorado\data\genesis_alpha\qlib_data\day\features\usdnok\high.day.bin,high.day.bin,.bin,5280
genesis_alpha,fusion_refatorado\data\genesis_alpha\qlib_data\day\features\usdnok\low.day.bin,low.day.bin,.bin,5280
genesis_alpha,fusion_refatorado\data\genesis_alpha\qlib_data\day\features\usdnok\open.day.bin,open.day.bin,.bin,5280
genesis_alpha,fusion_refatorado\data\genesis_alpha\qlib_data\day\features\usdnok\volume.day.bin,volume.day.bin,.bin,5280
genesis_alpha,fusion_refatorado\data\genesis_alpha\qlib_data\day\features\usdpln\close.day.bin,close.day.bin,.bin,5280
genesis_alpha,fusion_refatorado\data\genesis_alpha\qlib_data\day\features\usdpln\high.day.bin,high.day.bin,.bin,5280
genesis_alpha,fusion_refatorado\data\genesis_alpha\qlib_data\day\features\usdpln\low.day.bin,low.day.bin,.bin,5280
genesis_alpha,fusion_refatorado\data\genesis_alpha\qlib_data\day\features\usdpln\open.day.bin,open.day.bin,.bin,5280
genesis_alpha,fusion_refatorado\data\genesis_alpha\qlib_data\day\features\usdpln\volume.day.bin,volume.day.bin,.bin,5280
genesis_alpha,fusion_refatorado\data\genesis_alpha\qlib_data\day\features\usdsek\close.day.bin,close.day.bin,.bin,5280
genesis_alpha,fusion_refatorado\data\genesis_alpha\qlib_data\day\features\usdsek\high.day.bin,high.day.bin,.bin,5280
genesis_alpha,fusion_refatorado\data\genesis_alpha\qlib_data\day\features\usdsek\low.day.bin,low.day.bin,.bin,5280
genesis_alpha,fusion_refatorado\data\genesis_alpha\qlib_data\day\features\usdsek\open.day.bin,open.day.bin,.bin,5280
genesis_alpha,fusion_refatorado\data\genesis_alpha\qlib_data\day\features\usdsek\volume.day.bin,volume.day.bin,.bin,5280
genesis_alpha,fusion_refatorado\data\genesis_alpha\qlib_data\day\features\usdsgd\close.day.bin,close.day.bin,.bin,5280
genesis_alpha,fusion_refatorado\data\genesis_alpha\qlib_data\day\features\usdsgd\high.day.bin,high.day.bin,.bin,5280
genesis_alpha,fusion_refatorado\data\genesis_alpha\qlib_data\day\features\usdsgd\low.day.bin,low.day.bin,.bin,5280
genesis_alpha,fusion_refatorado\data\genesis_alpha\qlib_data\day\features\usdsgd\open.day.bin,open.day.bin,.bin,5280
genesis_alpha,fusion_refatorado\data\genesis_alpha\qlib_data\day\features\usdsgd\volume.day.bin,volume.day.bin,.bin,5280
genesis_alpha,fusion_refatorado\data\genesis_alpha\qlib_data\day\instruments\all.txt,all.txt,.txt,690
genesis_alpha,fusion_refatorado\data\genesis_alpha\qlib_data\FUSED\calendars\15min.txt,15min.txt,.txt,2205504
genesis_alpha,fusion_refatorado\data\genesis_alpha\qlib_data\FUSED\features\audjpy\dist_ema_d1.15min.bin,dist_ema_d1.15min.bin,.bin,420100
genesis_alpha,fusion_refatorado\data\genesis_alpha\qlib_data\FUSED\features\audjpy\dist_ema_h1.15min.bin,dist_ema_h1.15min.bin,.bin,420100
genesis_alpha,fusion_refatorado\data\genesis_alpha\qlib_data\FUSED\features\audjpy\dist_ema_m15.15min.bin,dist_ema_m15.15min.bin,.bin,420100
genesis_alpha,fusion_refatorado\data\genesis_alpha\qlib_data\FUSED\features\audjpy\range_d1.15min.bin,range_d1.15min.bin,.bin,420100
genesis_alpha,fusion_refatorado\data\genesis_alpha\qlib_data\FUSED\features\audjpy\range_h1.15min.bin,range_h1.15min.bin,.bin,420100
genesis_alpha,fusion_refatorado\data\genesis_alpha\qlib_data\FUSED\features\audjpy\range_m15.15min.bin,range_m15.15min.bin,.bin,420100
genesis_alpha,fusion_refatorado\data\genesis_alpha\qlib_data\FUSED\features\audjpy\ret_d1.15min.bin,ret_d1.15min.bin,.bin,420100
genesis_alpha,fusion_refatorado\data\genesis_alpha\qlib_data\FUSED\features\audjpy\ret_h1.15min.bin,ret_h1.15min.bin,.bin,420100
genesis_alpha,fusion_refatorado\data\genesis_alpha\qlib_data\FUSED\features\audjpy\ret_m15.15min.bin,ret_m15.15min.bin,.bin,420100
genesis_alpha,fusion_refatorado\data\genesis_alpha\qlib_data\FUSED\features\audjpy\rsi_d1.15min.bin,rsi_d1.15min.bin,.bin,420100
genesis_alpha,fusion_refatorado\data\genesis_alpha\qlib_data\FUSED\features\audjpy\rsi_h1.15min.bin,rsi_h1.15min.bin,.bin,420100
genesis_alpha,fusion_refatorado\data\genesis_alpha\qlib_data\FUSED\features\audjpy\rsi_m15.15min.bin,rsi_m15.15min.bin,.bin,420100
genesis_alpha,fusion_refatorado\data\genesis_alpha\qlib_data\FUSED\features\audjpy\trend_alignment.15min.bin,trend_alignment.15min.bin,.bin,420100
genesis_alpha,fusion_refatorado\data\genesis_alpha\qlib_data\FUSED\features\audusd\dist_ema_d1.15min.bin,dist_ema_d1.15min.bin,.bin,420100
genesis_alpha,fusion_refatorado\data\genesis_alpha\qlib_data\FUSED\features\audusd\dist_ema_h1.15min.bin,dist_ema_h1.15min.bin,.bin,420100
genesis_alpha,fusion_refatorado\data\genesis_alpha\qlib_data\FUSED\features\audusd\dist_ema_m15.15min.bin,dist_ema_m15.15min.bin,.bin,420100
genesis_alpha,fusion_refatorado\data\genesis_alpha\qlib_data\FUSED\features\audusd\range_d1.15min.bin,range_d1.15min.bin,.bin,420100
genesis_alpha,fusion_refatorado\data\genesis_alpha\qlib_data\FUSED\features\audusd\range_h1.15min.bin,range_h1.15min.bin,.bin,420100
genesis_alpha,fusion_refatorado\data\genesis_alpha\qlib_data\FUSED\features\audusd\range_m15.15min.bin,range_m15.15min.bin,.bin,420100
genesis_alpha,fusion_refatorado\data\genesis_alpha\qlib_data\FUSED\features\audusd\ret_d1.15min.bin,ret_d1.15min.bin,.bin,420100
genesis_alpha,fusion_refatorado\data\genesis_alpha\qlib_data\FUSED\features\audusd\ret_h1.15min.bin,ret_h1.15min.bin,.bin,420100
genesis_alpha,fusion_refatorado\data\genesis_alpha\qlib_data\FUSED\features\audusd\ret_m15.15min.bin,ret_m15.15min.bin,.bin,420100
genesis_alpha,fusion_refatorado\data\genesis_alpha\qlib_data\FUSED\features\audusd\rsi_d1.15min.bin,rsi_d1.15min.bin,.bin,420100
genesis_alpha,fusion_refatorado\data\genesis_alpha\qlib_data\FUSED\features\audusd\rsi_h1.15min.bin,rsi_h1.15min.bin,.bin,420100
genesis_alpha,fusion_refatorado\data\genesis_alpha\qlib_data\FUSED\features\audusd\rsi_m15.15min.bin,rsi_m15.15min.bin,.bin,420100
genesis_alpha,fusion_refatorado\data\genesis_alpha\qlib_data\FUSED\features\audusd\trend_alignment.15min.bin,trend_alignment.15min.bin,.bin,420100
genesis_alpha,fusion_refatorado\data\genesis_alpha\qlib_data\FUSED\features\chfjpy\dist_ema_d1.15min.bin,dist_ema_d1.15min.bin,.bin,420100
genesis_alpha,fusion_refatorado\data\genesis_alpha\qlib_data\FUSED\features\chfjpy\dist_ema_h1.15min.bin,dist_ema_h1.15min.bin,.bin,420100
genesis_alpha,fusion_refatorado\data\genesis_alpha\qlib_data\FUSED\features\chfjpy\dist_ema_m15.15min.bin,dist_ema_m15.15min.bin,.bin,420100
genesis_alpha,fusion_refatorado\data\genesis_alpha\qlib_data\FUSED\features\chfjpy\range_d1.15min.bin,range_d1.15min.bin,.bin,420100
genesis_alpha,fusion_refatorado\data\genesis_alpha\qlib_data\FUSED\features\chfjpy\range_h1.15min.bin,range_h1.15min.bin,.bin,420100
genesis_alpha,fusion_refatorado\data\genesis_alpha\qlib_data\FUSED\features\chfjpy\range_m15.15min.bin,range_m15.15min.bin,.bin,420100
genesis_alpha,fusion_refatorado\data\genesis_alpha\qlib_data\FUSED\features\chfjpy\ret_d1.15min.bin,ret_d1.15min.bin,.bin,420100
genesis_alpha,fusion_refatorado\data\genesis_alpha\qlib_data\FUSED\features\chfjpy\ret_h1.15min.bin,ret_h1.15min.bin,.bin,420100
genesis_alpha,fusion_refatorado\data\genesis_alpha\qlib_data\FUSED\features\chfjpy\ret_m15.15min.bin,ret_m15.15min.bin,.bin,420100
genesis_alpha,fusion_refatorado\data\genesis_alpha\qlib_data\FUSED\features\chfjpy\rsi_d1.15min.bin,rsi_d1.15min.bin,.bin,420100
genesis_alpha,fusion_refatorado\data\genesis_alpha\qlib_data\FUSED\features\chfjpy\rsi_h1.15min.bin,rsi_h1.15min.bin,.bin,420100
genesis_alpha,fusion_refatorado\data\genesis_alpha\qlib_data\FUSED\features\chfjpy\rsi_m15.15min.bin,rsi_m15.15min.bin,.bin,420100
genesis_alpha,fusion_refatorado\data\genesis_alpha\qlib_data\FUSED\features\chfjpy\trend_alignment.15min.bin,trend_alignment.15min.bin,.bin,420100
genesis_alpha,fusion_refatorado\data\genesis_alpha\qlib_data\FUSED\features\euraud\dist_ema_d1.15min.bin,dist_ema_d1.15min.bin,.bin,420100
genesis_alpha,fusion_refatorado\data\genesis_alpha\qlib_data\FUSED\features\euraud\dist_ema_h1.15min.bin,dist_ema_h1.15min.bin,.bin,420100
genesis_alpha,fusion_refatorado\data\genesis_alpha\qlib_data\FUSED\features\euraud\dist_ema_m15.15min.bin,dist_ema_m15.15min.bin,.bin,420100
genesis_alpha,fusion_refatorado\data\genesis_alpha\qlib_data\FUSED\features\euraud\range_d1.15min.bin,range_d1.15min.bin,.bin,420100
genesis_alpha,fusion_refatorado\data\genesis_alpha\qlib_data\FUSED\features\euraud\range_h1.15min.bin,range_h1.15min.bin,.bin,420100
genesis_alpha,fusion_refatorado\data\genesis_alpha\qlib_data\FUSED\features\euraud\range_m15.15min.bin,range_m15.15min.bin,.bin,420100
genesis_alpha,fusion_refatorado\data\genesis_alpha\qlib_data\FUSED\features\euraud\ret_d1.15min.bin,ret_d1.15min.bin,.bin,420100
genesis_alpha,fusion_refatorado\data\genesis_alpha\qlib_data\FUSED\features\euraud\ret_h1.15min.bin,ret_h1.15min.bin,.bin,420100
genesis_alpha,fusion_refatorado\data\genesis_alpha\qlib_data\FUSED\features\euraud\ret_m15.15min.bin,ret_m15.15min.bin,.bin,420100
genesis_alpha,fusion_refatorado\data\genesis_alpha\qlib_data\FUSED\features\euraud\rsi_d1.15min.bin,rsi_d1.15min.bin,.bin,420100
genesis_alpha,fusion_refatorado\data\genesis_alpha\qlib_data\FUSED\features\euraud\rsi_h1.15min.bin,rsi_h1.15min.bin,.bin,420100
genesis_alpha,fusion_refatorado\data\genesis_alpha\qlib_data\FUSED\features\euraud\rsi_m15.15min.bin,rsi_m15.15min.bin,.bin,420100
genesis_alpha,fusion_refatorado\data\genesis_alpha\qlib_data\FUSED\features\euraud\trend_alignment.15min.bin,trend_alignment.15min.bin,.bin,420100
genesis_alpha,fusion_refatorado\data\genesis_alpha\qlib_data\FUSED\features\eurcad\dist_ema_d1.15min.bin,dist_ema_d1.15min.bin,.bin,420100
genesis_alpha,fusion_refatorado\data\genesis_alpha\qlib_data\FUSED\features\eurcad\dist_ema_h1.15min.bin,dist_ema_h1.15min.bin,.bin,420100
genesis_alpha,fusion_refatorado\data\genesis_alpha\qlib_data\FUSED\features\eurcad\dist_ema_m15.15min.bin,dist_ema_m15.15min.bin,.bin,420100
genesis_alpha,fusion_refatorado\data\genesis_alpha\qlib_data\FUSED\features\eurcad\range_d1.15min.bin,range_d1.15min.bin,.bin,420100
genesis_alpha,fusion_refatorado\data\genesis_alpha\qlib_data\FUSED\features\eurcad\range_h1.15min.bin,range_h1.15min.bin,.bin,420100
genesis_alpha,fusion_refatorado\data\genesis_alpha\qlib_data\FUSED\features\eurcad\range_m15.15min.bin,range_m15.15min.bin,.bin,420100
genesis_alpha,fusion_refatorado\data\genesis_alpha\qlib_data\FUSED\features\eurcad\ret_d1.15min.bin,ret_d1.15min.bin,.bin,420100
genesis_alpha,fusion_refatorado\data\genesis_alpha\qlib_data\FUSED\features\eurcad\ret_h1.15min.bin,ret_h1.15min.bin,.bin,420100
genesis_alpha,fusion_refatorado\data\genesis_alpha\qlib_data\FUSED\features\eurcad\ret_m15.15min.bin,ret_m15.15min.bin,.bin,420100
genesis_alpha,fusion_refatorado\data\genesis_alpha\qlib_data\FUSED\features\eurcad\rsi_d1.15min.bin,rsi_d1.15min.bin,.bin,420100
genesis_alpha,fusion_refatorado\data\genesis_alpha\qlib_data\FUSED\features\eurcad\rsi_h1.15min.bin,rsi_h1.15min.bin,.bin,420100
genesis_alpha,fusion_refatorado\data\genesis_alpha\qlib_data\FUSED\features\eurcad\rsi_m15.15min.bin,rsi_m15.15min.bin,.bin,420100
genesis_alpha,fusion_refatorado\data\genesis_alpha\qlib_data\FUSED\features\eurcad\trend_alignment.15min.bin,trend_alignment.15min.bin,.bin,420100
genesis_alpha,fusion_refatorado\data\genesis_alpha\qlib_data\FUSED\features\eurgbp\dist_ema_d1.15min.bin,dist_ema_d1.15min.bin,.bin,420100
genesis_alpha,fusion_refatorado\data\genesis_alpha\qlib_data\FUSED\features\eurgbp\dist_ema_h1.15min.bin,dist_ema_h1.15min.bin,.bin,420100
genesis_alpha,fusion_refatorado\data\genesis_alpha\qlib_data\FUSED\features\eurgbp\dist_ema_m15.15min.bin,dist_ema_m15.15min.bin,.bin,420100
genesis_alpha,fusion_refatorado\data\genesis_alpha\qlib_data\FUSED\features\eurgbp\range_d1.15min.bin,range_d1.15min.bin,.bin,420100
genesis_alpha,fusion_refatorado\data\genesis_alpha\qlib_data\FUSED\features\eurgbp\range_h1.15min.bin,range_h1.15min.bin,.bin,420100
genesis_alpha,fusion_refatorado\data\genesis_alpha\qlib_data\FUSED\features\eurgbp\range_m15.15min.bin,range_m15.15min.bin,.bin,420100
genesis_alpha,fusion_refatorado\data\genesis_alpha\qlib_data\FUSED\features\eurgbp\ret_d1.15min.bin,ret_d1.15min.bin,.bin,420100
genesis_alpha,fusion_refatorado\data\genesis_alpha\qlib_data\FUSED\features\eurgbp\ret_h1.15min.bin,ret_h1.15min.bin,.bin,420100
genesis_alpha,fusion_refatorado\data\genesis_alpha\qlib_data\FUSED\features\eurgbp\ret_m15.15min.bin,ret_m15.15min.bin,.bin,420100
genesis_alpha,fusion_refatorado\data\genesis_alpha\qlib_data\FUSED\features\eurgbp\rsi_d1.15min.bin,rsi_d1.15min.bin,.bin,420100
genesis_alpha,fusion_refatorado\data\genesis_alpha\qlib_data\FUSED\features\eurgbp\rsi_h1.15min.bin,rsi_h1.15min.bin,.bin,420100
genesis_alpha,fusion_refatorado\data\genesis_alpha\qlib_data\FUSED\features\eurgbp\rsi_m15.15min.bin,rsi_m15.15min.bin,.bin,420100
genesis_alpha,fusion_refatorado\data\genesis_alpha\qlib_data\FUSED\features\eurgbp\trend_alignment.15min.bin,trend_alignment.15min.bin,.bin,420100
genesis_alpha,fusion_refatorado\data\genesis_alpha\qlib_data\FUSED\features\eurjpy\dist_ema_d1.15min.bin,dist_ema_d1.15min.bin,.bin,420092
genesis_alpha,fusion_refatorado\data\genesis_alpha\qlib_data\FUSED\features\eurjpy\dist_ema_h1.15min.bin,dist_ema_h1.15min.bin,.bin,420092
genesis_alpha,fusion_refatorado\data\genesis_alpha\qlib_data\FUSED\features\eurjpy\dist_ema_m15.15min.bin,dist_ema_m15.15min.bin,.bin,420092
genesis_alpha,fusion_refatorado\data\genesis_alpha\qlib_data\FUSED\features\eurjpy\range_d1.15min.bin,range_d1.15min.bin,.bin,420092
genesis_alpha,fusion_refatorado\data\genesis_alpha\qlib_data\FUSED\features\eurjpy\range_h1.15min.bin,range_h1.15min.bin,.bin,420092
genesis_alpha,fusion_refatorado\data\genesis_alpha\qlib_data\FUSED\features\eurjpy\range_m15.15min.bin,range_m15.15min.bin,.bin,420092
genesis_alpha,fusion_refatorado\data\genesis_alpha\qlib_data\FUSED\features\eurjpy\ret_d1.15min.bin,ret_d1.15min.bin,.bin,420092
genesis_alpha,fusion_refatorado\data\genesis_alpha\qlib_data\FUSED\features\eurjpy\ret_h1.15min.bin,ret_h1.15min.bin,.bin,420092
genesis_alpha,fusion_refatorado\data\genesis_alpha\qlib_data\FUSED\features\eurjpy\ret_m15.15min.bin,ret_m15.15min.bin,.bin,420092
genesis_alpha,fusion_refatorado\data\genesis_alpha\qlib_data\FUSED\features\eurjpy\rsi_d1.15min.bin,rsi_d1.15min.bin,.bin,420092
genesis_alpha,fusion_refatorado\data\genesis_alpha\qlib_data\FUSED\features\eurjpy\rsi_h1.15min.bin,rsi_h1.15min.bin,.bin,420092
genesis_alpha,fusion_refatorado\data\genesis_alpha\qlib_data\FUSED\features\eurjpy\rsi_m15.15min.bin,rsi_m15.15min.bin,.bin,420092
genesis_alpha,fusion_refatorado\data\genesis_alpha\qlib_data\FUSED\features\eurjpy\trend_alignment.15min.bin,trend_alignment.15min.bin,.bin,420092
genesis_alpha,fusion_refatorado\data\genesis_alpha\qlib_data\FUSED\features\eurmxn\dist_ema_d1.15min.bin,dist_ema_d1.15min.bin,.bin,420100
genesis_alpha,fusion_refatorado\data\genesis_alpha\qlib_data\FUSED\features\eurmxn\dist_ema_h1.15min.bin,dist_ema_h1.15min.bin,.bin,420100
genesis_alpha,fusion_refatorado\data\genesis_alpha\qlib_data\FUSED\features\eurmxn\dist_ema_m15.15min.bin,dist_ema_m15.15min.bin,.bin,420100
genesis_alpha,fusion_refatorado\data\genesis_alpha\qlib_data\FUSED\features\eurmxn\range_d1.15min.bin,range_d1.15min.bin,.bin,420100
genesis_alpha,fusion_refatorado\data\genesis_alpha\qlib_data\FUSED\features\eurmxn\range_h1.15min.bin,range_h1.15min.bin,.bin,420100
genesis_alpha,fusion_refatorado\data\genesis_alpha\qlib_data\FUSED\features\eurmxn\range_m15.15min.bin,range_m15.15min.bin,.bin,420100
genesis_alpha,fusion_refatorado\data\genesis_alpha\qlib_data\FUSED\features\eurmxn\ret_d1.15min.bin,ret_d1.15min.bin,.bin,420100
genesis_alpha,fusion_refatorado\data\genesis_alpha\qlib_data\FUSED\features\eurmxn\ret_h1.15min.bin,ret_h1.15min.bin,.bin,420100
genesis_alpha,fusion_refatorado\data\genesis_alpha\qlib_data\FUSED\features\eurmxn\ret_m15.15min.bin,ret_m15.15min.bin,.bin,420100
genesis_alpha,fusion_refatorado\data\genesis_alpha\qlib_data\FUSED\features\eurmxn\rsi_d1.15min.bin,rsi_d1.15min.bin,.bin,420100
genesis_alpha,fusion_refatorado\data\genesis_alpha\qlib_data\FUSED\features\eurmxn\rsi_h1.15min.bin,rsi_h1.15min.bin,.bin,420100
genesis_alpha,fusion_refatorado\data\genesis_alpha\qlib_data\FUSED\features\eurmxn\rsi_m15.15min.bin,rsi_m15.15min.bin,.bin,420100
genesis_alpha,fusion_refatorado\data\genesis_alpha\qlib_data\FUSED\features\eurmxn\trend_alignment.15min.bin,trend_alignment.15min.bin,.bin,420100
genesis_alpha,fusion_refatorado\data\genesis_alpha\qlib_data\FUSED\features\eurnok\dist_ema_d1.15min.bin,dist_ema_d1.15min.bin,.bin,420100
genesis_alpha,fusion_refatorado\data\genesis_alpha\qlib_data\FUSED\features\eurnok\dist_ema_h1.15min.bin,dist_ema_h1.15min.bin,.bin,420100
genesis_alpha,fusion_refatorado\data\genesis_alpha\qlib_data\FUSED\features\eurnok\dist_ema_m15.15min.bin,dist_ema_m15.15min.bin,.bin,420100
genesis_alpha,fusion_refatorado\data\genesis_alpha\qlib_data\FUSED\features\eurnok\range_d1.15min.bin,range_d1.15min.bin,.bin,420100
genesis_alpha,fusion_refatorado\data\genesis_alpha\qlib_data\FUSED\features\eurnok\range_h1.15min.bin,range_h1.15min.bin,.bin,420100
genesis_alpha,fusion_refatorado\data\genesis_alpha\qlib_data\FUSED\features\eurnok\range_m15.15min.bin,range_m15.15min.bin,.bin,420100
genesis_alpha,fusion_refatorado\data\genesis_alpha\qlib_data\FUSED\features\eurnok\ret_d1.15min.bin,ret_d1.15min.bin,.bin,420100
genesis_alpha,fusion_refatorado\data\genesis_alpha\qlib_data\FUSED\features\eurnok\ret_h1.15min.bin,ret_h1.15min.bin,.bin,420100
genesis_alpha,fusion_refatorado\data\genesis_alpha\qlib_data\FUSED\features\eurnok\ret_m15.15min.bin,ret_m15.15min.bin,.bin,420100
genesis_alpha,fusion_refatorado\data\genesis_alpha\qlib_data\FUSED\features\eurnok\rsi_d1.15min.bin,rsi_d1.15min.bin,.bin,420100
genesis_alpha,fusion_refatorado\data\genesis_alpha\qlib_data\FUSED\features\eurnok\rsi_h1.15min.bin,rsi_h1.15min.bin,.bin,420100
genesis_alpha,fusion_refatorado\data\genesis_alpha\qlib_data\FUSED\features\eurnok\rsi_m15.15min.bin,rsi_m15.15min.bin,.bin,420100
genesis_alpha,fusion_refatorado\data\genesis_alpha\qlib_data\FUSED\features\eurnok\trend_alignment.15min.bin,trend_alignment.15min.bin,.bin,420100
genesis_alpha,fusion_refatorado\data\genesis_alpha\qlib_data\FUSED\features\eursek\dist_ema_d1.15min.bin,dist_ema_d1.15min.bin,.bin,420100
genesis_alpha,fusion_refatorado\data\genesis_alpha\qlib_data\FUSED\features\eursek\dist_ema_h1.15min.bin,dist_ema_h1.15min.bin,.bin,420100
genesis_alpha,fusion_refatorado\data\genesis_alpha\qlib_data\FUSED\features\eursek\dist_ema_m15.15min.bin,dist_ema_m15.15min.bin,.bin,420100
genesis_alpha,fusion_refatorado\data\genesis_alpha\qlib_data\FUSED\features\eursek\range_d1.15min.bin,range_d1.15min.bin,.bin,420100
genesis_alpha,fusion_refatorado\data\genesis_alpha\qlib_data\FUSED\features\eursek\range_h1.15min.bin,range_h1.15min.bin,.bin,420100
genesis_alpha,fusion_refatorado\data\genesis_alpha\qlib_data\FUSED\features\eursek\range_m15.15min.bin,range_m15.15min.bin,.bin,420100
genesis_alpha,fusion_refatorado\data\genesis_alpha\qlib_data\FUSED\features\eursek\ret_d1.15min.bin,ret_d1.15min.bin,.bin,420100
genesis_alpha,fusion_refatorado\data\genesis_alpha\qlib_data\FUSED\features\eursek\ret_h1.15min.bin,ret_h1.15min.bin,.bin,420100
genesis_alpha,fusion_refatorado\data\genesis_alpha\qlib_data\FUSED\features\eursek\ret_m15.15min.bin,ret_m15.15min.bin,.bin,420100
genesis_alpha,fusion_refatorado\data\genesis_alpha\qlib_data\FUSED\features\eursek\rsi_d1.15min.bin,rsi_d1.15min.bin,.bin,420100
genesis_alpha,fusion_refatorado\data\genesis_alpha\qlib_data\FUSED\features\eursek\rsi_h1.15min.bin,rsi_h1.15min.bin,.bin,420100
genesis_alpha,fusion_refatorado\data\genesis_alpha\qlib_data\FUSED\features\eursek\rsi_m15.15min.bin,rsi_m15.15min.bin,.bin,420100
genesis_alpha,fusion_refatorado\data\genesis_alpha\qlib_data\FUSED\features\eursek\trend_alignment.15min.bin,trend_alignment.15min.bin,.bin,420100
genesis_alpha,fusion_refatorado\data\genesis_alpha\qlib_data\FUSED\features\eurusd\dist_ema_d1.15min.bin,dist_ema_d1.15min.bin,.bin,420100
genesis_alpha,fusion_refatorado\data\genesis_alpha\qlib_data\FUSED\features\eurusd\dist_ema_h1.15min.bin,dist_ema_h1.15min.bin,.bin,420100
genesis_alpha,fusion_refatorado\data\genesis_alpha\qlib_data\FUSED\features\eurusd\dist_ema_m15.15min.bin,dist_ema_m15.15min.bin,.bin,420100
genesis_alpha,fusion_refatorado\data\genesis_alpha\qlib_data\FUSED\features\eurusd\range_d1.15min.bin,range_d1.15min.bin,.bin,420100
genesis_alpha,fusion_refatorado\data\genesis_alpha\qlib_data\FUSED\features\eurusd\range_h1.15min.bin,range_h1.15min.bin,.bin,420100
genesis_alpha,fusion_refatorado\data\genesis_alpha\qlib_data\FUSED\features\eurusd\range_m15.15min.bin,range_m15.15min.bin,.bin,0
genesis_alpha,fusion_refatorado\data\genesis_alpha\qlib_data\FUSED\features\eurusd\ret_d1.15min.bin,ret_d1.15min.bin,.bin,420100
genesis_alpha,fusion_refatorado\data\genesis_alpha\qlib_data\FUSED\features\eurusd\ret_h1.15min.bin,ret_h1.15min.bin,.bin,0
genesis_alpha,fusion_refatorado\data\genesis_alpha\qlib_data\FUSED\features\eurusd\ret_m15.15min.bin,ret_m15.15min.bin,.bin,420100
genesis_alpha,fusion_refatorado\data\genesis_alpha\qlib_data\FUSED\features\eurusd\rsi_d1.15min.bin,rsi_d1.15min.bin,.bin,420100
genesis_alpha,fusion_refatorado\data\genesis_alpha\qlib_data\FUSED\features\eurusd\rsi_h1.15min.bin,rsi_h1.15min.bin,.bin,0
genesis_alpha,fusion_refatorado\data\genesis_alpha\qlib_data\FUSED\features\eurusd\rsi_m15.15min.bin,rsi_m15.15min.bin,.bin,420100
genesis_alpha,fusion_refatorado\data\genesis_alpha\qlib_data\FUSED\features\eurusd\trend_alignment.15min.bin,trend_alignment.15min.bin,.bin,420100
genesis_alpha,fusion_refatorado\data\genesis_alpha\qlib_data\FUSED\features\gbpjpy\dist_ema_d1.15min.bin,dist_ema_d1.15min.bin,.bin,420100
genesis_alpha,fusion_refatorado\data\genesis_alpha\qlib_data\FUSED\features\gbpjpy\dist_ema_h1.15min.bin,dist_ema_h1.15min.bin,.bin,420100
genesis_alpha,fusion_refatorado\data\genesis_alpha\qlib_data\FUSED\features\gbpjpy\dist_ema_m15.15min.bin,dist_ema_m15.15min.bin,.bin,420100
genesis_alpha,fusion_refatorado\data\genesis_alpha\qlib_data\FUSED\features\gbpjpy\range_d1.15min.bin,range_d1.15min.bin,.bin,420100
genesis_alpha,fusion_refatorado\data\genesis_alpha\qlib_data\FUSED\features\gbpjpy\range_h1.15min.bin,range_h1.15min.bin,.bin,420100
genesis_alpha,fusion_refatorado\data\genesis_alpha\qlib_data\FUSED\features\gbpjpy\range_m15.15min.bin,range_m15.15min.bin,.bin,420100
genesis_alpha,fusion_refatorado\data\genesis_alpha\qlib_data\FUSED\features\gbpjpy\ret_d1.15min.bin,ret_d1.15min.bin,.bin,420100
genesis_alpha,fusion_refatorado\data\genesis_alpha\qlib_data\FUSED\features\gbpjpy\ret_h1.15min.bin,ret_h1.15min.bin,.bin,420100
genesis_alpha,fusion_refatorado\data\genesis_alpha\qlib_data\FUSED\features\gbpjpy\ret_m15.15min.bin,ret_m15.15min.bin,.bin,420100
genesis_alpha,fusion_refatorado\data\genesis_alpha\qlib_data\FUSED\features\gbpjpy\rsi_d1.15min.bin,rsi_d1.15min.bin,.bin,420100
genesis_alpha,fusion_refatorado\data\genesis_alpha\qlib_data\FUSED\features\gbpjpy\rsi_h1.15min.bin,rsi_h1.15min.bin,.bin,420100
genesis_alpha,fusion_refatorado\data\genesis_alpha\qlib_data\FUSED\features\gbpjpy\rsi_m15.15min.bin,rsi_m15.15min.bin,.bin,420100
genesis_alpha,fusion_refatorado\data\genesis_alpha\qlib_data\FUSED\features\gbpjpy\trend_alignment.15min.bin,trend_alignment.15min.bin,.bin,420100
genesis_alpha,fusion_refatorado\data\genesis_alpha\qlib_data\FUSED\features\gbpusd\dist_ema_d1.15min.bin,dist_ema_d1.15min.bin,.bin,420100
genesis_alpha,fusion_refatorado\data\genesis_alpha\qlib_data\FUSED\features\gbpusd\dist_ema_h1.15min.bin,dist_ema_h1.15min.bin,.bin,420100
genesis_alpha,fusion_refatorado\data\genesis_alpha\qlib_data\FUSED\features\gbpusd\dist_ema_m15.15min.bin,dist_ema_m15.15min.bin,.bin,420100
genesis_alpha,fusion_refatorado\data\genesis_alpha\qlib_data\FUSED\features\gbpusd\range_d1.15min.bin,range_d1.15min.bin,.bin,420100
genesis_alpha,fusion_refatorado\data\genesis_alpha\qlib_data\FUSED\features\gbpusd\range_h1.15min.bin,range_h1.15min.bin,.bin,420100
genesis_alpha,fusion_refatorado\data\genesis_alpha\qlib_data\FUSED\features\gbpusd\range_m15.15min.bin,range_m15.15min.bin,.bin,420100
genesis_alpha,fusion_refatorado\data\genesis_alpha\qlib_data\FUSED\features\gbpusd\ret_d1.15min.bin,ret_d1.15min.bin,.bin,420100
genesis_alpha,fusion_refatorado\data\genesis_alpha\qlib_data\FUSED\features\gbpusd\ret_h1.15min.bin,ret_h1.15min.bin,.bin,420100
genesis_alpha,fusion_refatorado\data\genesis_alpha\qlib_data\FUSED\features\gbpusd\ret_m15.15min.bin,ret_m15.15min.bin,.bin,420100
genesis_alpha,fusion_refatorado\data\genesis_alpha\qlib_data\FUSED\features\gbpusd\rsi_d1.15min.bin,rsi_d1.15min.bin,.bin,420100
genesis_alpha,fusion_refatorado\data\genesis_alpha\qlib_data\FUSED\features\gbpusd\rsi_h1.15min.bin,rsi_h1.15min.bin,.bin,420100
genesis_alpha,fusion_refatorado\data\genesis_alpha\qlib_data\FUSED\features\gbpusd\rsi_m15.15min.bin,rsi_m15.15min.bin,.bin,420100
genesis_alpha,fusion_refatorado\data\genesis_alpha\qlib_data\FUSED\features\gbpusd\trend_alignment.15min.bin,trend_alignment.15min.bin,.bin,420100
genesis_alpha,fusion_refatorado\data\genesis_alpha\qlib_data\FUSED\features\nzdusd\dist_ema_d1.15min.bin,dist_ema_d1.15min.bin,.bin,420096
genesis_alpha,fusion_refatorado\data\genesis_alpha\qlib_data\FUSED\features\nzdusd\dist_ema_h1.15min.bin,dist_ema_h1.15min.bin,.bin,420096
genesis_alpha,fusion_refatorado\data\genesis_alpha\qlib_data\FUSED\features\nzdusd\dist_ema_m15.15min.bin,dist_ema_m15.15min.bin,.bin,420096
genesis_alpha,fusion_refatorado\data\genesis_alpha\qlib_data\FUSED\features\nzdusd\range_d1.15min.bin,range_d1.15min.bin,.bin,420096
genesis_alpha,fusion_refatorado\data\genesis_alpha\qlib_data\FUSED\features\nzdusd\range_h1.15min.bin,range_h1.15min.bin,.bin,420096
genesis_alpha,fusion_refatorado\data\genesis_alpha\qlib_data\FUSED\features\nzdusd\range_m15.15min.bin,range_m15.15min.bin,.bin,420096
genesis_alpha,fusion_refatorado\data\genesis_alpha\qlib_data\FUSED\features\nzdusd\ret_d1.15min.bin,ret_d1.15min.bin,.bin,420096
genesis_alpha,fusion_refatorado\data\genesis_alpha\qlib_data\FUSED\features\nzdusd\ret_h1.15min.bin,ret_h1.15min.bin,.bin,420096
genesis_alpha,fusion_refatorado\data\genesis_alpha\qlib_data\FUSED\features\nzdusd\ret_m15.15min.bin,ret_m15.15min.bin,.bin,420096
genesis_alpha,fusion_refatorado\data\genesis_alpha\qlib_data\FUSED\features\nzdusd\rsi_d1.15min.bin,rsi_d1.15min.bin,.bin,420096
genesis_alpha,fusion_refatorado\data\genesis_alpha\qlib_data\FUSED\features\nzdusd\rsi_h1.15min.bin,rsi_h1.15min.bin,.bin,420096
genesis_alpha,fusion_refatorado\data\genesis_alpha\qlib_data\FUSED\features\nzdusd\rsi_m15.15min.bin,rsi_m15.15min.bin,.bin,420096
genesis_alpha,fusion_refatorado\data\genesis_alpha\qlib_data\FUSED\features\nzdusd\trend_alignment.15min.bin,trend_alignment.15min.bin,.bin,420096
genesis_alpha,fusion_refatorado\data\genesis_alpha\qlib_data\FUSED\features\usdcad\dist_ema_d1.15min.bin,dist_ema_d1.15min.bin,.bin,420100
genesis_alpha,fusion_refatorado\data\genesis_alpha\qlib_data\FUSED\features\usdcad\dist_ema_h1.15min.bin,dist_ema_h1.15min.bin,.bin,420100
genesis_alpha,fusion_refatorado\data\genesis_alpha\qlib_data\FUSED\features\usdcad\dist_ema_m15.15min.bin,dist_ema_m15.15min.bin,.bin,420100
genesis_alpha,fusion_refatorado\data\genesis_alpha\qlib_data\FUSED\features\usdcad\range_d1.15min.bin,range_d1.15min.bin,.bin,0
genesis_alpha,fusion_refatorado\data\genesis_alpha\qlib_data\FUSED\features\usdcad\range_h1.15min.bin,range_h1.15min.bin,.bin,420100
genesis_alpha,fusion_refatorado\data\genesis_alpha\qlib_data\FUSED\features\usdcad\range_m15.15min.bin,range_m15.15min.bin,.bin,420100
genesis_alpha,fusion_refatorado\data\genesis_alpha\qlib_data\FUSED\features\usdcad\ret_d1.15min.bin,ret_d1.15min.bin,.bin,420100
genesis_alpha,fusion_refatorado\data\genesis_alpha\qlib_data\FUSED\features\usdcad\ret_h1.15min.bin,ret_h1.15min.bin,.bin,420100
genesis_alpha,fusion_refatorado\data\genesis_alpha\qlib_data\FUSED\features\usdcad\ret_m15.15min.bin,ret_m15.15min.bin,.bin,420100
genesis_alpha,fusion_refatorado\data\genesis_alpha\qlib_data\FUSED\features\usdcad\rsi_d1.15min.bin,rsi_d1.15min.bin,.bin,420100
genesis_alpha,fusion_refatorado\data\genesis_alpha\qlib_data\FUSED\features\usdcad\rsi_h1.15min.bin,rsi_h1.15min.bin,.bin,420100
genesis_alpha,fusion_refatorado\data\genesis_alpha\qlib_data\FUSED\features\usdcad\rsi_m15.15min.bin,rsi_m15.15min.bin,.bin,420100
genesis_alpha,fusion_refatorado\data\genesis_alpha\qlib_data\FUSED\features\usdcad\trend_alignment.15min.bin,trend_alignment.15min.bin,.bin,420100
genesis_alpha,fusion_refatorado\data\genesis_alpha\qlib_data\FUSED\features\usdchf\dist_ema_d1.15min.bin,dist_ema_d1.15min.bin,.bin,420100
genesis_alpha,fusion_refatorado\data\genesis_alpha\qlib_data\FUSED\features\usdchf\dist_ema_h1.15min.bin,dist_ema_h1.15min.bin,.bin,420100
genesis_alpha,fusion_refatorado\data\genesis_alpha\qlib_data\FUSED\features\usdchf\dist_ema_m15.15min.bin,dist_ema_m15.15min.bin,.bin,420100
genesis_alpha,fusion_refatorado\data\genesis_alpha\qlib_data\FUSED\features\usdchf\range_d1.15min.bin,range_d1.15min.bin,.bin,420100
genesis_alpha,fusion_refatorado\data\genesis_alpha\qlib_data\FUSED\features\usdchf\range_h1.15min.bin,range_h1.15min.bin,.bin,420100
genesis_alpha,fusion_refatorado\data\genesis_alpha\qlib_data\FUSED\features\usdchf\range_m15.15min.bin,range_m15.15min.bin,.bin,420100
genesis_alpha,fusion_refatorado\data\genesis_alpha\qlib_data\FUSED\features\usdchf\ret_d1.15min.bin,ret_d1.15min.bin,.bin,420100
genesis_alpha,fusion_refatorado\data\genesis_alpha\qlib_data\FUSED\features\usdchf\ret_h1.15min.bin,ret_h1.15min.bin,.bin,420100
genesis_alpha,fusion_refatorado\data\genesis_alpha\qlib_data\FUSED\features\usdchf\ret_m15.15min.bin,ret_m15.15min.bin,.bin,420100
genesis_alpha,fusion_refatorado\data\genesis_alpha\qlib_data\FUSED\features\usdchf\rsi_d1.15min.bin,rsi_d1.15min.bin,.bin,420100
genesis_alpha,fusion_refatorado\data\genesis_alpha\qlib_data\FUSED\features\usdchf\rsi_h1.15min.bin,rsi_h1.15min.bin,.bin,420100
genesis_alpha,fusion_refatorado\data\genesis_alpha\qlib_data\FUSED\features\usdchf\rsi_m15.15min.bin,rsi_m15.15min.bin,.bin,420100
genesis_alpha,fusion_refatorado\data\genesis_alpha\qlib_data\FUSED\features\usdchf\trend_alignment.15min.bin,trend_alignment.15min.bin,.bin,420100
genesis_alpha,fusion_refatorado\data\genesis_alpha\qlib_data\FUSED\features\usdhkd\dist_ema_d1.15min.bin,dist_ema_d1.15min.bin,.bin,420100
genesis_alpha,fusion_refatorado\data\genesis_alpha\qlib_data\FUSED\features\usdhkd\dist_ema_h1.15min.bin,dist_ema_h1.15min.bin,.bin,420100
genesis_alpha,fusion_refatorado\data\genesis_alpha\qlib_data\FUSED\features\usdhkd\dist_ema_m15.15min.bin,dist_ema_m15.15min.bin,.bin,420100
genesis_alpha,fusion_refatorado\data\genesis_alpha\qlib_data\FUSED\features\usdhkd\range_d1.15min.bin,range_d1.15min.bin,.bin,420100
genesis_alpha,fusion_refatorado\data\genesis_alpha\qlib_data\FUSED\features\usdhkd\range_h1.15min.bin,range_h1.15min.bin,.bin,420100
genesis_alpha,fusion_refatorado\data\genesis_alpha\qlib_data\FUSED\features\usdhkd\range_m15.15min.bin,range_m15.15min.bin,.bin,420100
genesis_alpha,fusion_refatorado\data\genesis_alpha\qlib_data\FUSED\features\usdhkd\ret_d1.15min.bin,ret_d1.15min.bin,.bin,420100
genesis_alpha,fusion_refatorado\data\genesis_alpha\qlib_data\FUSED\features\usdhkd\ret_h1.15min.bin,ret_h1.15min.bin,.bin,420100
genesis_alpha,fusion_refatorado\data\genesis_alpha\qlib_data\FUSED\features\usdhkd\ret_m15.15min.bin,ret_m15.15min.bin,.bin,420100
genesis_alpha,fusion_refatorado\data\genesis_alpha\qlib_data\FUSED\features\usdhkd\rsi_d1.15min.bin,rsi_d1.15min.bin,.bin,420100
genesis_alpha,fusion_refatorado\data\genesis_alpha\qlib_data\FUSED\features\usdhkd\rsi_h1.15min.bin,rsi_h1.15min.bin,.bin,420100
genesis_alpha,fusion_refatorado\data\genesis_alpha\qlib_data\FUSED\features\usdhkd\rsi_m15.15min.bin,rsi_m15.15min.bin,.bin,420100
genesis_alpha,fusion_refatorado\data\genesis_alpha\qlib_data\FUSED\features\usdhkd\trend_alignment.15min.bin,trend_alignment.15min.bin,.bin,420100
genesis_alpha,fusion_refatorado\data\genesis_alpha\qlib_data\FUSED\features\usdjpy\dist_ema_d1.15min.bin,dist_ema_d1.15min.bin,.bin,420100
genesis_alpha,fusion_refatorado\data\genesis_alpha\qlib_data\FUSED\features\usdjpy\dist_ema_h1.15min.bin,dist_ema_h1.15min.bin,.bin,420100
genesis_alpha,fusion_refatorado\data\genesis_alpha\qlib_data\FUSED\features\usdjpy\dist_ema_m15.15min.bin,dist_ema_m15.15min.bin,.bin,420100
genesis_alpha,fusion_refatorado\data\genesis_alpha\qlib_data\FUSED\features\usdjpy\range_d1.15min.bin,range_d1.15min.bin,.bin,420100
genesis_alpha,fusion_refatorado\data\genesis_alpha\qlib_data\FUSED\features\usdjpy\range_h1.15min.bin,range_h1.15min.bin,.bin,420100
genesis_alpha,fusion_refatorado\data\genesis_alpha\qlib_data\FUSED\features\usdjpy\range_m15.15min.bin,range_m15.15min.bin,.bin,420100
genesis_alpha,fusion_refatorado\data\genesis_alpha\qlib_data\FUSED\features\usdjpy\ret_d1.15min.bin,ret_d1.15min.bin,.bin,420100
genesis_alpha,fusion_refatorado\data\genesis_alpha\qlib_data\FUSED\features\usdjpy\ret_h1.15min.bin,ret_h1.15min.bin,.bin,420100
genesis_alpha,fusion_refatorado\data\genesis_alpha\qlib_data\FUSED\features\usdjpy\ret_m15.15min.bin,ret_m15.15min.bin,.bin,420100
genesis_alpha,fusion_refatorado\data\genesis_alpha\qlib_data\FUSED\features\usdjpy\rsi_d1.15min.bin,rsi_d1.15min.bin,.bin,420100
genesis_alpha,fusion_refatorado\data\genesis_alpha\qlib_data\FUSED\features\usdjpy\rsi_h1.15min.bin,rsi_h1.15min.bin,.bin,420100
genesis_alpha,fusion_refatorado\data\genesis_alpha\qlib_data\FUSED\features\usdjpy\rsi_m15.15min.bin,rsi_m15.15min.bin,.bin,420100
genesis_alpha,fusion_refatorado\data\genesis_alpha\qlib_data\FUSED\features\usdjpy\trend_alignment.15min.bin,trend_alignment.15min.bin,.bin,420100
genesis_alpha,fusion_refatorado\data\genesis_alpha\qlib_data\FUSED\features\usdmxn\dist_ema_d1.15min.bin,dist_ema_d1.15min.bin,.bin,420100
genesis_alpha,fusion_refatorado\data\genesis_alpha\qlib_data\FUSED\features\usdmxn\dist_ema_h1.15min.bin,dist_ema_h1.15min.bin,.bin,420100
genesis_alpha,fusion_refatorado\data\genesis_alpha\qlib_data\FUSED\features\usdmxn\dist_ema_m15.15min.bin,dist_ema_m15.15min.bin,.bin,420100
genesis_alpha,fusion_refatorado\data\genesis_alpha\qlib_data\FUSED\features\usdmxn\range_d1.15min.bin,range_d1.15min.bin,.bin,420100
genesis_alpha,fusion_refatorado\data\genesis_alpha\qlib_data\FUSED\features\usdmxn\range_h1.15min.bin,range_h1.15min.bin,.bin,420100
genesis_alpha,fusion_refatorado\data\genesis_alpha\qlib_data\FUSED\features\usdmxn\range_m15.15min.bin,range_m15.15min.bin,.bin,420100
genesis_alpha,fusion_refatorado\data\genesis_alpha\qlib_data\FUSED\features\usdmxn\ret_d1.15min.bin,ret_d1.15min.bin,.bin,420100
genesis_alpha,fusion_refatorado\data\genesis_alpha\qlib_data\FUSED\features\usdmxn\ret_h1.15min.bin,ret_h1.15min.bin,.bin,420100
genesis_alpha,fusion_refatorado\data\genesis_alpha\qlib_data\FUSED\features\usdmxn\ret_m15.15min.bin,ret_m15.15min.bin,.bin,420100
genesis_alpha,fusion_refatorado\data\genesis_alpha\qlib_data\FUSED\features\usdmxn\rsi_d1.15min.bin,rsi_d1.15min.bin,.bin,420100
genesis_alpha,fusion_refatorado\data\genesis_alpha\qlib_data\FUSED\features\usdmxn\rsi_h1.15min.bin,rsi_h1.15min.bin,.bin,420100
genesis_alpha,fusion_refatorado\data\genesis_alpha\qlib_data\FUSED\features\usdmxn\rsi_m15.15min.bin,rsi_m15.15min.bin,.bin,420100
genesis_alpha,fusion_refatorado\data\genesis_alpha\qlib_data\FUSED\features\usdmxn\trend_alignment.15min.bin,trend_alignment.15min.bin,.bin,420100
genesis_alpha,fusion_refatorado\data\genesis_alpha\qlib_data\FUSED\features\usdnok\dist_ema_d1.15min.bin,dist_ema_d1.15min.bin,.bin,420100
genesis_alpha,fusion_refatorado\data\genesis_alpha\qlib_data\FUSED\features\usdnok\dist_ema_h1.15min.bin,dist_ema_h1.15min.bin,.bin,420100
genesis_alpha,fusion_refatorado\data\genesis_alpha\qlib_data\FUSED\features\usdnok\dist_ema_m15.15min.bin,dist_ema_m15.15min.bin,.bin,420100
genesis_alpha,fusion_refatorado\data\genesis_alpha\qlib_data\FUSED\features\usdnok\range_d1.15min.bin,range_d1.15min.bin,.bin,420100
genesis_alpha,fusion_refatorado\data\genesis_alpha\qlib_data\FUSED\features\usdnok\range_h1.15min.bin,range_h1.15min.bin,.bin,420100
genesis_alpha,fusion_refatorado\data\genesis_alpha\qlib_data\FUSED\features\usdnok\range_m15.15min.bin,range_m15.15min.bin,.bin,420100
genesis_alpha,fusion_refatorado\data\genesis_alpha\qlib_data\FUSED\features\usdnok\ret_d1.15min.bin,ret_d1.15min.bin,.bin,420100
genesis_alpha,fusion_refatorado\data\genesis_alpha\qlib_data\FUSED\features\usdnok\ret_h1.15min.bin,ret_h1.15min.bin,.bin,420100
genesis_alpha,fusion_refatorado\data\genesis_alpha\qlib_data\FUSED\features\usdnok\ret_m15.15min.bin,ret_m15.15min.bin,.bin,420100
genesis_alpha,fusion_refatorado\data\genesis_alpha\qlib_data\FUSED\features\usdnok\rsi_d1.15min.bin,rsi_d1.15min.bin,.bin,420100
genesis_alpha,fusion_refatorado\data\genesis_alpha\qlib_data\FUSED\features\usdnok\rsi_h1.15min.bin,rsi_h1.15min.bin,.bin,420100
genesis_alpha,fusion_refatorado\data\genesis_alpha\qlib_data\FUSED\features\usdnok\rsi_m15.15min.bin,rsi_m15.15min.bin,.bin,420100
genesis_alpha,fusion_refatorado\data\genesis_alpha\qlib_data\FUSED\features\usdnok\trend_alignment.15min.bin,trend_alignment.15min.bin,.bin,420100
genesis_alpha,fusion_refatorado\data\genesis_alpha\qlib_data\FUSED\features\usdpln\dist_ema_d1.15min.bin,dist_ema_d1.15min.bin,.bin,420100
genesis_alpha,fusion_refatorado\data\genesis_alpha\qlib_data\FUSED\features\usdpln\dist_ema_h1.15min.bin,dist_ema_h1.15min.bin,.bin,420100
genesis_alpha,fusion_refatorado\data\genesis_alpha\qlib_data\FUSED\features\usdpln\dist_ema_m15.15min.bin,dist_ema_m15.15min.bin,.bin,420100
genesis_alpha,fusion_refatorado\data\genesis_alpha\qlib_data\FUSED\features\usdpln\range_d1.15min.bin,range_d1.15min.bin,.bin,420100
genesis_alpha,fusion_refatorado\data\genesis_alpha\qlib_data\FUSED\features\usdpln\range_h1.15min.bin,range_h1.15min.bin,.bin,420100
genesis_alpha,fusion_refatorado\data\genesis_alpha\qlib_data\FUSED\features\usdpln\range_m15.15min.bin,range_m15.15min.bin,.bin,420100
genesis_alpha,fusion_refatorado\data\genesis_alpha\qlib_data\FUSED\features\usdpln\ret_d1.15min.bin,ret_d1.15min.bin,.bin,420100
genesis_alpha,fusion_refatorado\data\genesis_alpha\qlib_data\FUSED\features\usdpln\ret_h1.15min.bin,ret_h1.15min.bin,.bin,420100
genesis_alpha,fusion_refatorado\data\genesis_alpha\qlib_data\FUSED\features\usdpln\ret_m15.15min.bin,ret_m15.15min.bin,.bin,420100
genesis_alpha,fusion_refatorado\data\genesis_alpha\qlib_data\FUSED\features\usdpln\rsi_d1.15min.bin,rsi_d1.15min.bin,.bin,420100
genesis_alpha,fusion_refatorado\data\genesis_alpha\qlib_data\FUSED\features\usdpln\rsi_h1.15min.bin,rsi_h1.15min.bin,.bin,420100
genesis_alpha,fusion_refatorado\data\genesis_alpha\qlib_data\FUSED\features\usdpln\rsi_m15.15min.bin,rsi_m15.15min.bin,.bin,420100
genesis_alpha,fusion_refatorado\data\genesis_alpha\qlib_data\FUSED\features\usdpln\trend_alignment.15min.bin,trend_alignment.15min.bin,.bin,420100
genesis_alpha,fusion_refatorado\data\genesis_alpha\qlib_data\FUSED\features\usdsek\dist_ema_d1.15min.bin,dist_ema_d1.15min.bin,.bin,420100
genesis_alpha,fusion_refatorado\data\genesis_alpha\qlib_data\FUSED\features\usdsek\dist_ema_h1.15min.bin,dist_ema_h1.15min.bin,.bin,420100
genesis_alpha,fusion_refatorado\data\genesis_alpha\qlib_data\FUSED\features\usdsek\dist_ema_m15.15min.bin,dist_ema_m15.15min.bin,.bin,420100
genesis_alpha,fusion_refatorado\data\genesis_alpha\qlib_data\FUSED\features\usdsek\range_d1.15min.bin,range_d1.15min.bin,.bin,420100
genesis_alpha,fusion_refatorado\data\genesis_alpha\qlib_data\FUSED\features\usdsek\range_h1.15min.bin,range_h1.15min.bin,.bin,420100
genesis_alpha,fusion_refatorado\data\genesis_alpha\qlib_data\FUSED\features\usdsek\range_m15.15min.bin,range_m15.15min.bin,.bin,420100
genesis_alpha,fusion_refatorado\data\genesis_alpha\qlib_data\FUSED\features\usdsek\ret_d1.15min.bin,ret_d1.15min.bin,.bin,420100
genesis_alpha,fusion_refatorado\data\genesis_alpha\qlib_data\FUSED\features\usdsek\ret_h1.15min.bin,ret_h1.15min.bin,.bin,420100
genesis_alpha,fusion_refatorado\data\genesis_alpha\qlib_data\FUSED\features\usdsek\ret_m15.15min.bin,ret_m15.15min.bin,.bin,420100
genesis_alpha,fusion_refatorado\data\genesis_alpha\qlib_data\FUSED\features\usdsek\rsi_d1.15min.bin,rsi_d1.15min.bin,.bin,420100
genesis_alpha,fusion_refatorado\data\genesis_alpha\qlib_data\FUSED\features\usdsek\rsi_h1.15min.bin,rsi_h1.15min.bin,.bin,420100
genesis_alpha,fusion_refatorado\data\genesis_alpha\qlib_data\FUSED\features\usdsek\rsi_m15.15min.bin,rsi_m15.15min.bin,.bin,420100
genesis_alpha,fusion_refatorado\data\genesis_alpha\qlib_data\FUSED\features\usdsek\trend_alignment.15min.bin,trend_alignment.15min.bin,.bin,420100
genesis_alpha,fusion_refatorado\data\genesis_alpha\qlib_data\FUSED\features\usdsgd\dist_ema_d1.15min.bin,dist_ema_d1.15min.bin,.bin,420100
genesis_alpha,fusion_refatorado\data\genesis_alpha\qlib_data\FUSED\features\usdsgd\dist_ema_h1.15min.bin,dist_ema_h1.15min.bin,.bin,420100
genesis_alpha,fusion_refatorado\data\genesis_alpha\qlib_data\FUSED\features\usdsgd\dist_ema_m15.15min.bin,dist_ema_m15.15min.bin,.bin,420100
genesis_alpha,fusion_refatorado\data\genesis_alpha\qlib_data\FUSED\features\usdsgd\range_d1.15min.bin,range_d1.15min.bin,.bin,420100
genesis_alpha,fusion_refatorado\data\genesis_alpha\qlib_data\FUSED\features\usdsgd\range_h1.15min.bin,range_h1.15min.bin,.bin,420100
genesis_alpha,fusion_refatorado\data\genesis_alpha\qlib_data\FUSED\features\usdsgd\range_m15.15min.bin,range_m15.15min.bin,.bin,420100
genesis_alpha,fusion_refatorado\data\genesis_alpha\qlib_data\FUSED\features\usdsgd\ret_d1.15min.bin,ret_d1.15min.bin,.bin,420100
genesis_alpha,fusion_refatorado\data\genesis_alpha\qlib_data\FUSED\features\usdsgd\ret_h1.15min.bin,ret_h1.15min.bin,.bin,420100
genesis_alpha,fusion_refatorado\data\genesis_alpha\qlib_data\FUSED\features\usdsgd\ret_m15.15min.bin,ret_m15.15min.bin,.bin,420100
genesis_alpha,fusion_refatorado\data\genesis_alpha\qlib_data\FUSED\features\usdsgd\rsi_d1.15min.bin,rsi_d1.15min.bin,.bin,420100
genesis_alpha,fusion_refatorado\data\genesis_alpha\qlib_data\FUSED\features\usdsgd\rsi_h1.15min.bin,rsi_h1.15min.bin,.bin,420100
genesis_alpha,fusion_refatorado\data\genesis_alpha\qlib_data\FUSED\features\usdsgd\rsi_m15.15min.bin,rsi_m15.15min.bin,.bin,420100
genesis_alpha,fusion_refatorado\data\genesis_alpha\qlib_data\FUSED\features\usdsgd\trend_alignment.15min.bin,trend_alignment.15min.bin,.bin,420100
genesis_alpha,fusion_refatorado\data\genesis_alpha\qlib_data\FUSED\instruments\all.txt,all.txt,.txt,1104
genesis_alpha,fusion_refatorado\data\genesis_alpha\qlib_data\h1\calendars\1H.txt,1H.txt,.txt,550872
genesis_alpha,fusion_refatorado\data\genesis_alpha\qlib_data\h1\features\audjpy\close.1H.bin,close.1H.bin,.bin,104932
genesis_alpha,fusion_refatorado\data\genesis_alpha\qlib_data\h1\features\audjpy\high.1H.bin,high.1H.bin,.bin,104932
genesis_alpha,fusion_refatorado\data\genesis_alpha\qlib_data\h1\features\audjpy\low.1H.bin,low.1H.bin,.bin,104932
genesis_alpha,fusion_refatorado\data\genesis_alpha\qlib_data\h1\features\audjpy\open.1H.bin,open.1H.bin,.bin,104932
genesis_alpha,fusion_refatorado\data\genesis_alpha\qlib_data\h1\features\audjpy\volume.1H.bin,volume.1H.bin,.bin,104932
genesis_alpha,fusion_refatorado\data\genesis_alpha\qlib_data\h1\features\audusd\close.1H.bin,close.1H.bin,.bin,104932
genesis_alpha,fusion_refatorado\data\genesis_alpha\qlib_data\h1\features\audusd\high.1H.bin,high.1H.bin,.bin,104932
genesis_alpha,fusion_refatorado\data\genesis_alpha\qlib_data\h1\features\audusd\low.1H.bin,low.1H.bin,.bin,104932
genesis_alpha,fusion_refatorado\data\genesis_alpha\qlib_data\h1\features\audusd\open.1H.bin,open.1H.bin,.bin,104932
genesis_alpha,fusion_refatorado\data\genesis_alpha\qlib_data\h1\features\audusd\volume.1H.bin,volume.1H.bin,.bin,104932
genesis_alpha,fusion_refatorado\data\genesis_alpha\qlib_data\h1\features\chfjpy\close.1H.bin,close.1H.bin,.bin,104932
genesis_alpha,fusion_refatorado\data\genesis_alpha\qlib_data\h1\features\chfjpy\high.1H.bin,high.1H.bin,.bin,104932
genesis_alpha,fusion_refatorado\data\genesis_alpha\qlib_data\h1\features\chfjpy\low.1H.bin,low.1H.bin,.bin,104932
genesis_alpha,fusion_refatorado\data\genesis_alpha\qlib_data\h1\features\chfjpy\open.1H.bin,open.1H.bin,.bin,104932
genesis_alpha,fusion_refatorado\data\genesis_alpha\qlib_data\h1\features\chfjpy\volume.1H.bin,volume.1H.bin,.bin,104932
genesis_alpha,fusion_refatorado\data\genesis_alpha\qlib_data\h1\features\euraud\close.1H.bin,close.1H.bin,.bin,104932
genesis_alpha,fusion_refatorado\data\genesis_alpha\qlib_data\h1\features\euraud\high.1H.bin,high.1H.bin,.bin,104932
genesis_alpha,fusion_refatorado\data\genesis_alpha\qlib_data\h1\features\euraud\low.1H.bin,low.1H.bin,.bin,104932
genesis_alpha,fusion_refatorado\data\genesis_alpha\qlib_data\h1\features\euraud\open.1H.bin,open.1H.bin,.bin,104932
genesis_alpha,fusion_refatorado\data\genesis_alpha\qlib_data\h1\features\euraud\volume.1H.bin,volume.1H.bin,.bin,104932
genesis_alpha,fusion_refatorado\data\genesis_alpha\qlib_data\h1\features\eurcad\close.1H.bin,close.1H.bin,.bin,104932
genesis_alpha,fusion_refatorado\data\genesis_alpha\qlib_data\h1\features\eurcad\high.1H.bin,high.1H.bin,.bin,104932
genesis_alpha,fusion_refatorado\data\genesis_alpha\qlib_data\h1\features\eurcad\low.1H.bin,low.1H.bin,.bin,104932
genesis_alpha,fusion_refatorado\data\genesis_alpha\qlib_data\h1\features\eurcad\open.1H.bin,open.1H.bin,.bin,104932
genesis_alpha,fusion_refatorado\data\genesis_alpha\qlib_data\h1\features\eurcad\volume.1H.bin,volume.1H.bin,.bin,104932
genesis_alpha,fusion_refatorado\data\genesis_alpha\qlib_data\h1\features\eurgbp\close.1H.bin,close.1H.bin,.bin,104932
genesis_alpha,fusion_refatorado\data\genesis_alpha\qlib_data\h1\features\eurgbp\high.1H.bin,high.1H.bin,.bin,104932
genesis_alpha,fusion_refatorado\data\genesis_alpha\qlib_data\h1\features\eurgbp\low.1H.bin,low.1H.bin,.bin,104932
genesis_alpha,fusion_refatorado\data\genesis_alpha\qlib_data\h1\features\eurgbp\open.1H.bin,open.1H.bin,.bin,104932
genesis_alpha,fusion_refatorado\data\genesis_alpha\qlib_data\h1\features\eurgbp\volume.1H.bin,volume.1H.bin,.bin,104932
genesis_alpha,fusion_refatorado\data\genesis_alpha\qlib_data\h1\features\eurjpy\close.1H.bin,close.1H.bin,.bin,104932
genesis_alpha,fusion_refatorado\data\genesis_alpha\qlib_data\h1\features\eurjpy\high.1H.bin,high.1H.bin,.bin,104932
genesis_alpha,fusion_refatorado\data\genesis_alpha\qlib_data\h1\features\eurjpy\low.1H.bin,low.1H.bin,.bin,104932
genesis_alpha,fusion_refatorado\data\genesis_alpha\qlib_data\h1\features\eurjpy\open.1H.bin,open.1H.bin,.bin,104932
genesis_alpha,fusion_refatorado\data\genesis_alpha\qlib_data\h1\features\eurjpy\volume.1H.bin,volume.1H.bin,.bin,104932
genesis_alpha,fusion_refatorado\data\genesis_alpha\qlib_data\h1\features\eurmxn\close.1H.bin,close.1H.bin,.bin,104932
genesis_alpha,fusion_refatorado\data\genesis_alpha\qlib_data\h1\features\eurmxn\high.1H.bin,high.1H.bin,.bin,104932
genesis_alpha,fusion_refatorado\data\genesis_alpha\qlib_data\h1\features\eurmxn\low.1H.bin,low.1H.bin,.bin,104932
genesis_alpha,fusion_refatorado\data\genesis_alpha\qlib_data\h1\features\eurmxn\open.1H.bin,open.1H.bin,.bin,104932
genesis_alpha,fusion_refatorado\data\genesis_alpha\qlib_data\h1\features\eurmxn\volume.1H.bin,volume.1H.bin,.bin,104932
genesis_alpha,fusion_refatorado\data\genesis_alpha\qlib_data\h1\features\eurnok\close.1H.bin,close.1H.bin,.bin,104932
genesis_alpha,fusion_refatorado\data\genesis_alpha\qlib_data\h1\features\eurnok\high.1H.bin,high.1H.bin,.bin,104932
genesis_alpha,fusion_refatorado\data\genesis_alpha\qlib_data\h1\features\eurnok\low.1H.bin,low.1H.bin,.bin,104932
genesis_alpha,fusion_refatorado\data\genesis_alpha\qlib_data\h1\features\eurnok\open.1H.bin,open.1H.bin,.bin,104932
genesis_alpha,fusion_refatorado\data\genesis_alpha\qlib_data\h1\features\eurnok\volume.1H.bin,volume.1H.bin,.bin,104932
genesis_alpha,fusion_refatorado\data\genesis_alpha\qlib_data\h1\features\eursek\close.1H.bin,close.1H.bin,.bin,104932
genesis_alpha,fusion_refatorado\data\genesis_alpha\qlib_data\h1\features\eursek\high.1H.bin,high.1H.bin,.bin,104932
genesis_alpha,fusion_refatorado\data\genesis_alpha\qlib_data\h1\features\eursek\low.1H.bin,low.1H.bin,.bin,104932
genesis_alpha,fusion_refatorado\data\genesis_alpha\qlib_data\h1\features\eursek\open.1H.bin,open.1H.bin,.bin,104932
genesis_alpha,fusion_refatorado\data\genesis_alpha\qlib_data\h1\features\eursek\volume.1H.bin,volume.1H.bin,.bin,104932
genesis_alpha,fusion_refatorado\data\genesis_alpha\qlib_data\h1\features\eurusd\close.1H.bin,close.1H.bin,.bin,104932
genesis_alpha,fusion_refatorado\data\genesis_alpha\qlib_data\h1\features\eurusd\high.1H.bin,high.1H.bin,.bin,104932
genesis_alpha,fusion_refatorado\data\genesis_alpha\qlib_data\h1\features\eurusd\low.1H.bin,low.1H.bin,.bin,104932
genesis_alpha,fusion_refatorado\data\genesis_alpha\qlib_data\h1\features\eurusd\open.1H.bin,open.1H.bin,.bin,104932
genesis_alpha,fusion_refatorado\data\genesis_alpha\qlib_data\h1\features\eurusd\volume.1H.bin,volume.1H.bin,.bin,104932
genesis_alpha,fusion_refatorado\data\genesis_alpha\qlib_data\h1\features\gbpjpy\close.1H.bin,close.1H.bin,.bin,104932
genesis_alpha,fusion_refatorado\data\genesis_alpha\qlib_data\h1\features\gbpjpy\high.1H.bin,high.1H.bin,.bin,104932
genesis_alpha,fusion_refatorado\data\genesis_alpha\qlib_data\h1\features\gbpjpy\low.1H.bin,low.1H.bin,.bin,104932
genesis_alpha,fusion_refatorado\data\genesis_alpha\qlib_data\h1\features\gbpjpy\open.1H.bin,open.1H.bin,.bin,104932
genesis_alpha,fusion_refatorado\data\genesis_alpha\qlib_data\h1\features\gbpjpy\volume.1H.bin,volume.1H.bin,.bin,104932
genesis_alpha,fusion_refatorado\data\genesis_alpha\qlib_data\h1\features\gbpusd\close.1H.bin,close.1H.bin,.bin,104932
genesis_alpha,fusion_refatorado\data\genesis_alpha\qlib_data\h1\features\gbpusd\high.1H.bin,high.1H.bin,.bin,104932
genesis_alpha,fusion_refatorado\data\genesis_alpha\qlib_data\h1\features\gbpusd\low.1H.bin,low.1H.bin,.bin,104932
genesis_alpha,fusion_refatorado\data\genesis_alpha\qlib_data\h1\features\gbpusd\open.1H.bin,open.1H.bin,.bin,104932
genesis_alpha,fusion_refatorado\data\genesis_alpha\qlib_data\h1\features\gbpusd\volume.1H.bin,volume.1H.bin,.bin,104932
genesis_alpha,fusion_refatorado\data\genesis_alpha\qlib_data\h1\features\nzdusd\close.1H.bin,close.1H.bin,.bin,104932
genesis_alpha,fusion_refatorado\data\genesis_alpha\qlib_data\h1\features\nzdusd\high.1H.bin,high.1H.bin,.bin,104932
genesis_alpha,fusion_refatorado\data\genesis_alpha\qlib_data\h1\features\nzdusd\low.1H.bin,low.1H.bin,.bin,104932
genesis_alpha,fusion_refatorado\data\genesis_alpha\qlib_data\h1\features\nzdusd\open.1H.bin,open.1H.bin,.bin,104932
genesis_alpha,fusion_refatorado\data\genesis_alpha\qlib_data\h1\features\nzdusd\volume.1H.bin,volume.1H.bin,.bin,104932
genesis_alpha,fusion_refatorado\data\genesis_alpha\qlib_data\h1\features\usdcad\close.1H.bin,close.1H.bin,.bin,104932
genesis_alpha,fusion_refatorado\data\genesis_alpha\qlib_data\h1\features\usdcad\high.1H.bin,high.1H.bin,.bin,104932
genesis_alpha,fusion_refatorado\data\genesis_alpha\qlib_data\h1\features\usdcad\low.1H.bin,low.1H.bin,.bin,104932
genesis_alpha,fusion_refatorado\data\genesis_alpha\qlib_data\h1\features\usdcad\open.1H.bin,open.1H.bin,.bin,104932
genesis_alpha,fusion_refatorado\data\genesis_alpha\qlib_data\h1\features\usdcad\volume.1H.bin,volume.1H.bin,.bin,104932
genesis_alpha,fusion_refatorado\data\genesis_alpha\qlib_data\h1\features\usdchf\close.1H.bin,close.1H.bin,.bin,104932
genesis_alpha,fusion_refatorado\data\genesis_alpha\qlib_data\h1\features\usdchf\high.1H.bin,high.1H.bin,.bin,104932
genesis_alpha,fusion_refatorado\data\genesis_alpha\qlib_data\h1\features\usdchf\low.1H.bin,low.1H.bin,.bin,104932
genesis_alpha,fusion_refatorado\data\genesis_alpha\qlib_data\h1\features\usdchf\open.1H.bin,open.1H.bin,.bin,104932
genesis_alpha,fusion_refatorado\data\genesis_alpha\qlib_data\h1\features\usdchf\volume.1H.bin,volume.1H.bin,.bin,104932
genesis_alpha,fusion_refatorado\data\genesis_alpha\qlib_data\h1\features\usdhkd\close.1H.bin,close.1H.bin,.bin,104932
genesis_alpha,fusion_refatorado\data\genesis_alpha\qlib_data\h1\features\usdhkd\high.1H.bin,high.1H.bin,.bin,104932
genesis_alpha,fusion_refatorado\data\genesis_alpha\qlib_data\h1\features\usdhkd\low.1H.bin,low.1H.bin,.bin,104932
genesis_alpha,fusion_refatorado\data\genesis_alpha\qlib_data\h1\features\usdhkd\open.1H.bin,open.1H.bin,.bin,104932
genesis_alpha,fusion_refatorado\data\genesis_alpha\qlib_data\h1\features\usdhkd\volume.1H.bin,volume.1H.bin,.bin,104932
genesis_alpha,fusion_refatorado\data\genesis_alpha\qlib_data\h1\features\usdjpy\close.1H.bin,close.1H.bin,.bin,104932
genesis_alpha,fusion_refatorado\data\genesis_alpha\qlib_data\h1\features\usdjpy\high.1H.bin,high.1H.bin,.bin,104932
genesis_alpha,fusion_refatorado\data\genesis_alpha\qlib_data\h1\features\usdjpy\low.1H.bin,low.1H.bin,.bin,104932
genesis_alpha,fusion_refatorado\data\genesis_alpha\qlib_data\h1\features\usdjpy\open.1H.bin,open.1H.bin,.bin,104932
genesis_alpha,fusion_refatorado\data\genesis_alpha\qlib_data\h1\features\usdjpy\volume.1H.bin,volume.1H.bin,.bin,104932
genesis_alpha,fusion_refatorado\data\genesis_alpha\qlib_data\h1\features\usdmxn\close.1H.bin,close.1H.bin,.bin,104932
genesis_alpha,fusion_refatorado\data\genesis_alpha\qlib_data\h1\features\usdmxn\high.1H.bin,high.1H.bin,.bin,104932
genesis_alpha,fusion_refatorado\data\genesis_alpha\qlib_data\h1\features\usdmxn\low.1H.bin,low.1H.bin,.bin,104932
genesis_alpha,fusion_refatorado\data\genesis_alpha\qlib_data\h1\features\usdmxn\open.1H.bin,open.1H.bin,.bin,104932
genesis_alpha,fusion_refatorado\data\genesis_alpha\qlib_data\h1\features\usdmxn\volume.1H.bin,volume.1H.bin,.bin,104932
genesis_alpha,fusion_refatorado\data\genesis_alpha\qlib_data\h1\features\usdnok\close.1H.bin,close.1H.bin,.bin,104932
genesis_alpha,fusion_refatorado\data\genesis_alpha\qlib_data\h1\features\usdnok\high.1H.bin,high.1H.bin,.bin,104932
genesis_alpha,fusion_refatorado\data\genesis_alpha\qlib_data\h1\features\usdnok\low.1H.bin,low.1H.bin,.bin,104932
genesis_alpha,fusion_refatorado\data\genesis_alpha\qlib_data\h1\features\usdnok\open.1H.bin,open.1H.bin,.bin,104932
genesis_alpha,fusion_refatorado\data\genesis_alpha\qlib_data\h1\features\usdnok\volume.1H.bin,volume.1H.bin,.bin,104932
genesis_alpha,fusion_refatorado\data\genesis_alpha\qlib_data\h1\features\usdpln\close.1H.bin,close.1H.bin,.bin,104932
genesis_alpha,fusion_refatorado\data\genesis_alpha\qlib_data\h1\features\usdpln\high.1H.bin,high.1H.bin,.bin,104932
genesis_alpha,fusion_refatorado\data\genesis_alpha\qlib_data\h1\features\usdpln\low.1H.bin,low.1H.bin,.bin,104932
genesis_alpha,fusion_refatorado\data\genesis_alpha\qlib_data\h1\features\usdpln\open.1H.bin,open.1H.bin,.bin,104932
genesis_alpha,fusion_refatorado\data\genesis_alpha\qlib_data\h1\features\usdpln\volume.1H.bin,volume.1H.bin,.bin,104932
genesis_alpha,fusion_refatorado\data\genesis_alpha\qlib_data\h1\features\usdsek\close.1H.bin,close.1H.bin,.bin,104932
genesis_alpha,fusion_refatorado\data\genesis_alpha\qlib_data\h1\features\usdsek\high.1H.bin,high.1H.bin,.bin,104932
genesis_alpha,fusion_refatorado\data\genesis_alpha\qlib_data\h1\features\usdsek\low.1H.bin,low.1H.bin,.bin,104932
genesis_alpha,fusion_refatorado\data\genesis_alpha\qlib_data\h1\features\usdsek\open.1H.bin,open.1H.bin,.bin,104932
genesis_alpha,fusion_refatorado\data\genesis_alpha\qlib_data\h1\features\usdsek\volume.1H.bin,volume.1H.bin,.bin,104932
genesis_alpha,fusion_refatorado\data\genesis_alpha\qlib_data\h1\features\usdsgd\close.1H.bin,close.1H.bin,.bin,104932
genesis_alpha,fusion_refatorado\data\genesis_alpha\qlib_data\h1\features\usdsgd\high.1H.bin,high.1H.bin,.bin,104932
genesis_alpha,fusion_refatorado\data\genesis_alpha\qlib_data\h1\features\usdsgd\low.1H.bin,low.1H.bin,.bin,104932
genesis_alpha,fusion_refatorado\data\genesis_alpha\qlib_data\h1\features\usdsgd\open.1H.bin,open.1H.bin,.bin,0
genesis_alpha,fusion_refatorado\data\genesis_alpha\qlib_data\h1\features\usdsgd\volume.1H.bin,volume.1H.bin,.bin,104932
genesis_alpha,fusion_refatorado\data\genesis_alpha\qlib_data\h1\instruments\all.txt,all.txt,.txt,1104
genesis_alpha,fusion_refatorado\data\genesis_alpha\qlib_data\m15\calendars\15min.txt,15min.txt,.txt,2198637
genesis_alpha,fusion_refatorado\data\genesis_alpha\qlib_data\m15\features\audjpy\close.15min.bin,close.15min.bin,.bin,418792
genesis_alpha,fusion_refatorado\data\genesis_alpha\qlib_data\m15\features\audjpy\high.15min.bin,high.15min.bin,.bin,418792
genesis_alpha,fusion_refatorado\data\genesis_alpha\qlib_data\m15\features\audjpy\low.15min.bin,low.15min.bin,.bin,418792
genesis_alpha,fusion_refatorado\data\genesis_alpha\qlib_data\m15\features\audjpy\open.15min.bin,open.15min.bin,.bin,418792
genesis_alpha,fusion_refatorado\data\genesis_alpha\qlib_data\m15\features\audjpy\volume.15min.bin,volume.15min.bin,.bin,418792
genesis_alpha,fusion_refatorado\data\genesis_alpha\qlib_data\m15\features\audusd\close.15min.bin,close.15min.bin,.bin,418792
genesis_alpha,fusion_refatorado\data\genesis_alpha\qlib_data\m15\features\audusd\high.15min.bin,high.15min.bin,.bin,418792
genesis_alpha,fusion_refatorado\data\genesis_alpha\qlib_data\m15\features\audusd\low.15min.bin,low.15min.bin,.bin,418792
genesis_alpha,fusion_refatorado\data\genesis_alpha\qlib_data\m15\features\audusd\open.15min.bin,open.15min.bin,.bin,418792
genesis_alpha,fusion_refatorado\data\genesis_alpha\qlib_data\m15\features\audusd\volume.15min.bin,volume.15min.bin,.bin,418792
genesis_alpha,fusion_refatorado\data\genesis_alpha\qlib_data\m15\features\chfjpy\close.15min.bin,close.15min.bin,.bin,418792
genesis_alpha,fusion_refatorado\data\genesis_alpha\qlib_data\m15\features\chfjpy\high.15min.bin,high.15min.bin,.bin,418792
genesis_alpha,fusion_refatorado\data\genesis_alpha\qlib_data\m15\features\chfjpy\low.15min.bin,low.15min.bin,.bin,418792
genesis_alpha,fusion_refatorado\data\genesis_alpha\qlib_data\m15\features\chfjpy\open.15min.bin,open.15min.bin,.bin,418792
genesis_alpha,fusion_refatorado\data\genesis_alpha\qlib_data\m15\features\chfjpy\volume.15min.bin,volume.15min.bin,.bin,418792
genesis_alpha,fusion_refatorado\data\genesis_alpha\qlib_data\m15\features\euraud\close.15min.bin,close.15min.bin,.bin,418792
genesis_alpha,fusion_refatorado\data\genesis_alpha\qlib_data\m15\features\euraud\high.15min.bin,high.15min.bin,.bin,418792
genesis_alpha,fusion_refatorado\data\genesis_alpha\qlib_data\m15\features\euraud\low.15min.bin,low.15min.bin,.bin,418792
genesis_alpha,fusion_refatorado\data\genesis_alpha\qlib_data\m15\features\euraud\open.15min.bin,open.15min.bin,.bin,418792
genesis_alpha,fusion_refatorado\data\genesis_alpha\qlib_data\m15\features\euraud\volume.15min.bin,volume.15min.bin,.bin,418792
genesis_alpha,fusion_refatorado\data\genesis_alpha\qlib_data\m15\features\eurcad\close.15min.bin,close.15min.bin,.bin,418792
genesis_alpha,fusion_refatorado\data\genesis_alpha\qlib_data\m15\features\eurcad\high.15min.bin,high.15min.bin,.bin,418792
genesis_alpha,fusion_refatorado\data\genesis_alpha\qlib_data\m15\features\eurcad\low.15min.bin,low.15min.bin,.bin,418792
genesis_alpha,fusion_refatorado\data\genesis_alpha\qlib_data\m15\features\eurcad\open.15min.bin,open.15min.bin,.bin,418792
genesis_alpha,fusion_refatorado\data\genesis_alpha\qlib_data\m15\features\eurcad\volume.15min.bin,volume.15min.bin,.bin,418792
genesis_alpha,fusion_refatorado\data\genesis_alpha\qlib_data\m15\features\eurgbp\close.15min.bin,close.15min.bin,.bin,418792
genesis_alpha,fusion_refatorado\data\genesis_alpha\qlib_data\m15\features\eurgbp\high.15min.bin,high.15min.bin,.bin,418792
genesis_alpha,fusion_refatorado\data\genesis_alpha\qlib_data\m15\features\eurgbp\low.15min.bin,low.15min.bin,.bin,418792
genesis_alpha,fusion_refatorado\data\genesis_alpha\qlib_data\m15\features\eurgbp\open.15min.bin,open.15min.bin,.bin,418792
genesis_alpha,fusion_refatorado\data\genesis_alpha\qlib_data\m15\features\eurgbp\volume.15min.bin,volume.15min.bin,.bin,418792
genesis_alpha,fusion_refatorado\data\genesis_alpha\qlib_data\m15\features\eurjpy\close.15min.bin,close.15min.bin,.bin,418792
genesis_alpha,fusion_refatorado\data\genesis_alpha\qlib_data\m15\features\eurjpy\high.15min.bin,high.15min.bin,.bin,418792
genesis_alpha,fusion_refatorado\data\genesis_alpha\qlib_data\m15\features\eurjpy\low.15min.bin,low.15min.bin,.bin,418792
genesis_alpha,fusion_refatorado\data\genesis_alpha\qlib_data\m15\features\eurjpy\open.15min.bin,open.15min.bin,.bin,418792
genesis_alpha,fusion_refatorado\data\genesis_alpha\qlib_data\m15\features\eurjpy\volume.15min.bin,volume.15min.bin,.bin,418792
genesis_alpha,fusion_refatorado\data\genesis_alpha\qlib_data\m15\features\eurmxn\close.15min.bin,close.15min.bin,.bin,418792
genesis_alpha,fusion_refatorado\data\genesis_alpha\qlib_data\m15\features\eurmxn\high.15min.bin,high.15min.bin,.bin,418792
genesis_alpha,fusion_refatorado\data\genesis_alpha\qlib_data\m15\features\eurmxn\low.15min.bin,low.15min.bin,.bin,418792
genesis_alpha,fusion_refatorado\data\genesis_alpha\qlib_data\m15\features\eurmxn\open.15min.bin,open.15min.bin,.bin,418792
genesis_alpha,fusion_refatorado\data\genesis_alpha\qlib_data\m15\features\eurmxn\volume.15min.bin,volume.15min.bin,.bin,418792
genesis_alpha,fusion_refatorado\data\genesis_alpha\qlib_data\m15\features\eurnok\close.15min.bin,close.15min.bin,.bin,418792
genesis_alpha,fusion_refatorado\data\genesis_alpha\qlib_data\m15\features\eurnok\high.15min.bin,high.15min.bin,.bin,418792
genesis_alpha,fusion_refatorado\data\genesis_alpha\qlib_data\m15\features\eurnok\low.15min.bin,low.15min.bin,.bin,418792
genesis_alpha,fusion_refatorado\data\genesis_alpha\qlib_data\m15\features\eurnok\open.15min.bin,open.15min.bin,.bin,418792
genesis_alpha,fusion_refatorado\data\genesis_alpha\qlib_data\m15\features\eurnok\volume.15min.bin,volume.15min.bin,.bin,418792
genesis_alpha,fusion_refatorado\data\genesis_alpha\qlib_data\m15\features\eursek\close.15min.bin,close.15min.bin,.bin,418792
genesis_alpha,fusion_refatorado\data\genesis_alpha\qlib_data\m15\features\eursek\high.15min.bin,high.15min.bin,.bin,418792
genesis_alpha,fusion_refatorado\data\genesis_alpha\qlib_data\m15\features\eursek\low.15min.bin,low.15min.bin,.bin,418792
genesis_alpha,fusion_refatorado\data\genesis_alpha\qlib_data\m15\features\eursek\open.15min.bin,open.15min.bin,.bin,418792
genesis_alpha,fusion_refatorado\data\genesis_alpha\qlib_data\m15\features\eursek\volume.15min.bin,volume.15min.bin,.bin,418792
genesis_alpha,fusion_refatorado\data\genesis_alpha\qlib_data\m15\features\eurusd\close.15min.bin,close.15min.bin,.bin,418792
genesis_alpha,fusion_refatorado\data\genesis_alpha\qlib_data\m15\features\eurusd\high.15min.bin,high.15min.bin,.bin,418792
genesis_alpha,fusion_refatorado\data\genesis_alpha\qlib_data\m15\features\eurusd\low.15min.bin,low.15min.bin,.bin,418792
genesis_alpha,fusion_refatorado\data\genesis_alpha\qlib_data\m15\features\eurusd\open.15min.bin,open.15min.bin,.bin,418792
genesis_alpha,fusion_refatorado\data\genesis_alpha\qlib_data\m15\features\eurusd\volume.15min.bin,volume.15min.bin,.bin,418792
genesis_alpha,fusion_refatorado\data\genesis_alpha\qlib_data\m15\features\gbpjpy\close.15min.bin,close.15min.bin,.bin,418792
genesis_alpha,fusion_refatorado\data\genesis_alpha\qlib_data\m15\features\gbpjpy\high.15min.bin,high.15min.bin,.bin,418792
genesis_alpha,fusion_refatorado\data\genesis_alpha\qlib_data\m15\features\gbpjpy\low.15min.bin,low.15min.bin,.bin,418792
genesis_alpha,fusion_refatorado\data\genesis_alpha\qlib_data\m15\features\gbpjpy\open.15min.bin,open.15min.bin,.bin,418792
genesis_alpha,fusion_refatorado\data\genesis_alpha\qlib_data\m15\features\gbpjpy\volume.15min.bin,volume.15min.bin,.bin,418792
genesis_alpha,fusion_refatorado\data\genesis_alpha\qlib_data\m15\features\gbpusd\close.15min.bin,close.15min.bin,.bin,418792
genesis_alpha,fusion_refatorado\data\genesis_alpha\qlib_data\m15\features\gbpusd\high.15min.bin,high.15min.bin,.bin,418792
genesis_alpha,fusion_refatorado\data\genesis_alpha\qlib_data\m15\features\gbpusd\low.15min.bin,low.15min.bin,.bin,418792
genesis_alpha,fusion_refatorado\data\genesis_alpha\qlib_data\m15\features\gbpusd\open.15min.bin,open.15min.bin,.bin,418792
genesis_alpha,fusion_refatorado\data\genesis_alpha\qlib_data\m15\features\gbpusd\volume.15min.bin,volume.15min.bin,.bin,418792
genesis_alpha,fusion_refatorado\data\genesis_alpha\qlib_data\m15\features\nzdusd\close.15min.bin,close.15min.bin,.bin,418792
genesis_alpha,fusion_refatorado\data\genesis_alpha\qlib_data\m15\features\nzdusd\high.15min.bin,high.15min.bin,.bin,418792
genesis_alpha,fusion_refatorado\data\genesis_alpha\qlib_data\m15\features\nzdusd\low.15min.bin,low.15min.bin,.bin,418792
genesis_alpha,fusion_refatorado\data\genesis_alpha\qlib_data\m15\features\nzdusd\open.15min.bin,open.15min.bin,.bin,418792
genesis_alpha,fusion_refatorado\data\genesis_alpha\qlib_data\m15\features\nzdusd\volume.15min.bin,volume.15min.bin,.bin,418792
genesis_alpha,fusion_refatorado\data\genesis_alpha\qlib_data\m15\features\usdcad\close.15min.bin,close.15min.bin,.bin,418792
genesis_alpha,fusion_refatorado\data\genesis_alpha\qlib_data\m15\features\usdcad\high.15min.bin,high.15min.bin,.bin,418792
genesis_alpha,fusion_refatorado\data\genesis_alpha\qlib_data\m15\features\usdcad\low.15min.bin,low.15min.bin,.bin,418792
genesis_alpha,fusion_refatorado\data\genesis_alpha\qlib_data\m15\features\usdcad\open.15min.bin,open.15min.bin,.bin,418792
genesis_alpha,fusion_refatorado\data\genesis_alpha\qlib_data\m15\features\usdcad\volume.15min.bin,volume.15min.bin,.bin,418792
genesis_alpha,fusion_refatorado\data\genesis_alpha\qlib_data\m15\features\usdchf\close.15min.bin,close.15min.bin,.bin,418792
genesis_alpha,fusion_refatorado\data\genesis_alpha\qlib_data\m15\features\usdchf\high.15min.bin,high.15min.bin,.bin,418792
genesis_alpha,fusion_refatorado\data\genesis_alpha\qlib_data\m15\features\usdchf\low.15min.bin,low.15min.bin,.bin,418792
genesis_alpha,fusion_refatorado\data\genesis_alpha\qlib_data\m15\features\usdchf\open.15min.bin,open.15min.bin,.bin,418792
genesis_alpha,fusion_refatorado\data\genesis_alpha\qlib_data\m15\features\usdchf\volume.15min.bin,volume.15min.bin,.bin,418792
genesis_alpha,fusion_refatorado\data\genesis_alpha\qlib_data\m15\features\usdhkd\close.15min.bin,close.15min.bin,.bin,418792
genesis_alpha,fusion_refatorado\data\genesis_alpha\qlib_data\m15\features\usdhkd\high.15min.bin,high.15min.bin,.bin,418792
genesis_alpha,fusion_refatorado\data\genesis_alpha\qlib_data\m15\features\usdhkd\low.15min.bin,low.15min.bin,.bin,418792
genesis_alpha,fusion_refatorado\data\genesis_alpha\qlib_data\m15\features\usdhkd\open.15min.bin,open.15min.bin,.bin,418792
genesis_alpha,fusion_refatorado\data\genesis_alpha\qlib_data\m15\features\usdhkd\volume.15min.bin,volume.15min.bin,.bin,418792
genesis_alpha,fusion_refatorado\data\genesis_alpha\qlib_data\m15\features\usdjpy\close.15min.bin,close.15min.bin,.bin,418792
genesis_alpha,fusion_refatorado\data\genesis_alpha\qlib_data\m15\features\usdjpy\high.15min.bin,high.15min.bin,.bin,418792
genesis_alpha,fusion_refatorado\data\genesis_alpha\qlib_data\m15\features\usdjpy\low.15min.bin,low.15min.bin,.bin,418792
genesis_alpha,fusion_refatorado\data\genesis_alpha\qlib_data\m15\features\usdjpy\open.15min.bin,open.15min.bin,.bin,418792
genesis_alpha,fusion_refatorado\data\genesis_alpha\qlib_data\m15\features\usdjpy\volume.15min.bin,volume.15min.bin,.bin,418792
genesis_alpha,fusion_refatorado\data\genesis_alpha\qlib_data\m15\features\usdmxn\close.15min.bin,close.15min.bin,.bin,418792
genesis_alpha,fusion_refatorado\data\genesis_alpha\qlib_data\m15\features\usdmxn\high.15min.bin,high.15min.bin,.bin,418792
genesis_alpha,fusion_refatorado\data\genesis_alpha\qlib_data\m15\features\usdmxn\low.15min.bin,low.15min.bin,.bin,418792
genesis_alpha,fusion_refatorado\data\genesis_alpha\qlib_data\m15\features\usdmxn\open.15min.bin,open.15min.bin,.bin,418792
genesis_alpha,fusion_refatorado\data\genesis_alpha\qlib_data\m15\features\usdmxn\volume.15min.bin,volume.15min.bin,.bin,418792
genesis_alpha,fusion_refatorado\data\genesis_alpha\qlib_data\m15\features\usdnok\close.15min.bin,close.15min.bin,.bin,418792
genesis_alpha,fusion_refatorado\data\genesis_alpha\qlib_data\m15\features\usdnok\high.15min.bin,high.15min.bin,.bin,418792
genesis_alpha,fusion_refatorado\data\genesis_alpha\qlib_data\m15\features\usdnok\low.15min.bin,low.15min.bin,.bin,418792
genesis_alpha,fusion_refatorado\data\genesis_alpha\qlib_data\m15\features\usdnok\open.15min.bin,open.15min.bin,.bin,418792
genesis_alpha,fusion_refatorado\data\genesis_alpha\qlib_data\m15\features\usdnok\volume.15min.bin,volume.15min.bin,.bin,418792
genesis_alpha,fusion_refatorado\data\genesis_alpha\qlib_data\m15\features\usdpln\close.15min.bin,close.15min.bin,.bin,418792
genesis_alpha,fusion_refatorado\data\genesis_alpha\qlib_data\m15\features\usdpln\high.15min.bin,high.15min.bin,.bin,418792
genesis_alpha,fusion_refatorado\data\genesis_alpha\qlib_data\m15\features\usdpln\low.15min.bin,low.15min.bin,.bin,418792
genesis_alpha,fusion_refatorado\data\genesis_alpha\qlib_data\m15\features\usdpln\open.15min.bin,open.15min.bin,.bin,418792
genesis_alpha,fusion_refatorado\data\genesis_alpha\qlib_data\m15\features\usdpln\volume.15min.bin,volume.15min.bin,.bin,418792
genesis_alpha,fusion_refatorado\data\genesis_alpha\qlib_data\m15\features\usdsek\close.15min.bin,close.15min.bin,.bin,418792
genesis_alpha,fusion_refatorado\data\genesis_alpha\qlib_data\m15\features\usdsek\high.15min.bin,high.15min.bin,.bin,418792
genesis_alpha,fusion_refatorado\data\genesis_alpha\qlib_data\m15\features\usdsek\low.15min.bin,low.15min.bin,.bin,418792
genesis_alpha,fusion_refatorado\data\genesis_alpha\qlib_data\m15\features\usdsek\open.15min.bin,open.15min.bin,.bin,418792
genesis_alpha,fusion_refatorado\data\genesis_alpha\qlib_data\m15\features\usdsek\volume.15min.bin,volume.15min.bin,.bin,418792
genesis_alpha,fusion_refatorado\data\genesis_alpha\qlib_data\m15\features\usdsgd\close.15min.bin,close.15min.bin,.bin,418792
genesis_alpha,fusion_refatorado\data\genesis_alpha\qlib_data\m15\features\usdsgd\high.15min.bin,high.15min.bin,.bin,418792
genesis_alpha,fusion_refatorado\data\genesis_alpha\qlib_data\m15\features\usdsgd\low.15min.bin,low.15min.bin,.bin,418792
genesis_alpha,fusion_refatorado\data\genesis_alpha\qlib_data\m15\features\usdsgd\open.15min.bin,open.15min.bin,.bin,418792
genesis_alpha,fusion_refatorado\data\genesis_alpha\qlib_data\m15\features\usdsgd\volume.15min.bin,volume.15min.bin,.bin,418792
genesis_alpha,fusion_refatorado\data\genesis_alpha\qlib_data\m15\instruments\all.txt,all.txt,.txt,1104
