path,symbol,timeframe,extension,bytes
BACKUP\OMNIS_Copia\data\prepared\EURUSD_M15_10k.csv,EURUSD_M15,10K,.csv,659371
BACKUP\OMNIS_Copia\data\prepared\prepared_20260312_000013\AUDJPY_H1_prepared.csv,AUDJPY_H1,PREPARED,.csv,927509
BACKUP\OMNIS_Copia\data\prepared\prepared_20260312_000013\AUDJPY_H4_prepared.csv,AUDJPY_H4,PREPARED,.csv,174054
BACKUP\OMNIS_Copia\data\prepared\prepared_20260312_000013\AUDJPY_M15_prepared.csv,AUDJPY_M15,PREPARED,.csv,2725341
BACKUP\OMNIS_Copia\data\prepared\prepared_20260312_000013\AUDJPY_M30_prepared.csv,AUDJPY_M30,PREPARED,.csv,1370384
BACKUP\OMNIS_Copia\data\prepared\prepared_20260312_000013\AUDJPY_M5_prepared.csv,AUDJPY_M5,PREPARED,.csv,5879609
BACKUP\OMNIS_Copia\data\prepared\prepared_20260312_000013\AUDUSD_H1_prepared.csv,AUDUSD_H1,PREPARED,.csv,707934
BACKUP\OMNIS_Copia\data\prepared\prepared_20260312_000013\AUDUSD_H4_prepared.csv,AUDUSD_H4,PREPARED,.csv,196045
BACKUP\OMNIS_Copia\data\prepared\prepared_20260312_000013\AUDUSD_M15_prepared.csv,AUDUSD_M15,PREPARED,.csv,2799847
BACKUP\OMNIS_Copia\data\prepared\prepared_20260312_000013\AUDUSD_M30_prepared.csv,AUDUSD_M30,PREPARED,.csv,1410582
BACKUP\OMNIS_Copia\data\prepared\prepared_20260312_000013\AUDUSD_M5_prepared.csv,AUDUSD_M5,PREPARED,.csv,6135894
BACKUP\OMNIS_Copia\data\prepared\prepared_20260312_000013\BTCUSD_H1_prepared.csv,BTCUSD_H1,PREPARED,.csv,1079549
BACKUP\OMNIS_Copia\data\prepared\prepared_20260312_000013\BTCUSD_H4_prepared.csv,BTCUSD_H4,PREPARED,.csv,1137429
BACKUP\OMNIS_Copia\data\prepared\prepared_20260312_000013\BTCUSD_M15_prepared.csv,BTCUSD_M15,PREPARED,.csv,5201836
BACKUP\OMNIS_Copia\data\prepared\prepared_20260312_000013\BTCUSD_M30_prepared.csv,BTCUSD_M30,PREPARED,.csv,2139198
BACKUP\OMNIS_Copia\data\prepared\prepared_20260312_000013\BTCUSD_M5_prepared.csv,BTCUSD_M5,PREPARED,.csv,7023835
BACKUP\OMNIS_Copia\data\prepared\prepared_20260312_000013\ETHUSD_H1_prepared.csv,ETHUSD_H1,PREPARED,.csv,877299
BACKUP\OMNIS_Copia\data\prepared\prepared_20260312_000013\ETHUSD_H4_prepared.csv,ETHUSD_H4,PREPARED,.csv,846720
BACKUP\OMNIS_Copia\data\prepared\prepared_20260312_000013\ETHUSD_M15_prepared.csv,ETHUSD_M15,PREPARED,.csv,3489084
BACKUP\OMNIS_Copia\data\prepared\prepared_20260312_000013\ETHUSD_M30_prepared.csv,ETHUSD_M30,PREPARED,.csv,1746137
BACKUP\OMNIS_Copia\data\prepared\prepared_20260312_000013\ETHUSD_M5_prepared.csv,ETHUSD_M5,PREPARED,.csv,6119855
BACKUP\OMNIS_Copia\data\prepared\prepared_20260312_000013\EURCAD_H1_prepared.csv,EURCAD_H1,PREPARED,.csv,1504103
BACKUP\OMNIS_Copia\data\prepared\prepared_20260312_000013\EURCAD_H4_prepared.csv,EURCAD_H4,PREPARED,.csv,180972
BACKUP\OMNIS_Copia\data\prepared\prepared_20260312_000013\EURCAD_M15_prepared.csv,EURCAD_M15,PREPARED,.csv,3094177
BACKUP\OMNIS_Copia\data\prepared\prepared_20260312_000013\EURCAD_M30_prepared.csv,EURCAD_M30,PREPARED,.csv,1683400
BACKUP\OMNIS_Copia\data\prepared\prepared_20260312_000013\EURCAD_M5_prepared.csv,EURCAD_M5,PREPARED,.csv,6158536
BACKUP\OMNIS_Copia\data\prepared\prepared_20260312_000013\EURCHF_H1_prepared.csv,EURCHF_H1,PREPARED,.csv,967274
BACKUP\OMNIS_Copia\data\prepared\prepared_20260312_000013\EURCHF_H4_prepared.csv,EURCHF_H4,PREPARED,.csv,433938
BACKUP\OMNIS_Copia\data\prepared\prepared_20260312_000013\EURCHF_M15_prepared.csv,EURCHF_M15,PREPARED,.csv,3074696
BACKUP\OMNIS_Copia\data\prepared\prepared_20260312_000013\EURCHF_M30_prepared.csv,EURCHF_M30,PREPARED,.csv,1674386
BACKUP\OMNIS_Copia\data\prepared\prepared_20260312_000013\EURCHF_M5_prepared.csv,EURCHF_M5,PREPARED,.csv,6145778
BACKUP\OMNIS_Copia\data\prepared\prepared_20260312_000013\EURGBP_H1_prepared.csv,EURGBP_H1,PREPARED,.csv,967713
BACKUP\OMNIS_Copia\data\prepared\prepared_20260312_000013\EURGBP_H4_prepared.csv,EURGBP_H4,PREPARED,.csv,435245
BACKUP\OMNIS_Copia\data\prepared\prepared_20260312_000013\EURGBP_M15_prepared.csv,EURGBP_M15,PREPARED,.csv,3070742
BACKUP\OMNIS_Copia\data\prepared\prepared_20260312_000013\EURGBP_M30_prepared.csv,EURGBP_M30,PREPARED,.csv,1672151
BACKUP\OMNIS_Copia\data\prepared\prepared_20260312_000013\EURGBP_M5_prepared.csv,EURGBP_M5,PREPARED,.csv,6135079
BACKUP\OMNIS_Copia\data\prepared\prepared_20260312_000013\EURJPY_H1_prepared.csv,EURJPY_H1,PREPARED,.csv,2098826
BACKUP\OMNIS_Copia\data\prepared\prepared_20260312_000013\EURJPY_H4_prepared.csv,EURJPY_H4,PREPARED,.csv,1565392
BACKUP\OMNIS_Copia\data\prepared\prepared_20260312_000013\EURJPY_M15_prepared.csv,EURJPY_M15,PREPARED,.csv,4223429
BACKUP\OMNIS_Copia\data\prepared\prepared_20260312_000013\EURJPY_M30_prepared.csv,EURJPY_M30,PREPARED,.csv,2808547
BACKUP\OMNIS_Copia\data\prepared\prepared_20260312_000013\EURJPY_M5_prepared.csv,EURJPY_M5,PREPARED,.csv,6166086
BACKUP\OMNIS_Copia\data\prepared\prepared_20260312_000013\EURUSD_H1_prepared.csv,EURUSD_H1,PREPARED,.csv,6285408
BACKUP\OMNIS_Copia\data\prepared\prepared_20260312_000013\EURUSD_H4_prepared.csv,EURUSD_H4,PREPARED,.csv,2881208
BACKUP\OMNIS_Copia\data\prepared\prepared_20260312_000013\EURUSD_M15_prepared.csv,EURUSD_M15,PREPARED,.csv,6120627
BACKUP\OMNIS_Copia\data\prepared\prepared_20260312_000013\EURUSD_M30_prepared.csv,EURUSD_M30,PREPARED,.csv,6132298
BACKUP\OMNIS_Copia\data\prepared\prepared_20260312_000013\EURUSD_M5_prepared.csv,EURUSD_M5,PREPARED,.csv,6159513
BACKUP\OMNIS_Copia\data\prepared\prepared_20260312_000013\GBPJPY_H1_prepared.csv,GBPJPY_H1,PREPARED,.csv,974253
BACKUP\OMNIS_Copia\data\prepared\prepared_20260312_000013\GBPJPY_H4_prepared.csv,GBPJPY_H4,PREPARED,.csv,438938
BACKUP\OMNIS_Copia\data\prepared\prepared_20260312_000013\GBPJPY_M15_prepared.csv,GBPJPY_M15,PREPARED,.csv,3105974
BACKUP\OMNIS_Copia\data\prepared\prepared_20260312_000013\GBPJPY_M30_prepared.csv,GBPJPY_M30,PREPARED,.csv,1685357
BACKUP\OMNIS_Copia\data\prepared\prepared_20260312_000013\GBPJPY_M5_prepared.csv,GBPJPY_M5,PREPARED,.csv,6119623
BACKUP\OMNIS_Copia\data\prepared\prepared_20260312_000013\GBPUSD_H1_prepared.csv,GBPUSD_H1,PREPARED,.csv,964089
BACKUP\OMNIS_Copia\data\prepared\prepared_20260312_000013\GBPUSD_H4_prepared.csv,GBPUSD_H4,PREPARED,.csv,435483
BACKUP\OMNIS_Copia\data\prepared\prepared_20260312_000013\GBPUSD_M15_prepared.csv,GBPUSD_M15,PREPARED,.csv,3061936
BACKUP\OMNIS_Copia\data\prepared\prepared_20260312_000013\GBPUSD_M30_prepared.csv,GBPUSD_M30,PREPARED,.csv,1667792
BACKUP\OMNIS_Copia\data\prepared\prepared_20260312_000013\GBPUSD_M5_prepared.csv,GBPUSD_M5,PREPARED,.csv,6139865
BACKUP\OMNIS_Copia\data\prepared\prepared_20260312_000013\GOLD_H1_prepared.csv,GOLD_H1,PREPARED,.csv,917398
BACKUP\OMNIS_Copia\data\prepared\prepared_20260312_000013\GOLD_H4_prepared.csv,GOLD_H4,PREPARED,.csv,414228
BACKUP\OMNIS_Copia\data\prepared\prepared_20260312_000013\GOLD_M15_prepared.csv,GOLD_M15,PREPARED,.csv,2942402
BACKUP\OMNIS_Copia\data\prepared\prepared_20260312_000013\GOLD_M30_prepared.csv,GOLD_M30,PREPARED,.csv,1593268
BACKUP\OMNIS_Copia\data\prepared\prepared_20260312_000013\GOLD_M5_prepared.csv,GOLD_M5,PREPARED,.csv,6186528
BACKUP\OMNIS_Copia\data\prepared\prepared_20260312_000013\NZDUSD_H1_prepared.csv,NZDUSD_H1,PREPARED,.csv,965367
BACKUP\OMNIS_Copia\data\prepared\prepared_20260312_000013\NZDUSD_H4_prepared.csv,NZDUSD_H4,PREPARED,.csv,433527
BACKUP\OMNIS_Copia\data\prepared\prepared_20260312_000013\NZDUSD_M15_prepared.csv,NZDUSD_M15,PREPARED,.csv,3062865
BACKUP\OMNIS_Copia\data\prepared\prepared_20260312_000013\NZDUSD_M30_prepared.csv,NZDUSD_M30,PREPARED,.csv,1667196
BACKUP\OMNIS_Copia\data\prepared\prepared_20260312_000013\NZDUSD_M5_prepared.csv,NZDUSD_M5,PREPARED,.csv,6130424
BACKUP\OMNIS_Copia\data\prepared\prepared_20260312_000013\USDCAD_H1_prepared.csv,USDCAD_H1,PREPARED,.csv,963097
BACKUP\OMNIS_Copia\data\prepared\prepared_20260312_000013\USDCAD_H4_prepared.csv,USDCAD_H4,PREPARED,.csv,433995
BACKUP\OMNIS_Copia\data\prepared\prepared_20260312_000013\USDCAD_M15_prepared.csv,USDCAD_M15,PREPARED,.csv,3055162
BACKUP\OMNIS_Copia\data\prepared\prepared_20260312_000013\USDCAD_M30_prepared.csv,USDCAD_M30,PREPARED,.csv,1664858
BACKUP\OMNIS_Copia\data\prepared\prepared_20260312_000013\USDCAD_M5_prepared.csv,USDCAD_M5,PREPARED,.csv,6136422
BACKUP\OMNIS_Copia\data\prepared\prepared_20260312_000013\USDCHF_H1_prepared.csv,USDCHF_H1,PREPARED,.csv,962811
BACKUP\OMNIS_Copia\data\prepared\prepared_20260312_000013\USDCHF_H4_prepared.csv,USDCHF_H4,PREPARED,.csv,433361
BACKUP\OMNIS_Copia\data\prepared\prepared_20260312_000013\USDCHF_M15_prepared.csv,USDCHF_M15,PREPARED,.csv,3052889
BACKUP\OMNIS_Copia\data\prepared\prepared_20260312_000013\USDCHF_M30_prepared.csv,USDCHF_M30,PREPARED,.csv,1663139
BACKUP\OMNIS_Copia\data\prepared\prepared_20260312_000013\USDCHF_M5_prepared.csv,USDCHF_M5,PREPARED,.csv,6133634
BACKUP\OMNIS_Copia\data\prepared\prepared_20260312_000013\USDJPY_H1_prepared.csv,USDJPY_H1,PREPARED,.csv,959057
BACKUP\OMNIS_Copia\data\prepared\prepared_20260312_000013\USDJPY_H4_prepared.csv,USDJPY_H4,PREPARED,.csv,430660
BACKUP\OMNIS_Copia\data\prepared\prepared_20260312_000013\USDJPY_M15_prepared.csv,USDJPY_M15,PREPARED,.csv,3060911
BACKUP\OMNIS_Copia\data\prepared\prepared_20260312_000013\USDJPY_M30_prepared.csv,USDJPY_M30,PREPARED,.csv,1662911
BACKUP\OMNIS_Copia\data\prepared\prepared_20260312_000013\USDJPY_M5_prepared.csv,USDJPY_M5,PREPARED,.csv,6132087
