source_file,expert,market_key,symbol,timeframe,feature,sharpe,win_rate,threshold,samples
backtest_candlestick_expert.json,candlestick_expert,USDJPY_H4,USDJPY,H4,body,0.0526819885726209,0.5356932153392331,0.25899999999998613,6781
backtest_candlestick_expert.json,candlestick_expert,USDJPY_H4,USDJPY,H4,upper_shadow,0.0466519719284227,0.5315333070555774,0.05699999999998795,6781
backtest_candlestick_expert.json,candlestick_expert,USDJPY_H4,USDJPY,H4,lower_shadow,0.06727120068762783,0.5460992907801419,0.2540000000000049,6781
backtest_candlestick_expert.json,candlestick_expert,USDJPY_H4,USDJPY,H4,range,0.05228116564854308,0.5321533923303835,0.3859999999999957,6781
backtest_candlestick_expert.json,candlestick_expert,USDJPY_H4,USDJPY,H4,body_ratio,0.03932575841826915,0.531858407079646,0.45473251024127825,6781
backtest_candlestick_expert.json,candlestick_expert,USDJPY_H4,USDJPY,H4,upper_shadow_ratio,0.06452259539124791,0.5380530973451327,1.4247787598010986,6781
backtest_candlestick_expert.json,candlestick_expert,USDJPY_H4,USDJPY,H4,lower_shadow_ratio,0.07608039275187316,0.5480825958702065,1.5344827572982738,6781
backtest_candlestick_expert.json,candlestick_expert,USDJPY_H4,USDJPY,H4,is_bullish,0.0423609052691272,0.5372838106039127,0.0,6781
backtest_candlestick_expert.json,candlestick_expert,USDJPY_H4,USDJPY,H4,is_bearish,0.04254534121778302,0.5317361543248289,0.0,6781
backtest_candlestick_expert.json,candlestick_expert,USDJPY_H4,USDJPY,H4,doji,0.04997867214436959,0.5275035260930888,0.0,6781
backtest_candlestick_expert.json,candlestick_expert,USDJPY_H4,USDJPY,H4,hammer,0.2847721603665957,0.6153846153846154,0.0,6781
backtest_candlestick_expert.json,candlestick_expert,USDJPY_H4,USDJPY,H4,shooting_star,-0.045004668808917514,0.4782608695652174,0.0,6781
backtest_candlestick_expert.json,candlestick_expert,USDJPY_H4,USDJPY,H4,bullish_engulfing,0.05356372876119009,0.5598958333333334,0.0,6781
backtest_candlestick_expert.json,candlestick_expert,USDJPY_H4,USDJPY,H4,bearish_engulfing,-0.0166625373165284,0.5036603221083455,0.0,6781
backtest_candlestick_expert.json,candlestick_expert,USDJPY_H4,USDJPY,H4,bullish_harami,-0.0002497753870638609,0.48936170212765956,0.0,6781
backtest_candlestick_expert.json,candlestick_expert,USDJPY_H4,USDJPY,H4,bearish_harami,0.02098214865453927,0.5064377682403434,0.0,6781
backtest_candlestick_expert.json,candlestick_expert,USDJPY_H4,USDJPY,H4,piercing_line,0.37599151664118996,0.6428571428571429,0.0,6781
backtest_candlestick_expert.json,candlestick_expert,USDJPY_H4,USDJPY,H4,morning_star,0.0464371022353567,0.4887640449438202,0.0,6781
backtest_candlestick_expert.json,candlestick_expert,USDJPY_H4,USDJPY,H4,evening_star,0.016030636091970762,0.5033112582781457,0.0,6781
backtest_candlestick_expert.json,candlestick_expert,USDJPY_H4,USDJPY,H4,three_white_soldiers,0.06209758144087096,0.5455680399500624,0.0,6781
backtest_candlestick_expert.json,candlestick_expert,USDJPY_H4,USDJPY,H4,three_black_crows,0.09131869249426215,0.5522388059701493,0.0,6781
backtest_candlestick_expert.json,candlestick_expert,USDJPY_H4,USDJPY,H4,inside_bar,0.0620439339177122,0.5446127946127947,0.0,6781
backtest_candlestick_expert.json,candlestick_expert,USDJPY_H4,USDJPY,H4,outside_bar,0.017960845561617547,0.5145089285714286,0.0,6781
backtest_candlestick_expert.json,candlestick_expert,USDJPY_H4,USDJPY,H4,marubozu,0.02384157416166653,0.5128205128205128,0.0,6781
backtest_candlestick_expert.json,candlestick_expert,USDJPY_H4,USDJPY,H4,spinning_top,0.0750464577441836,0.542627345844504,0.0,6781
backtest_correlation_expert.json,correlation_expert,USDJPY_H4,USDJPY,H4,autocorr_1,0.1007226125787758,0.5508021390374331,0.9521062122554762,6732
backtest_correlation_expert.json,correlation_expert,USDJPY_H4,USDJPY,H4,autocorr_5,0.10218270956598509,0.5585264408793821,0.7651143001540311,6732
backtest_correlation_expert.json,correlation_expert,USDJPY_H4,USDJPY,H4,autocorr_10,0.06640701695906115,0.5383244206773619,0.5911798075905053,6732
backtest_exhaustion_detector.json,exhaustion_detector,USDJPY_H4,USDJPY,H4,rsi,0.048743063899587935,0.5356192728347621,51.57121133497211,6767
backtest_exhaustion_detector.json,exhaustion_detector,USDJPY_H4,USDJPY,H4,rsi_overbought,0.019828168059484955,0.5133967156439067,0.0,6781
backtest_exhaustion_detector.json,exhaustion_detector,USDJPY_H4,USDJPY,H4,rsi_oversold,0.13664241105373898,0.5630026809651475,0.0,6781
backtest_exhaustion_detector.json,exhaustion_detector,USDJPY_H4,USDJPY,H4,rsi_extreme,0.11064359864881038,0.5245641838351822,0.0,6781
backtest_exhaustion_detector.json,exhaustion_detector,USDJPY_H4,USDJPY,H4,rsi_exhaustion_zone,0.11064359864881038,0.5245641838351822,0.0,6781
backtest_exhaustion_detector.json,exhaustion_detector,USDJPY_H4,USDJPY,H4,stoch_k,0.07195848825629714,0.5354609929078015,82.90110185260244,6768
backtest_exhaustion_detector.json,exhaustion_detector,USDJPY_H4,USDJPY,H4,stoch_d,0.05729908481191454,0.5360520094562647,81.60573268456073,6766
backtest_exhaustion_detector.json,exhaustion_detector,USDJPY_H4,USDJPY,H4,stoch_overbought,0.0645304922126967,0.5330557001561687,0.0,6781
backtest_exhaustion_detector.json,exhaustion_detector,USDJPY_H4,USDJPY,H4,stoch_oversold,0.09757732595524975,0.5697674418604651,0.0,6781
backtest_exhaustion_detector.json,exhaustion_detector,USDJPY_H4,USDJPY,H4,volume_spike,-0.3154985434119928,0.4,0.0,6781
backtest_exhaustion_detector.json,exhaustion_detector,USDJPY_H4,USDJPY,H4,volume_dry,-0.032437112266659025,0.5169491525423728,0.0,6781
backtest_exhaustion_detector.json,exhaustion_detector,USDJPY_H4,USDJPY,H4,volume_increasing,-0.07108999084353883,0.4742547425474255,0.0,6781
backtest_exhaustion_detector.json,exhaustion_detector,USDJPY_H4,USDJPY,H4,volume_3x_increasing,-0.07683259612081605,0.4857142857142857,0.0,6781
backtest_exhaustion_detector.json,exhaustion_detector,USDJPY_H4,USDJPY,H4,macd,0.06206433556208402,0.5386430678466076,0.3711859706873213,6781
backtest_exhaustion_detector.json,exhaustion_detector,USDJPY_H4,USDJPY,H4,macd_signal,0.07813203203500235,0.5309734513274337,0.3420613601826361,6781
backtest_exhaustion_detector.json,exhaustion_detector,USDJPY_H4,USDJPY,H4,macd_hist,0.03867969065352365,0.5329400196656834,-0.09472351281703117,6781
backtest_exhaustion_detector.json,exhaustion_detector,USDJPY_H4,USDJPY,H4,macd_losing_momentum,0.02990979005223449,0.5264127764127764,0.0,6781
backtest_exhaustion_detector.json,exhaustion_detector,USDJPY_H4,USDJPY,H4,macd_bearish_cross,0.016619385540899458,0.5095057034220533,0.0,6781
backtest_exhaustion_detector.json,exhaustion_detector,USDJPY_H4,USDJPY,H4,bb_upper,-0.04637840304262084,0.5470136014192786,151.08498845303498,6762
backtest_exhaustion_detector.json,exhaustion_detector,USDJPY_H4,USDJPY,H4,bb_lower,-0.04482366423844659,0.550561797752809,148.13230062159585,6762
backtest_exhaustion_detector.json,exhaustion_detector,USDJPY_H4,USDJPY,H4,bb_touch_upper,0.04817522305841139,0.544260700389105,0.0,6781
backtest_exhaustion_detector.json,exhaustion_detector,USDJPY_H4,USDJPY,H4,bb_touch_lower,0.15403587702133334,0.5930232558139535,0.0,6781
backtest_exhaustion_detector.json,exhaustion_detector,USDJPY_H4,USDJPY,H4,bb_width,0.095298694027181,0.5381431105854524,0.03556276727187632,6762
backtest_exhaustion_detector.json,exhaustion_detector,USDJPY_H4,USDJPY,H4,swing_high,-0.8912373371489516,0.12030075187969924,0.0,6781
backtest_exhaustion_detector.json,exhaustion_detector,USDJPY_H4,USDJPY,H4,swing_low,0.9429203583816445,0.893719806763285,0.0,6781
backtest_exhaustion_detector.json,exhaustion_detector,USDJPY_H4,USDJPY,H4,last_swing_high,-0.06265182616550212,0.5409252669039146,150.689,6759
backtest_exhaustion_detector.json,exhaustion_detector,USDJPY_H4,USDJPY,H4,last_swing_low,-0.04528025359987005,0.552772808586762,148.227,6764
backtest_exhaustion_detector.json,exhaustion_detector,USDJPY_H4,USDJPY,H4,dist_to_last_high,0.08684668467615825,0.563905325443787,1.6181395232529194,6759
backtest_exhaustion_detector.json,exhaustion_detector,USDJPY_H4,USDJPY,H4,dist_to_last_low,0.01634475120501872,0.511925882121033,0.45621973125154536,6764
backtest_exhaustion_detector.json,exhaustion_detector,USDJPY_H4,USDJPY,H4,exhaustion_score,0.09544911108732686,0.5586183992029227,0.2,6781
backtest_exhaustion_detector.json,exhaustion_detector,USDJPY_H4,USDJPY,H4,reversal_strength,0.07295442205287186,0.4722222222222222,0.0,6781
backtest_exhaustion_detector.json,exhaustion_detector,USDJPY_H4,USDJPY,H4,momentum_loss,0.04621695657159579,0.5330971883993801,0.0,6781
backtest_exhaustion_detector.json,exhaustion_detector,USDJPY_H4,USDJPY,H4,acceleration,0.053993991682732535,0.5414125516427307,-0.3650000000000091,6779
backtest_fibonacci_expert.json,fibonacci_expert,USDJPY_H4,USDJPY,H4,fib_0.382,-0.0749581552332744,0.540508574807806,149.646153,6762
backtest_fibonacci_expert.json,fibonacci_expert,USDJPY_H4,USDJPY,H4,fib_0.618,-0.0679649341715504,0.5440567711413364,148.95795850000002,6762
backtest_flow_aggressor.json,flow_aggressor,USDJPY_H4,USDJPY,H4,avg_volume,-0.06464481842095621,0.4730238393977415,0.0,6781
backtest_flow_aggressor.json,flow_aggressor,USDJPY_H4,USDJPY,H4,volume_ratio,-0.06232959466429612,0.47832369942196534,0.0,6781
backtest_flow_aggressor.json,flow_aggressor,USDJPY_H4,USDJPY,H4,aggression,-0.06232959466429612,0.47832369942196534,0.0,6781
backtest_flow_aggressor.json,flow_aggressor,USDJPY_H4,USDJPY,H4,delta,-0.05757253659910442,0.47530864197530864,0.0,6781
backtest_flow_aggressor.json,flow_aggressor,USDJPY_H4,USDJPY,H4,delta_ma,-0.09533467415801537,0.4587628865979381,0.0,6781
backtest_flow_aggressor.json,flow_aggressor,USDJPY_H4,USDJPY,H4,delta_norm,-0.05757253659910442,0.47530864197530864,0.0,6781
backtest_flow_aggressor.json,flow_aggressor,USDJPY_H4,USDJPY,H4,delta_cum,-0.09533467415801537,0.4587628865979381,0.0,6781
backtest_flow_aggressor.json,flow_aggressor,USDJPY_H4,USDJPY,H4,imbalance,-0.09533467415801537,0.4587628865979381,0.0,6781
backtest_flow_aggressor.json,flow_aggressor,USDJPY_H4,USDJPY,H4,volume_zscore,-0.05248195458360297,0.4731182795698925,0.0,6781
backtest_flow_aggressor.json,flow_aggressor,USDJPY_H4,USDJPY,H4,significant_volume,-0.1138359650647675,0.43846153846153846,0.0,6781
backtest_flow_aggressor.json,flow_aggressor,USDJPY_H4,USDJPY,H4,volume_profile_20,0.07608680490078516,0.5335033619290517,0.0,6762
backtest_flow_aggressor.json,flow_aggressor,USDJPY_H4,USDJPY,H4,pvc_20,0.07167741946850123,0.5329076620825147,0.0,6781
backtest_flow_aggressor.json,flow_aggressor,USDJPY_H4,USDJPY,H4,dist_to_pvc_20,-0.0538496942165903,0.5427728613569321,149568000000000.0,6781
backtest_flow_aggressor.json,flow_aggressor,USDJPY_H4,USDJPY,H4,volume_profile_50,0.07524178599780545,0.5371087928464978,1375660922.8276877,6732
backtest_flow_aggressor.json,flow_aggressor,USDJPY_H4,USDJPY,H4,pvc_50,0.07167741946850123,0.5329076620825147,0.0,6781
backtest_flow_aggressor.json,flow_aggressor,USDJPY_H4,USDJPY,H4,dist_to_pvc_50,-0.0538496942165903,0.5427728613569321,149568000000000.0,6781
backtest_flow_aggressor.json,flow_aggressor,USDJPY_H4,USDJPY,H4,volume_profile_100,0.0693933640978183,0.539383048817011,1352733240.7805595,6682
backtest_flow_aggressor.json,flow_aggressor,USDJPY_H4,USDJPY,H4,pvc_100,0.07167741946850123,0.5329076620825147,0.0,6781
backtest_flow_aggressor.json,flow_aggressor,USDJPY_H4,USDJPY,H4,dist_to_pvc_100,-0.0538496942165903,0.5427728613569321,149568000000000.0,6781
backtest_flow_aggressor.json,flow_aggressor,USDJPY_H4,USDJPY,H4,flow_confidence,-0.06464481842095621,0.4730238393977415,0.0,6781
backtest_gap_expert.json,gap_expert,USDJPY_H4,USDJPY,H4,gap_ratio,0.12706980845796023,0.5869565217391305,0.0,6768
backtest_hvn_expert.json,hvn_expert,USDJPY_H4,USDJPY,H4,hvn,0.06399314443737554,0.5519287833827893,0.0,6781
backtest_hvn_expert.json,hvn_expert,USDJPY_H4,USDJPY,H4,lvn,0.08392795136391853,0.5405660377358491,0.0,6781
backtest_hvn_expert.json,hvn_expert,USDJPY_H4,USDJPY,H4,hvn_strength,0.06399314443737554,0.5519287833827893,0.0,6762
backtest_hvn_expert.json,hvn_expert,USDJPY_H4,USDJPY,H4,lvn_strength,0.08392795136391853,0.5405660377358491,0.0,6762
backtest_ichimoku_expert.json,ichimoku_expert,USDJPY_H4,USDJPY,H4,tenkan,-0.05607407184617537,0.5449172576832151,149.40300000000002,6773
backtest_ichimoku_expert.json,ichimoku_expert,USDJPY_H4,USDJPY,H4,kijun,-0.06831715767982352,0.5425342058298632,149.2245,6756
backtest_market_microstructure_expert.json,market_microstructure_expert,USDJPY_H4,USDJPY,H4,spread_ma,0.026790387713621508,0.5281231497927767,19.35,6762
backtest_market_microstructure_expert.json,market_microstructure_expert,USDJPY_H4,USDJPY,H4,spread_ratio,0.024185614237589668,0.5247629083245522,0.8333333333333334,5067
backtest_market_microstructure_expert.json,market_microstructure_expert,USDJPY_H4,USDJPY,H4,tick_frequency,0.06401186938360696,0.5392330383480826,10271.25,6781
backtest_microstructure_expert.json,microstructure_expert,USDJPY_H4,USDJPY,H4,volume_ma_5,0.06077770618529323,0.5398465171192444,40983.0,6777
backtest_microstructure_expert.json,microstructure_expert,USDJPY_H4,USDJPY,H4,volume_ratio_5,0.04860346934152522,0.5354191263282172,1.0262940269894372,6777
backtest_microstructure_expert.json,microstructure_expert,USDJPY_H4,USDJPY,H4,volume_ma_10,0.06804623099354426,0.5437093916125222,41023.3,6772
backtest_microstructure_expert.json,microstructure_expert,USDJPY_H4,USDJPY,H4,volume_ratio_10,0.04719455601143517,0.534947824374877,0.8085610056159322,6772
backtest_microstructure_expert.json,microstructure_expert,USDJPY_H4,USDJPY,H4,volume_ma_20,0.05841028775408223,0.5377107364685004,41528.175,6762
backtest_microstructure_expert.json,microstructure_expert,USDJPY_H4,USDJPY,H4,volume_ratio_20,0.05606541843591405,0.5458308693081018,1.2077529850297068,6762
backtest_microstructure_expert.json,microstructure_expert,USDJPY_H4,USDJPY,H4,volume_ma_50,0.05547443928949004,0.5329768270944741,43072.3,6732
backtest_microstructure_expert.json,microstructure_expert,USDJPY_H4,USDJPY,H4,volume_ratio_50,0.06391272442282427,0.5484254307783719,1.2363456619262865,6732
backtest_microstructure_expert.json,microstructure_expert,USDJPY_H4,USDJPY,H4,volume_ma_100,0.060623674882151854,0.5348697994612391,41852.435,6682
backtest_microstructure_expert.json,microstructure_expert,USDJPY_H4,USDJPY,H4,volume_ratio_100,0.08522744714067934,0.5547576301615799,1.26930338672864,6682
backtest_microstructure_expert.json,microstructure_expert,USDJPY_H4,USDJPY,H4,volume_std,0.061838225404926145,0.5446481371969248,25230.57644517286,6762
backtest_microstructure_expert.json,microstructure_expert,USDJPY_H4,USDJPY,H4,volume_zscore,0.04580863404080479,0.5481963335304554,0.6370431591719714,6762
backtest_microstructure_expert.json,microstructure_expert,USDJPY_H4,USDJPY,H4,volume_flow,0.07521500283648826,0.5410029498525074,42166.25,6780
backtest_microstructure_expert.json,microstructure_expert,USDJPY_H4,USDJPY,H4,bull_volume,0.07521500283648826,0.5410029498525074,42165.0,6781
backtest_microstructure_expert.json,microstructure_expert,USDJPY_H4,USDJPY,H4,bear_volume,0.05515236819039457,0.5380530973451327,40006.0,6781
backtest_microstructure_expert.json,microstructure_expert,USDJPY_H4,USDJPY,H4,bull_bear_ratio,0.06906099109236317,0.5458308693081018,1.4190671824495775,6762
backtest_microstructure_expert.json,microstructure_expert,USDJPY_H4,USDJPY,H4,volume_efficiency,0.04165924954220157,0.5368731563421829,8.152987117258422e-06,6781
backtest_microstructure_expert.json,microstructure_expert,USDJPY_H4,USDJPY,H4,volume_efficiency_ma,0.06423979358063456,0.5209934949733885,2.8664925585086683e-05,6762
backtest_microstructure_expert.json,microstructure_expert,USDJPY_H4,USDJPY,H4,volume_per_pip,0.06926724071656755,0.5410029498525074,626.5755919854205,6781
backtest_microstructure_expert.json,microstructure_expert,USDJPY_H4,USDJPY,H4,volume_spike,0.010277388409890505,0.5443037974683544,0.0,6781
backtest_microstructure_expert.json,microstructure_expert,USDJPY_H4,USDJPY,H4,volume_dry,0.02204337933239349,0.5251641137855579,0.0,6781
backtest_microstructure_expert.json,microstructure_expert,USDJPY_H4,USDJPY,H4,volume_expanding,0.04374139116989713,0.5355070461453441,0.0,6781
backtest_microstructure_expert.json,microstructure_expert,USDJPY_H4,USDJPY,H4,volume_consecutive_expand,0.05150124098909736,0.5405892964521948,0.0,6781
backtest_microstructure_expert.json,microstructure_expert,USDJPY_H4,USDJPY,H4,volume_contracting,0.03966320756004198,0.5333755140778235,0.0,6781
backtest_microstructure_expert.json,microstructure_expert,USDJPY_H4,USDJPY,H4,volume_consecutive_contract,0.03702204893855482,0.5244813278008299,0.0,6781
backtest_microstructure_expert.json,microstructure_expert,USDJPY_H4,USDJPY,H4,volume_momentum,0.05054049559204272,0.5395513577331759,-10055.25,6776
backtest_microstructure_expert.json,microstructure_expert,USDJPY_H4,USDJPY,H4,volume_acceleration,0.0435750404053204,0.537219377707759,-18183.5,6771
backtest_microstructure_expert.json,microstructure_expert,USDJPY_H4,USDJPY,H4,volume_roc_5,0.048028996142340505,0.5365997638724912,-0.24027196373096596,6776
backtest_microstructure_expert.json,microstructure_expert,USDJPY_H4,USDJPY,H4,volume_roc_10,0.05063947422602617,0.5400295420974889,-0.03461620501569307,6771
backtest_microstructure_expert.json,microstructure_expert,USDJPY_H4,USDJPY,H4,volume_at_close,0.0847423279139426,0.5485781990521327,43319.29977888615,6750
backtest_microstructure_expert.json,microstructure_expert,USDJPY_H4,USDJPY,H4,volume_upper_half,0.08452271162905255,0.5451327433628319,45959.0,6781
backtest_microstructure_expert.json,microstructure_expert,USDJPY_H4,USDJPY,H4,volume_lower_half,0.045496693164060804,0.5380530973451327,37373.0,6781
backtest_microstructure_expert.json,microstructure_expert,USDJPY_H4,USDJPY,H4,volume_asia,0.006409361736134988,0.5407407407407407,0.0,6781
backtest_microstructure_expert.json,microstructure_expert,USDJPY_H4,USDJPY,H4,volume_london,0.06477321631333757,0.5374631268436578,38549.0,6781
backtest_microstructure_expert.json,microstructure_expert,USDJPY_H4,USDJPY,H4,volume_ny,-0.004258692764135143,0.5374868004223865,0.0,6781
backtest_microstructure_expert.json,microstructure_expert,USDJPY_H4,USDJPY,H4,volume_overlap,0.001209013052188214,0.5433403805496829,0.0,6781
backtest_microstructure_expert.json,microstructure_expert,USDJPY_H4,USDJPY,H4,volume_asia_pct,-0.04157111645657357,0.5233253588516746,0.24868927037423935,6686
backtest_microstructure_expert.json,microstructure_expert,USDJPY_H4,USDJPY,H4,volume_london_pct,0.05963525479457367,0.5396888711607499,0.3843916473862209,6686
backtest_microstructure_expert.json,microstructure_expert,USDJPY_H4,USDJPY,H4,volume_ny_pct,0.019097596358670914,0.5322966507177034,0.3612465460514612,6686
backtest_microstructure_expert.json,microstructure_expert,USDJPY_H4,USDJPY,H4,volume_overlap_pct,-0.024463987008748037,0.5191387559808612,0.24123419333396368,6686
backtest_microstructure_expert.json,microstructure_expert,USDJPY_H4,USDJPY,H4,vwap,-0.052796115473632096,0.547604967474867,149.3982986025266,6762
backtest_microstructure_expert.json,microstructure_expert,USDJPY_H4,USDJPY,H4,volume_oscillator,0.04530704360806436,0.5411161506606192,-0.11334827298715706,6762
backtest_microstructure_expert.json,microstructure_expert,USDJPY_H4,USDJPY,H4,obv_simple,-0.054750278812887146,0.5415929203539823,3995014.25,6780
backtest_microstructure_expert.json,microstructure_expert,USDJPY_H4,USDJPY,H4,vpt,0.03949025376394718,0.5575221238938053,9646.84716364037,6780
backtest_microstructure_expert.json,microstructure_expert,USDJPY_H4,USDJPY,H4,volume_per_atr,0.06584506210512388,0.5390070921985816,58703.993704890876,6768
backtest_microstructure_expert.json,microstructure_expert,USDJPY_H4,USDJPY,H4,volume_per_atr_ma,0.08187801135136669,0.5456431535269709,57579.00564022211,6749
backtest_microstructure_expert.json,microstructure_expert,USDJPY_H4,USDJPY,H4,volume_zone_0,0.05744345533169736,0.4932795698924731,0.0,6732
backtest_microstructure_expert.json,microstructure_expert,USDJPY_H4,USDJPY,H4,volume_zone_1,0.05001711108544702,0.4763231197771588,0.0,6732
backtest_microstructure_expert.json,microstructure_expert,USDJPY_H4,USDJPY,H4,volume_zone_2,0.11643554563264966,0.5321100917431193,0.0,6732
backtest_microstructure_expert.json,microstructure_expert,USDJPY_H4,USDJPY,H4,volume_zone_3,0.07227956871779706,0.5417633410672854,0.0,6732
backtest_microstructure_expert.json,microstructure_expert,USDJPY_H4,USDJPY,H4,volume_zone_4,0.0054774482349487525,0.5275229357798165,0.0,6732
backtest_microstructure_expert.json,microstructure_expert,USDJPY_H4,USDJPY,H4,volume_zone_5,0.021826440566141563,0.5177865612648221,0.0,6732
backtest_microstructure_expert.json,microstructure_expert,USDJPY_H4,USDJPY,H4,volume_zone_6,0.20060720678700295,0.6192052980132451,0.0,6732
backtest_microstructure_expert.json,microstructure_expert,USDJPY_H4,USDJPY,H4,volume_zone_7,0.09898116428237845,0.5582437275985663,0.0,6732
backtest_microstructure_expert.json,microstructure_expert,USDJPY_H4,USDJPY,H4,volume_zone_8,-0.02231116082356808,0.5204991087344029,396645.5,6732
backtest_microstructure_expert.json,microstructure_expert,USDJPY_H4,USDJPY,H4,volume_zone_9,-0.05497641681749175,0.5437981779957953,0.0,6732
backtest_microstructure_expert.json,microstructure_expert,USDJPY_H4,USDJPY,H4,poc_zone,-0.1076939061492558,0.5413402959094865,8.0,6732
backtest_microstructure_expert.json,microstructure_expert,USDJPY_H4,USDJPY,H4,poc_volume,0.06202331380139297,0.5335710041592394,1914657.5,6732
backtest_microstructure_expert.json,microstructure_expert,USDJPY_H4,USDJPY,H4,dist_to_poc,0.0961008887194102,0.5649038461538461,0.0,6732
backtest_ml_expert.json,ml_expert,USDJPY_H4,USDJPY,H4,zscore,0.04965077462621828,0.5393759286775631,0.0003740539275891184,6731
backtest_ml_expert.json,ml_expert,USDJPY_H4,USDJPY,H4,is_anomaly,0.041440925016162526,0.5119047619047619,0.0,6781
backtest_ml_expert.json,ml_expert,USDJPY_H4,USDJPY,H4,regime,0.05349103352897307,0.5376223776223776,-1.0,6781
backtest_ml_expert.json,ml_expert,USDJPY_H4,USDJPY,H4,vol_ratio,0.07072238349076906,0.5353293413173653,1.1225612551045803,6681
backtest_momentum_expert.json,momentum_expert,USDJPY_H4,USDJPY,H4,momentum,0.060232090534084834,0.5368731563421829,0.07250100950773053,6781
backtest_momentum_expert.json,momentum_expert,USDJPY_H4,USDJPY,H4,momentum_slow,0.07211942107196777,0.5345132743362832,1.3362264815793612,6781
backtest_momentum_expert.json,momentum_expert,USDJPY_H4,USDJPY,H4,acceleration,0.04869188150968103,0.536283185840708,0.29752099501920704,6781
backtest_momentum_expert.json,momentum_expert,USDJPY_H4,USDJPY,H4,momentum_ma_fast,0.04468739317131013,0.5398230088495575,0.07089650923369532,6781
backtest_momentum_expert.json,momentum_expert,USDJPY_H4,USDJPY,H4,momentum_ma_slow,0.056087597889779725,0.5342182890855457,0.05176449033844097,6781
backtest_momentum_expert.json,momentum_expert,USDJPY_H4,USDJPY,H4,momentum_cross,-0.00431224248318747,0.4688995215311005,0.0,6781
backtest_momentum_expert.json,momentum_expert,USDJPY_H4,USDJPY,H4,momentum_regime,0.05001117070955336,0.5343871325568497,-1.0,6781
backtest_momentum_expert.json,momentum_expert,USDJPY_H4,USDJPY,H4,momentum_strength,0.05231836925142099,0.531858407079646,1.7914378441125731,6781
backtest_momentum_expert.json,momentum_expert,USDJPY_H4,USDJPY,H4,momentum_score,0.06253545422593351,0.5371681415929204,0.16174035107029375,6781
backtest_momentum_expert.json,momentum_expert,USDJPY_H4,USDJPY,H4,momentum_signal,0.06253545422593351,0.5371681415929204,0.026159941164341872,6781
backtest_pattern_trigger.json,pattern_trigger,USDJPY_H4,USDJPY,H4,range,0.05228116564854308,0.5321533923303835,0.3859999999999957,6781
backtest_pattern_trigger.json,pattern_trigger,USDJPY_H4,USDJPY,H4,body,0.039542782333013615,0.5338582677165354,0.09799999999999898,6781
backtest_pattern_trigger.json,pattern_trigger,USDJPY_H4,USDJPY,H4,body_ratio,0.03932575841826915,0.531858407079646,0.45473251028806144,6781
backtest_pattern_trigger.json,pattern_trigger,USDJPY_H4,USDJPY,H4,upper_shadow,0.0466519719284227,0.5315333070555774,0.05699999999998795,6781
backtest_pattern_trigger.json,pattern_trigger,USDJPY_H4,USDJPY,H4,lower_shadow,0.06727120068762783,0.5460992907801419,0.2540000000000049,6781
backtest_pattern_trigger.json,pattern_trigger,USDJPY_H4,USDJPY,H4,upper_shadow_ratio,0.04355475353308036,0.5330383480825959,0.22058823529410995,6781
backtest_pattern_trigger.json,pattern_trigger,USDJPY_H4,USDJPY,H4,lower_shadow_ratio,0.0696966965121888,0.5533923303834808,0.41007194244605716,6781
backtest_pattern_trigger.json,pattern_trigger,USDJPY_H4,USDJPY,H4,is_bullish,0.0423609052691272,0.5372838106039127,0.0,6781
backtest_pattern_trigger.json,pattern_trigger,USDJPY_H4,USDJPY,H4,is_bearish,0.04254534121778302,0.5317361543248289,0.0,6781
backtest_pattern_trigger.json,pattern_trigger,USDJPY_H4,USDJPY,H4,hammer,0.09538767175771257,0.5714285714285714,0.0,6781
backtest_pattern_trigger.json,pattern_trigger,USDJPY_H4,USDJPY,H4,bullish_engulfing,0.09040790210283413,0.5785714285714286,0.0,6781
backtest_pattern_trigger.json,pattern_trigger,USDJPY_H4,USDJPY,H4,three_white_soldiers,0.16280754292657862,0.5504587155963303,0.0,6781
backtest_pattern_trigger.json,pattern_trigger,USDJPY_H4,USDJPY,H4,shooting_star,-0.03886108654452733,0.4489795918367347,0.0,6781
backtest_pattern_trigger.json,pattern_trigger,USDJPY_H4,USDJPY,H4,bearish_engulfing,-0.029438532404265316,0.5461847389558233,0.0,6781
backtest_pattern_trigger.json,pattern_trigger,USDJPY_H4,USDJPY,H4,three_black_crows,0.1765120789500218,0.5434782608695652,0.0,6781
backtest_pattern_trigger.json,pattern_trigger,USDJPY_H4,USDJPY,H4,doji,0.04866244632259073,0.5268361581920904,0.0,6781
backtest_pattern_trigger.json,pattern_trigger,USDJPY_H4,USDJPY,H4,inside_bar,0.0620439339177122,0.5446127946127947,0.0,6781
backtest_pullback_hunter.json,pullback_hunter,USDJPY_H4,USDJPY,H4,ema_fast,-0.05360009246062083,0.5469026548672566,149.49650750876495,6781
backtest_pullback_hunter.json,pullback_hunter,USDJPY_H4,USDJPY,H4,ema_slow,-0.06285166979292661,0.543952802359882,149.39343897557399,6781
backtest_pullback_hunter.json,pullback_hunter,USDJPY_H4,USDJPY,H4,trend_up,0.03647587508484256,0.5361462728551336,0.0,6781
backtest_pullback_hunter.json,pullback_hunter,USDJPY_H4,USDJPY,H4,trend_down,0.047797969486542,0.5327131782945737,0.0,6781
backtest_pullback_hunter.json,pullback_hunter,USDJPY_H4,USDJPY,H4,ma_distance,0.10269921747582192,0.551622418879056,0.48668741832010554,6781
backtest_pullback_hunter.json,pullback_hunter,USDJPY_H4,USDJPY,H4,ma_distance_norm,0.12209149246779344,0.5559545182525434,0.5768105586282747,6682
backtest_pullback_hunter.json,pullback_hunter,USDJPY_H4,USDJPY,H4,momentum,0.07220154397794669,0.5280567040756055,0.8892500000000041,6772
backtest_pullback_hunter.json,pullback_hunter,USDJPY_H4,USDJPY,H4,atr,0.08610099980600035,0.5410513880685174,0.839275,6772
backtest_pullback_hunter.json,pullback_hunter,USDJPY_H4,USDJPY,H4,keltner_base,-0.061933327758406556,0.543952802359882,149.40988268429243,6781
backtest_pullback_hunter.json,pullback_hunter,USDJPY_H4,USDJPY,H4,keltner_upper,-0.08722062942648187,0.5392793857058477,150.77364862545684,6772
backtest_pullback_hunter.json,pullback_hunter,USDJPY_H4,USDJPY,H4,keltner_lower,-0.050839691663086155,0.5475487300649734,148.1529736933612,6772
backtest_pullback_hunter.json,pullback_hunter,USDJPY_H4,USDJPY,H4,keltner_position,0.07537580685610511,0.5351447135262847,0.7762112002122344,6772
backtest_pullback_hunter.json,pullback_hunter,USDJPY_H4,USDJPY,H4,dist_to_upper,0.0933983128339649,0.5664500886001181,2.7918783937248017,6772
backtest_pullback_hunter.json,pullback_hunter,USDJPY_H4,USDJPY,H4,dist_to_lower,0.07537580685610511,0.5351447135262847,3.104844800425939,6772
backtest_pullback_hunter.json,pullback_hunter,USDJPY_H4,USDJPY,H4,swing_high,-0.8912373371489516,0.12030075187969924,0.0,6781
backtest_pullback_hunter.json,pullback_hunter,USDJPY_H4,USDJPY,H4,swing_low,0.9429203583816445,0.893719806763285,0.0,6781
backtest_pullback_hunter.json,pullback_hunter,USDJPY_H4,USDJPY,H4,last_swing_high,-0.06265182616550212,0.5409252669039146,150.689,6759
backtest_pullback_hunter.json,pullback_hunter,USDJPY_H4,USDJPY,H4,last_swing_low,-0.04528025359987005,0.552772808586762,148.227,6764
backtest_pullback_hunter.json,pullback_hunter,USDJPY_H4,USDJPY,H4,dist_to_swing_high,0.08684668467615825,0.563905325443787,1.6181395232529194,6759
backtest_pullback_hunter.json,pullback_hunter,USDJPY_H4,USDJPY,H4,dist_to_swing_low,0.01634475120501872,0.511925882121033,0.45621973125154536,6764
backtest_pullback_hunter.json,pullback_hunter,USDJPY_H4,USDJPY,H4,pullback_depth,0.030781031623378727,0.5248770894788594,0.0023819130796948243,6781
backtest_pullback_hunter.json,pullback_hunter,USDJPY_H4,USDJPY,H4,recent_high_20,-0.07690488274655688,0.5414691943127962,150.918,6762
backtest_pullback_hunter.json,pullback_hunter,USDJPY_H4,USDJPY,H4,recent_low_20,-0.04687558227359713,0.5493790656416322,148.08124999999998,6762
backtest_pullback_hunter.json,pullback_hunter,USDJPY_H4,USDJPY,H4,pullback_strength,-0.017542973496499106,0.5026611472501479,0.7452790183183982,6762
backtest_pullback_hunter.json,pullback_hunter,USDJPY_H4,USDJPY,H4,pullback_quality,0.07588017983655554,0.5440567711413364,0.8708479232076769,6762
backtest_risk_guardian.json,risk_guardian,USDJPY_H4,USDJPY,H4,returns,0.06402024679816212,0.5345132743362832,0.001972112992649322,6780
backtest_risk_guardian.json,risk_guardian,USDJPY_H4,USDJPY,H4,volatility,0.059220734664338935,0.5144713526284702,0.08112072062375711,6771
backtest_risk_guardian.json,risk_guardian,USDJPY_H4,USDJPY,H4,cumulative_returns,-0.0538496942165903,0.5427728613569321,1.6168989113866525,6781
backtest_risk_guardian.json,risk_guardian,USDJPY_H4,USDJPY,H4,running_max,0.03922375971900307,0.5505651397977395,1.3581937883095745,6781
backtest_risk_guardian.json,risk_guardian,USDJPY_H4,USDJPY,H4,drawdown,0.04498550865612316,0.5457227138643068,-0.08519827489843686,6781
backtest_risk_guardian.json,risk_guardian,USDJPY_H4,USDJPY,H4,max_drawdown,0.04533267934014929,0.5459123222748815,-0.0927980920080934,6772
backtest_risk_guardian.json,risk_guardian,USDJPY_H4,USDJPY,H4,sharpe_20,0.08005629900103393,0.5392793857058477,3.036329607507086,6771
backtest_risk_guardian.json,risk_guardian,USDJPY_H4,USDJPY,H4,mae,0.04933995053111643,0.5433628318584071,-0.001957467641620785,6780
backtest_risk_guardian.json,risk_guardian,USDJPY_H4,USDJPY,H4,mfe,0.049406198754282,0.536086529006883,0.0007715034570678888,6780
backtest_risk_guardian.json,risk_guardian,USDJPY_H4,USDJPY,H4,win_rate,0.08672967482061186,0.5486381322957199,0.56,6762
backtest_risk_guardian.json,risk_guardian,USDJPY_H4,USDJPY,H4,var_95,0.03883061237301105,0.5367487684729064,-0.007147692002808931,6771
backtest_seasonality_expert.json,seasonality_expert,USDJPY_H4,USDJPY,H4,is_asia,0.006409361736134988,0.5407407407407407,0.0,6781
backtest_seasonality_expert.json,seasonality_expert,USDJPY_H4,USDJPY,H4,is_london,0.051643101572088186,0.5326242585395786,0.0,6781
backtest_seasonality_expert.json,seasonality_expert,USDJPY_H4,USDJPY,H4,is_ny,-0.004258692764135143,0.5374868004223865,0.0,6781
backtest_seasonality_expert.json,seasonality_expert,USDJPY_H4,USDJPY,H4,is_overlap,0.001209013052188214,0.5433403805496829,0.0,6781
backtest_seasonality_expert.json,seasonality_expert,USDJPY_H4,USDJPY,H4,is_monday,0.06022160026862359,0.554290053151101,0.0,6781
backtest_seasonality_expert.json,seasonality_expert,USDJPY_H4,USDJPY,H4,is_friday,0.03374235833318867,0.5418569254185692,0.0,6781
backtest_seasonality_expert.json,seasonality_expert,USDJPY_H4,USDJPY,H4,is_month_start,0.019626677648888875,0.5150136487716106,0.0,6781
backtest_seasonality_expert.json,seasonality_expert,USDJPY_H4,USDJPY,H4,is_month_end,0.046300083568010256,0.5497198879551821,0.0,6781
backtest_stats_quant.json,stats_quant,USDJPY_H4,USDJPY,H4,mean_10,-0.0536022220976191,0.5460448642266824,149.5043,6777
backtest_stats_quant.json,stats_quant,USDJPY_H4,USDJPY,H4,std_10,0.06501111652472212,0.5301062573789846,0.7426383073397155,6777
backtest_stats_quant.json,stats_quant,USDJPY_H4,USDJPY,H4,var_10,0.06501111652472212,0.5301062573789846,0.5515116555283976,6777
backtest_stats_quant.json,stats_quant,USDJPY_H4,USDJPY,H4,median_10,-0.0444206327556127,0.5454545454545454,149.559,6777
backtest_stats_quant.json,stats_quant,USDJPY_H4,USDJPY,H4,zscore_10,0.058980957805931114,0.5242030696576151,1.0926284687112624,6777
backtest_stats_quant.json,stats_quant,USDJPY_H4,USDJPY,H4,dist_to_median_10,0.0520244482828223,0.5292207792207793,0.026735343786028386,6777
backtest_stats_quant.json,stats_quant,USDJPY_H4,USDJPY,H4,mean_20,-0.05564855568417856,0.5457767277023036,149.4684125,6772
backtest_stats_quant.json,stats_quant,USDJPY_H4,USDJPY,H4,std_20,0.0817852268710004,0.538098050797401,1.0267304228283134,6772
backtest_stats_quant.json,stats_quant,USDJPY_H4,USDJPY,H4,var_20,0.0817852268710004,0.538098050797401,1.0541753789430148,6772
backtest_stats_quant.json,stats_quant,USDJPY_H4,USDJPY,H4,median_20,-0.051993582743940094,0.5457767277023036,149.537625,6772
backtest_stats_quant.json,stats_quant,USDJPY_H4,USDJPY,H4,zscore_20,0.06795959225821709,0.5345540460720615,1.162378773655514,6772
backtest_stats_quant.json,stats_quant,USDJPY_H4,USDJPY,H4,dist_to_median_20,0.054387854400378514,0.5144713526284702,0.5802192344873975,6772
backtest_stats_quant.json,stats_quant,USDJPY_H4,USDJPY,H4,mean_50,-0.05292598027953438,0.5452930728241563,149.21896,6757
backtest_stats_quant.json,stats_quant,USDJPY_H4,USDJPY,H4,std_50,0.09106169567306645,0.5535820011841326,1.6701214669278486,6757
backtest_stats_quant.json,stats_quant,USDJPY_H4,USDJPY,H4,var_50,0.09106169567306645,0.5535820011841326,2.7893057142932287,6757
backtest_stats_quant.json,stats_quant,USDJPY_H4,USDJPY,H4,median_50,-0.05746547745602887,0.5447010065127295,149.39800000000002,6757
backtest_stats_quant.json,stats_quant,USDJPY_H4,USDJPY,H4,zscore_50,0.09556530729609966,0.5340438129070456,1.223122114367275,6757
backtest_stats_quant.json,stats_quant,USDJPY_H4,USDJPY,H4,dist_to_median_50,0.08068961315464225,0.5352279455298994,0.9804548068750675,6757
backtest_stats_quant.json,stats_quant,USDJPY_H4,USDJPY,H4,mean_100,-0.041511597065983445,0.5460487225193108,148.957055,6732
backtest_stats_quant.json,stats_quant,USDJPY_H4,USDJPY,H4,std_100,0.057531988522712865,0.5430778371954843,2.3017709422166255,6732
backtest_stats_quant.json,stats_quant,USDJPY_H4,USDJPY,H4,var_100,0.057531988522712865,0.5430778371954843,5.298149470812355,6732
backtest_stats_quant.json,stats_quant,USDJPY_H4,USDJPY,H4,median_100,-0.05109394744069875,0.5469678953626635,149.0935,6732
backtest_stats_quant.json,stats_quant,USDJPY_H4,USDJPY,H4,zscore_100,0.13742701718123668,0.5543672014260249,1.2477473236666636,6732
backtest_stats_quant.json,stats_quant,USDJPY_H4,USDJPY,H4,dist_to_median_100,0.11713470788111736,0.5448603683897801,1.4132443483485344,6732
backtest_stats_quant.json,stats_quant,USDJPY_H4,USDJPY,H4,mean_200,-0.04399484960362348,0.5511669658886894,149.140825,6682
backtest_stats_quant.json,stats_quant,USDJPY_H4,USDJPY,H4,std_200,0.07129365215543633,0.5445840813883902,3.381303447086732,6682
backtest_stats_quant.json,stats_quant,USDJPY_H4,USDJPY,H4,var_200,0.07129365215543633,0.5445840813883902,11.433214583132807,6682
backtest_stats_quant.json,stats_quant,USDJPY_H4,USDJPY,H4,median_200,-0.0557969888193158,0.5433871932974267,149.09500000000003,6682
backtest_stats_quant.json,stats_quant,USDJPY_H4,USDJPY,H4,zscore_200,0.113526512109137,0.5607420706163974,1.3190024385838701,6682
backtest_stats_quant.json,stats_quant,USDJPY_H4,USDJPY,H4,dist_to_median_200,0.08064685477588884,0.5481747456612807,2.4393319701645195,6682
backtest_stats_quant.json,stats_quant,USDJPY_H4,USDJPY,H4,return_1,0.06402024679816212,0.5345132743362832,0.1972112992649322,6780
backtest_stats_quant.json,stats_quant,USDJPY_H4,USDJPY,H4,returns_mean_1,0.06402024679816212,0.5345132743362832,0.001972112992649322,6780
backtest_stats_quant.json,stats_quant,USDJPY_H4,USDJPY,H4,log_return_1,0.06402024679816212,0.5345132743362832,0.19701709307054832,6780
backtest_stats_quant.json,stats_quant,USDJPY_H4,USDJPY,H4,pos_neg_ratio_1,0.04861643695268807,0.5404390525707683,0.0,6781
backtest_stats_quant.json,stats_quant,USDJPY_H4,USDJPY,H4,consistency_1,0.04861643695268807,0.5404390525707683,0.0,6781
backtest_stats_quant.json,stats_quant,USDJPY_H4,USDJPY,H4,return_5,0.0469418500804153,0.500590318772137,0.5304152626485426,6776
backtest_stats_quant.json,stats_quant,USDJPY_H4,USDJPY,H4,returns_mean_5,0.046222314513860004,0.5008849557522124,0.0010660589795792206,6779
backtest_stats_quant.json,stats_quant,USDJPY_H4,USDJPY,H4,returns_std_5,0.055424906748938185,0.5343759221009147,0.0029324453024700305,6779
backtest_stats_quant.json,stats_quant,USDJPY_H4,USDJPY,H4,returns_skew_5,0.03569529706825983,0.5305921699783592,-0.6765720879799276,6778
backtest_stats_quant.json,stats_quant,USDJPY_H4,USDJPY,H4,returns_kurtosis_5,0.05414200849914728,0.5442739079102715,1.8448604738592291,6777
backtest_stats_quant.json,stats_quant,USDJPY_H4,USDJPY,H4,log_return_5,0.0469418500804153,0.500590318772137,0.5290135153097232,6776
backtest_stats_quant.json,stats_quant,USDJPY_H4,USDJPY,H4,sharpe_5,0.06719318512933296,0.5203539823008849,0.39975192822602046,6779
backtest_stats_quant.json,stats_quant,USDJPY_H4,USDJPY,H4,pos_neg_ratio_5,0.06681159662422638,0.5311812179016875,1.499999999925,6777
backtest_stats_quant.json,stats_quant,USDJPY_H4,USDJPY,H4,consistency_5,0.06610474779230338,0.5328849028400597,0.6,6777
backtest_stats_quant.json,stats_quant,USDJPY_H4,USDJPY,H4,return_10,0.06119140633017623,0.5370753323485967,0.07422841515820622,6771
backtest_stats_quant.json,stats_quant,USDJPY_H4,USDJPY,H4,returns_mean_10,0.06233696467628352,0.5371900826446281,7.836535800824772e-05,6776
backtest_stats_quant.json,stats_quant,USDJPY_H4,USDJPY,H4,returns_std_10,0.05359030055353327,0.5289256198347108,0.0032340484858226206,6776
backtest_stats_quant.json,stats_quant,USDJPY_H4,USDJPY,H4,returns_skew_10,0.03308173689484703,0.5303030303030303,-0.5765590065970853,6776
backtest_stats_quant.json,stats_quant,USDJPY_H4,USDJPY,H4,returns_kurtosis_10,0.04663206533237589,0.5425029515938606,0.21816339659424955,6776
backtest_stats_quant.json,stats_quant,USDJPY_H4,USDJPY,H4,log_return_10,0.06119140633017623,0.5370753323485967,0.07420087949545016,6771
backtest_stats_quant.json,stats_quant,USDJPY_H4,USDJPY,H4,sharpe_10,0.06072242944330774,0.5380755608028335,0.027099325327363817,6776
backtest_stats_quant.json,stats_quant,USDJPY_H4,USDJPY,H4,pos_neg_ratio_10,0.06633144037734108,0.539378612716763,0.99999999998,6772
backtest_stats_quant.json,stats_quant,USDJPY_H4,USDJPY,H4,consistency_10,0.06424857727893701,0.5400221320545924,0.5,6772
backtest_stats_quant.json,stats_quant,USDJPY_H4,USDJPY,H4,return_20,0.04928498034460019,0.5254437869822485,1.1107338287341229,6761
backtest_stats_quant.json,stats_quant,USDJPY_H4,USDJPY,H4,returns_mean_20,0.047485025308388155,0.5251033668044891,0.0005576583487145348,6771
backtest_stats_quant.json,stats_quant,USDJPY_H4,USDJPY,H4,returns_std_20,0.059220734664338935,0.5144713526284702,0.0051101250701145184,6771
backtest_stats_quant.json,stats_quant,USDJPY_H4,USDJPY,H4,returns_skew_20,0.050635382683071606,0.5330838912957857,-0.5355617178649339,6771
backtest_stats_quant.json,stats_quant,USDJPY_H4,USDJPY,H4,returns_kurtosis_20,0.04304724766293714,0.5338716029933045,-0.220280364870603,6771
backtest_stats_quant.json,stats_quant,USDJPY_H4,USDJPY,H4,log_return_20,0.04928498034460019,0.5254437869822485,1.1046104815455606,6761
backtest_stats_quant.json,stats_quant,USDJPY_H4,USDJPY,H4,sharpe_20,0.08005629900103393,0.5392793857058477,0.19127078666395492,6771
backtest_stats_quant.json,stats_quant,USDJPY_H4,USDJPY,H4,pos_neg_ratio_20,0.1158191492167762,0.5729068673565381,1.49999999998125,6762
backtest_stats_quant.json,stats_quant,USDJPY_H4,USDJPY,H4,consistency_20,0.09570190576831004,0.5678048780487804,0.6,6762
backtest_stats_quant.json,stats_quant,USDJPY_H4,USDJPY,H4,cumulative_return_20,0.04928498034460019,0.5254437869822485,0.011107338287342339,6761
backtest_stats_quant.json,stats_quant,USDJPY_H4,USDJPY,H4,cumulative_return_50,0.0862793993915428,0.5329768270944741,0.018558691155229012,6731
backtest_stats_quant.json,stats_quant,USDJPY_H4,USDJPY,H4,cumulative_return_100,0.09453671685395917,0.5544910179640719,0.02919808815719538,6681
backtest_stochastic_expert.json,stochastic_expert,USDJPY_H4,USDJPY,H4,stoch_k_fast,0.07195848825629714,0.5354609929078015,82.90110185260244,6768
backtest_stochastic_expert.json,stochastic_expert,USDJPY_H4,USDJPY,H4,stoch_k,0.05729908481191454,0.5360520094562647,81.60573268456073,6766
backtest_stochastic_expert.json,stochastic_expert,USDJPY_H4,USDJPY,H4,stoch_d,0.046291535205543265,0.5319337670017741,56.28849357523981,6764
backtest_stochastic_expert.json,stochastic_expert,USDJPY_H4,USDJPY,H4,stoch_kd_diff,0.053804060793500315,0.5328208160851567,0.06743588161374969,6764
backtest_stochastic_expert.json,stochastic_expert,USDJPY_H4,USDJPY,H4,stoch_overbought,0.052868755281706814,0.5332235035694673,0.0,6781
backtest_stochastic_expert.json,stochastic_expert,USDJPY_H4,USDJPY,H4,stoch_oversold,0.12185203882111938,0.5876190476190476,0.0,6781
backtest_stochastic_expert.json,stochastic_expert,USDJPY_H4,USDJPY,H4,stoch_cross_up,0.07056063031637964,0.5488257107540173,0.0,6781
backtest_stochastic_expert.json,stochastic_expert,USDJPY_H4,USDJPY,H4,stoch_cross_down,0.00802464937981218,0.5166872682323856,0.0,6781
backtest_stochastic_expert.json,stochastic_expert,USDJPY_H4,USDJPY,H4,stoch_k_slow,0.046291535205543265,0.5319337670017741,56.28849357523981,6764
backtest_stochastic_expert.json,stochastic_expert,USDJPY_H4,USDJPY,H4,stoch_d_slow,0.04002371829644451,0.5257244234180958,80.08221567350995,6762
backtest_swing_expert.json,swing_expert,USDJPY_H4,USDJPY,H4,swing_high,-0.8912373371489516,0.12030075187969924,0.0,6781
backtest_swing_expert.json,swing_expert,USDJPY_H4,USDJPY,H4,swing_low,0.9429203583816445,0.893719806763285,0.0,6781
backtest_swing_expert.json,swing_expert,USDJPY_H4,USDJPY,H4,swing_high_value,-0.8959313540220234,0.16,150.3965,399
backtest_swing_expert.json,swing_expert,USDJPY_H4,USDJPY,H4,swing_low_value,1.030108299770055,0.875,148.14925,414
backtest_swing_expert.json,swing_expert,USDJPY_H4,USDJPY,H4,last_swing_high,-0.06265182616550212,0.5409252669039146,150.689,6759
backtest_swing_expert.json,swing_expert,USDJPY_H4,USDJPY,H4,last_swing_low,-0.04528025359987005,0.552772808586762,148.227,6764
backtest_swing_expert.json,swing_expert,USDJPY_H4,USDJPY,H4,dist_to_swing_high,0.08684668467615825,0.563905325443787,1.6181395232529194,6759
backtest_swing_expert.json,swing_expert,USDJPY_H4,USDJPY,H4,dist_to_swing_low,0.01634475120501872,0.511925882121033,0.45621973125154536,6764
backtest_swing_expert.json,swing_expert,USDJPY_H4,USDJPY,H4,swing_high_strength,-0.8859936381726335,0.12169312169312169,0.0,6771
backtest_swing_expert.json,swing_expert,USDJPY_H4,USDJPY,H4,swing_low_strength,0.9273320903327996,0.887468030690537,-0.0,6771
backtest_trend_master.json,trend_master,USDJPY_H4,USDJPY,H4,ema_9,-0.05360009246062083,0.5469026548672566,149.49650750876495,6781
backtest_trend_master.json,trend_master,USDJPY_H4,USDJPY,H4,ema_21,-0.06285166979292661,0.543952802359882,149.39343897557399,6781
backtest_trend_master.json,trend_master,USDJPY_H4,USDJPY,H4,ema_50,-0.04414133808031609,0.5469026548672566,148.97195030471173,6781
backtest_trend_master.json,trend_master,USDJPY_H4,USDJPY,H4,ema_100,-0.04864962311159672,0.5451327433628319,149.22770478034178,6781
backtest_trend_master.json,trend_master,USDJPY_H4,USDJPY,H4,ema_200,-0.052306876871937795,0.5486725663716814,149.38225661636457,6781
backtest_trend_master.json,trend_master,USDJPY_H4,USDJPY,H4,ma_200,-0.05020954689830261,0.5479951397326853,149.32808125000003,6582
backtest_trend_master.json,trend_master,USDJPY_H4,USDJPY,H4,ma_50,-0.05270296191571902,0.5454545454545454,149.27035,6732
backtest_trend_master.json,trend_master,USDJPY_H4,USDJPY,H4,ma_20,-0.05744702586137367,0.5458308693081018,149.4740375,6762
backtest_trend_master.json,trend_master,USDJPY_H4,USDJPY,H4,ema_9_slope,0.06634280251553186,0.5179941002949853,0.09840335169853631,6780
backtest_trend_master.json,trend_master,USDJPY_H4,USDJPY,H4,ema_9_slope_norm,0.05323129839983236,0.5279503105590062,0.028265200170566163,6762
backtest_trend_master.json,trend_master,USDJPY_H4,USDJPY,H4,ema_21_slope,0.07428513921438619,0.5351032448377581,0.06742216152481717,6780
backtest_trend_master.json,trend_master,USDJPY_H4,USDJPY,H4,ema_21_slope_norm,0.0534422710118979,0.5371191955042887,0.0263384712442339,6762
backtest_trend_master.json,trend_master,USDJPY_H4,USDJPY,H4,ema_50_slope,0.08399975206001667,0.5374631268436578,0.04563993310606662,6780
backtest_trend_master.json,trend_master,USDJPY_H4,USDJPY,H4,ema_50_slope_norm,0.05643257717851394,0.5215848610289769,0.18902369754182166,6762
backtest_trend_master.json,trend_master,USDJPY_H4,USDJPY,H4,price_vs_ma200,0.0847412996658483,0.5467800729040098,2.551074676239262,6582
backtest_trend_master.json,trend_master,USDJPY_H4,USDJPY,H4,above_ma200,0.05808867873299342,0.5396325459317586,0.0,6781
backtest_trend_master.json,trend_master,USDJPY_H4,USDJPY,H4,price_ema9_dist,0.06731069271278967,0.512684365781711,0.31014920842061366,6781
backtest_trend_master.json,trend_master,USDJPY_H4,USDJPY,H4,price_ema21_dist,0.06754084431948641,0.5250737463126843,0.5269832407035226,6781
backtest_trend_master.json,trend_master,USDJPY_H4,USDJPY,H4,price_ema50_dist,0.07982467131143896,0.5327433628318584,0.8599542943193126,6781
backtest_trend_master.json,trend_master,USDJPY_H4,USDJPY,H4,price_ema200_dist,0.09025332676971995,0.5427728613569321,2.216322657496898,6781
backtest_trend_master.json,trend_master,USDJPY_H4,USDJPY,H4,ema_alignment,0.05365565755197273,0.5380416240191062,0.0,6781
backtest_trend_master.json,trend_master,USDJPY_H4,USDJPY,H4,ema_long_alignment,0.06280139897275858,0.5483951231649664,-1.0,6781
backtest_trend_master.json,trend_master,USDJPY_H4,USDJPY,H4,ema_cross_9_21,-0.08767283545216407,0.4794520547945205,0.0,6781
backtest_trend_master.json,trend_master,USDJPY_H4,USDJPY,H4,ema_cross_21_50,-0.010120553932192185,0.5079365079365079,0.0,6781
backtest_trend_master.json,trend_master,USDJPY_H4,USDJPY,H4,log_return,0.06402024679816212,0.5345132743362832,0.001970170930705483,6780
backtest_trend_master.json,trend_master,USDJPY_H4,USDJPY,H4,return_1,0.06402024679816212,0.5345132743362832,0.1972112992649322,6780
backtest_trend_master.json,trend_master,USDJPY_H4,USDJPY,H4,return_5,0.0469418500804153,0.500590318772137,0.5304152626485426,6776
backtest_trend_master.json,trend_master,USDJPY_H4,USDJPY,H4,return_10,0.06119140633017623,0.5370753323485967,0.07422841515820622,6771
backtest_trend_master.json,trend_master,USDJPY_H4,USDJPY,H4,return_20,0.04928498034460019,0.5254437869822485,1.1107338287341229,6761
backtest_trend_master.json,trend_master,USDJPY_H4,USDJPY,H4,volatility_5,0.05667510127683288,0.5348288075560803,0.2933323343289993,6776
backtest_trend_master.json,trend_master,USDJPY_H4,USDJPY,H4,volatility_10,0.05424039171589937,0.5290989660265879,0.3232130001584161,6771
backtest_trend_master.json,trend_master,USDJPY_H4,USDJPY,H4,volatility_20,0.06189834020153952,0.5159763313609468,0.5097175386049949,6761
backtest_trend_master.json,trend_master,USDJPY_H4,USDJPY,H4,volatility_50,0.04998231161583497,0.5309033280507132,0.2558174022819275,6731
backtest_trend_master.json,trend_master,USDJPY_H4,USDJPY,H4,adx,0.04482071032256378,0.528023598820059,44.4138726722207,6781
backtest_trend_master.json,trend_master,USDJPY_H4,USDJPY,H4,plus_di,0.03316850017230233,0.5299901671583087,14.11509228792239,6781
backtest_trend_master.json,trend_master,USDJPY_H4,USDJPY,H4,minus_di,0.059939897757196235,0.5480825958702065,28.744869050110154,6781
backtest_trend_master.json,trend_master,USDJPY_H4,USDJPY,H4,adx_regime,0.024192540791181504,0.5246706277447688,1.0,6781
backtest_trend_master.json,trend_master,USDJPY_H4,USDJPY,H4,di_direction,0.045347216809702544,0.5331739390316796,-1.0,6781
backtest_trend_master.json,trend_master,USDJPY_H4,USDJPY,H4,rsi_14,0.048743063899587935,0.5356192728347621,51.57121135326906,6767
backtest_trend_master.json,trend_master,USDJPY_H4,USDJPY,H4,rsi_7,0.05627322155705054,0.5200708382526564,70.85294778137572,6774
backtest_trend_master.json,trend_master,USDJPY_H4,USDJPY,H4,rsi_21,0.07373755501343568,0.5384615384615384,62.10673378465718,6760
backtest_trend_master.json,trend_master,USDJPY_H4,USDJPY,H4,rsi_slope,0.0539926265433409,0.5396137169885692,-3.9529839554131474,6766
backtest_trend_master.json,trend_master,USDJPY_H4,USDJPY,H4,rsi_slope_norm,0.0539926265433409,0.5396137169885692,-0.039529839554131474,6766
backtest_trend_master.json,trend_master,USDJPY_H4,USDJPY,H4,rsi_regime,0.06615546783111557,0.5351374945438673,0.0,6781
backtest_trend_master.json,trend_master,USDJPY_H4,USDJPY,H4,rsi_divergence,-0.019067915898642818,0.5343511450381679,0.0,6781
backtest_trend_master.json,trend_master,USDJPY_H4,USDJPY,H4,atr,0.07416671079555132,0.543144208037825,0.838357142857143,6768
backtest_trend_master.json,trend_master,USDJPY_H4,USDJPY,H4,atr_14,0.07416671079555132,0.543144208037825,0.838357142857143,6768
backtest_trend_master.json,trend_master,USDJPY_H4,USDJPY,H4,atr_percent,0.08002851673136452,0.5295508274231678,0.7743400157761118,6768
backtest_trend_master.json,trend_master,USDJPY_H4,USDJPY,H4,atr_norm,0.09781983755777665,0.569047619047619,1.130366141881007,6719
backtest_trend_master.json,trend_master,USDJPY_H4,USDJPY,H4,macd_line,0.06153967721898352,0.5386430678466076,0.37090550819385726,6781
backtest_trend_master.json,trend_master,USDJPY_H4,USDJPY,H4,macd_signal,0.07813203203500235,0.5309734513274337,0.3420613601825821,6781
backtest_trend_master.json,trend_master,USDJPY_H4,USDJPY,H4,macd_histogram,0.04080110153791803,0.5339233038348082,-0.09558836169848273,6781
backtest_trend_master.json,trend_master,USDJPY_H4,USDJPY,H4,macd_regime,0.02476907421311475,0.5168860904407556,-1.0,6781
backtest_trend_master.json,trend_master,USDJPY_H4,USDJPY,H4,macd_cross,0.07993628322498808,0.5095057034220533,0.0,6781
backtest_trend_master.json,trend_master,USDJPY_H4,USDJPY,H4,bb_upper,-0.04637840304262084,0.5470136014192786,151.08498845303498,6762
backtest_trend_master.json,trend_master,USDJPY_H4,USDJPY,H4,bb_middle,-0.05744702586137367,0.5458308693081018,149.4740375,6762
backtest_trend_master.json,trend_master,USDJPY_H4,USDJPY,H4,bb_lower,-0.04482366423844659,0.550561797752809,148.13230062159585,6762
backtest_trend_master.json,trend_master,USDJPY_H4,USDJPY,H4,bb_width,0.095298694027181,0.5381431105854524,3.5562767271843274,6762
backtest_trend_master.json,trend_master,USDJPY_H4,USDJPY,H4,bb_position,0.06712182629172195,0.5339233038348082,0.7903179024351874,6781
backtest_trend_master.json,trend_master,USDJPY_H4,USDJPY,H4,bb_squeeze,0.03949321772979784,0.53248031496063,0.0,6781
backtest_trend_master.json,trend_master,USDJPY_H4,USDJPY,H4,donchian_upper,-0.07690488274655688,0.5414691943127962,150.918,6762
backtest_trend_master.json,trend_master,USDJPY_H4,USDJPY,H4,donchian_lower,-0.04687558227359713,0.5493790656416322,148.08124999999998,6762
backtest_trend_master.json,trend_master,USDJPY_H4,USDJPY,H4,donchian_mid,-0.07065388694072348,0.5431952662721894,149.2515,6762
backtest_trend_master.json,trend_master,USDJPY_H4,USDJPY,H4,donchian_width,0.0893332276144793,0.537551744529864,0.03688398966586004,6762
backtest_trend_master.json,trend_master,USDJPY_H4,USDJPY,H4,donchian_position,0.07801487847180431,0.5399172087522176,0.8346942160829443,6762
backtest_trend_master.json,trend_master,USDJPY_H4,USDJPY,H4,volume_ma_20,-0.06207482653815663,0.4794520547945205,0.0,6762
backtest_trend_master.json,trend_master,USDJPY_H4,USDJPY,H4,volume_ratio,-0.09224167075597167,0.4200913242009132,1.2628225953752812,876
backtest_trend_master.json,trend_master,USDJPY_H4,USDJPY,H4,volume_regime,-0.06001027727286834,0.4517374517374517,0.0,6781
backtest_trend_master.json,trend_master,USDJPY_H4,USDJPY,H4,volume_sma_ratio,-0.0982244841855822,0.4346153846153846,1.264739312264148,1040
backtest_trend_master.json,trend_master,USDJPY_H4,USDJPY,H4,volume_sma_ratio_100,-0.11797037031329198,0.439873417721519,1.248723393373766,1262
backtest_trend_master.json,trend_master,USDJPY_H4,USDJPY,H4,trend_regime,0.05365565755197273,0.5380416240191062,0.0,6781
backtest_trend_master.json,trend_master,USDJPY_H4,USDJPY,H4,bull_score,0.06678847279217397,0.522744220730798,6.0,6781
backtest_trend_master.json,trend_master,USDJPY_H4,USDJPY,H4,bear_score,0.05286463664269999,0.5541635961680177,5.0,6781
backtest_trend_master.json,trend_master,USDJPY_H4,USDJPY,H4,trend_signal,0.06079711412591896,0.5201320132013202,0.7142857142857143,6781
backtest_trend_master.json,trend_master,USDJPY_H4,USDJPY,H4,trend_strength_score,0.07442645932545287,0.5297935103244837,0.935760052822681,6781
backtest_trend_master.json,trend_master,USDJPY_H4,USDJPY,H4,direction_confidence,0.06985429599016713,0.5460510328068043,0.7,6781
backtest_trend_master.json,trend_master,USDJPY_H4,USDJPY,H4,trend_direction,0.04942119882441064,0.5346742719903933,-1.0,6781
backtest_trend_master.json,trend_master,USDJPY_H4,USDJPY,H4,trend_score,0.050534255011943544,0.5365781710914455,-0.12842171280193415,6781
backtest_trend_master.json,trend_master,USDJPY_H4,USDJPY,H4,trend_master_signal,0.050534255011943544,0.5365781710914455,-0.12842171280193415,6781
backtest_trend_master.json,trend_master,USDJPY_H4,USDJPY,H4,ema_9_21_distance,0.10269921747582192,0.551622418879056,0.48668741832010554,6781
backtest_trend_master.json,trend_master,USDJPY_H4,USDJPY,H4,ema_21_50_distance,0.10919316364887545,0.5551622418879056,0.7386696205428764,6781
backtest_trend_master.json,trend_master,USDJPY_H4,USDJPY,H4,ema_max_distance,0.10263307456232205,0.5533923303834808,0.7761228179961605,6781
backtest_trend_master.json,trend_master,USDJPY_H4,USDJPY,H4,volatility_ratio_20_100,0.06511071230873468,0.5330132052821128,1.163018131680272,6662
backtest_trend_master.json,trend_master,USDJPY_H4,USDJPY,H4,volatility_ratio_10_50,0.05326786962720055,0.5379884943463599,0.7449774350105605,6722
backtest_trend_master.json,trend_master,USDJPY_H4,USDJPY,H4,low_volatility,0.020847830702862388,0.5437062937062938,0.0,6781
backtest_trend_master.json,trend_master,USDJPY_H4,USDJPY,H4,candle_range,0.05855345033566613,0.5342182890855457,0.4817929369744185,6781
backtest_trend_master.json,trend_master,USDJPY_H4,USDJPY,H4,range_ratio_20,0.04562474836639277,0.5371721553934136,0.6687603169975216,6762
backtest_trend_master.json,trend_master,USDJPY_H4,USDJPY,H4,range_ratio_50,0.06324444561073932,0.5377302436125966,0.8968951624917626,6732
backtest_trend_master.json,trend_master,USDJPY_H4,USDJPY,H4,small_range,0.04277813924689978,0.5362242199894236,0.0,6781
backtest_trend_master.json,trend_master,USDJPY_H4,USDJPY,H4,rsi_neutral_40_60,0.001333179795025958,0.5188536953242836,0.0,6781
backtest_trend_master.json,trend_master,USDJPY_H4,USDJPY,H4,rsi_neutral_45_55,-0.017365555567535756,0.5067771084337349,0.0,6781
backtest_trend_master.json,trend_master,USDJPY_H4,USDJPY,H4,adx_very_low,0.027537474056614303,0.5426278836509528,0.0,6781
backtest_trend_master.json,trend_master,USDJPY_H4,USDJPY,H4,adx_low,0.06885355860304611,0.5470085470085471,0.0,6781
backtest_trend_master.json,trend_master,USDJPY_H4,USDJPY,H4,adx_medium,0.01783855956629642,0.5316455696202531,0.0,6781
backtest_trend_master.json,trend_master,USDJPY_H4,USDJPY,H4,adx_high,0.050173876464093034,0.5272154745838956,0.0,6781
backtest_trend_master.json,trend_master,USDJPY_H4,USDJPY,H4,bb_width_ratio,0.06613561434106015,0.5214541120381406,1.2393346308833137,6713
backtest_trend_master.json,trend_master,USDJPY_H4,USDJPY,H4,bb_squeeze_strength,0.04605799611618202,0.5396305125148987,0.07622697322794347,6713
backtest_trend_master.json,trend_master,USDJPY_H4,USDJPY,H4,bb_squeeze_intense,0.05987663387996716,0.5611907386990077,0.0,6781
backtest_trend_master.json,trend_master,USDJPY_H4,USDJPY,H4,sideways_score,0.04579359665973287,0.540522133938706,0.15,6781
backtest_trend_master.json,trend_master,USDJPY_H4,USDJPY,H4,momentum_5,0.043851788971414014,0.49970466627288834,0.44016082156900893,6772
backtest_trend_master.json,trend_master,USDJPY_H4,USDJPY,H4,momentum_10,0.05345853668685945,0.5177304964539007,0.6999786291320876,6767
backtest_trend_master.json,trend_master,USDJPY_H4,USDJPY,H4,momentum_divergence,0.053110302543245634,0.5177304964539007,0.3739339511490491,6767
backtest_trend_master.json,trend_master,USDJPY_H4,USDJPY,H4,acceleration,0.05151452305070086,0.5288461538461539,0.0,6780
backtest_volatility_gauge.json,volatility_gauge,USDJPY_H4,USDJPY,H4,tr,0.05343462463524729,0.5321533923303835,0.8900000000000006,6781
backtest_volatility_gauge.json,volatility_gauge,USDJPY_H4,USDJPY,H4,atr,0.07190863072514231,0.5425029515938606,0.8389642857142847,6775
backtest_volatility_gauge.json,volatility_gauge,USDJPY_H4,USDJPY,H4,atr_pct,0.07663070275700165,0.5277449822904369,0.7752672141996922,6775
backtest_volatility_gauge.json,volatility_gauge,USDJPY_H4,USDJPY,H4,atr_ma,0.05030494015598044,0.5352279455298994,0.8337539285714287,6756
backtest_volatility_gauge.json,volatility_gauge,USDJPY_H4,USDJPY,H4,atr_ratio,0.09495511100484778,0.5660153937240971,1.1289201125845214,6756
backtest_volatility_gauge.json,volatility_gauge,USDJPY_H4,USDJPY,H4,atr_change,0.04879510700748645,0.5415354330708662,-0.030162890124536712,6774
backtest_volatility_gauge.json,volatility_gauge,USDJPY_H4,USDJPY,H4,atr_pct_zscore,0.09528089756899402,0.5554224086279209,0.7135007663790871,6676
backtest_volatility_gauge.json,volatility_gauge,USDJPY_H4,USDJPY,H4,atr_percentile,0.07800013142633838,0.5381277123372598,0.75,6524
backtest_volatility_gauge.json,volatility_gauge,USDJPY_H4,USDJPY,H4,bb_middle,-0.05564855568417856,0.5457767277023036,149.4684125,6772
backtest_volatility_gauge.json,volatility_gauge,USDJPY_H4,USDJPY,H4,bb_std,0.0817852268710004,0.538098050797401,1.0267304228283134,6772
backtest_volatility_gauge.json,volatility_gauge,USDJPY_H4,USDJPY,H4,bb_upper,-0.0454817501393297,0.5475487300649734,151.07736053960838,6772
backtest_volatility_gauge.json,volatility_gauge,USDJPY_H4,USDJPY,H4,bb_lower,-0.04478337431774927,0.5505020673360898,148.11639676452023,6772
backtest_volatility_gauge.json,volatility_gauge,USDJPY_H4,USDJPY,H4,bb_width,0.0946006778679092,0.5386887182516243,0.03568086174340682,6772
backtest_volatility_gauge.json,volatility_gauge,USDJPY_H4,USDJPY,H4,bb_width_pct,0.0946006778679092,0.5386887182516243,3.5680861743406824,6772
backtest_volatility_gauge.json,volatility_gauge,USDJPY_H4,USDJPY,H4,bb_position,0.06795959225821709,0.5345540460720615,0.7905946934352908,6772
backtest_volatility_gauge.json,volatility_gauge,USDJPY_H4,USDJPY,H4,bb_percent_b,0.06795959225821709,0.5345540460720615,0.7905946934352908,6772
backtest_volatility_gauge.json,volatility_gauge,USDJPY_H4,USDJPY,H4,bb_width_ma,0.07517184992738438,0.5337677725118484,0.0353773070397569,6753
backtest_volatility_gauge.json,volatility_gauge,USDJPY_H4,USDJPY,H4,bb_width_ratio,0.06616086978808565,0.5201421800947867,1.239179460092548,6753
backtest_volatility_gauge.json,volatility_gauge,USDJPY_H4,USDJPY,H4,bb_tight,0.009925895034219341,0.536281179138322,0.0,6781
backtest_volatility_gauge.json,volatility_gauge,USDJPY_H4,USDJPY,H4,bb_wide,0.07096925379621044,0.5175675675675676,0.0,6781
backtest_volatility_gauge.json,volatility_gauge,USDJPY_H4,USDJPY,H4,kc_middle,-0.061933327758406556,0.543952802359882,149.40988268429243,6781
backtest_volatility_gauge.json,volatility_gauge,USDJPY_H4,USDJPY,H4,kc_upper,-0.0727259023154814,0.5425029515938606,150.41183407881965,6775
backtest_volatility_gauge.json,volatility_gauge,USDJPY_H4,USDJPY,H4,kc_lower,-0.04742922066736425,0.551357733175915,148.46369105907942,6775
backtest_volatility_gauge.json,volatility_gauge,USDJPY_H4,USDJPY,H4,kc_width,0.08063769472378747,0.5289256198347108,0.023213445588804407,6775
backtest_volatility_gauge.json,volatility_gauge,USDJPY_H4,USDJPY,H4,kc_position,0.07578036523799872,0.5348288075560803,0.8756211375827571,6775
backtest_volatility_gauge.json,volatility_gauge,USDJPY_H4,USDJPY,H4,bb_kc_width_ratio,0.0580252261042559,0.5369167158889545,1.1002791872950022,6772
backtest_volatility_gauge.json,volatility_gauge,USDJPY_H4,USDJPY,H4,squeeze_on,-0.004079099414512688,0.5354058721934369,0.0,6781
backtest_volatility_gauge.json,volatility_gauge,USDJPY_H4,USDJPY,H4,squeeze_count,-0.004079099414512688,0.5354058721934369,0.0,6781
backtest_volatility_gauge.json,volatility_gauge,USDJPY_H4,USDJPY,H4,squeeze_release,-0.0908089353301251,0.48854961832061067,0.0,6781
backtest_volatility_gauge.json,volatility_gauge,USDJPY_H4,USDJPY,H4,squeeze_tightness,-0.003965894216569943,0.5396687009590235,0.0,6772
backtest_volatility_gauge.json,volatility_gauge,USDJPY_H4,USDJPY,H4,squeeze_direction,0.05999967729957143,0.5374149659863946,0.0,6781
backtest_volatility_gauge.json,volatility_gauge,USDJPY_H4,USDJPY,H4,squeeze_momentum,-0.025991932187192517,0.5529953917050692,0.0,6771
backtest_volatility_gauge.json,volatility_gauge,USDJPY_H4,USDJPY,H4,squeeze_power,0.08842244873888251,0.5531600708800946,0.1752721257357744,6772
backtest_volatility_gauge.json,volatility_gauge,USDJPY_H4,USDJPY,H4,volatility_regime_multiplier,0.052414801006292526,0.5142636854279106,1.5,6781
backtest_volatility_gauge.json,volatility_gauge,USDJPY_H4,USDJPY,H4,regime_change,0.046240475196537976,0.5370370370370371,0.0,6781
backtest_volatility_gauge.json,volatility_gauge,USDJPY_H4,USDJPY,H4,volatility_score,0.052414801006292526,0.5142636854279106,0.8,6781
backtest_volatility_gauge.json,volatility_gauge,USDJPY_H4,USDJPY,H4,projected_move,0.06032106528569777,0.5295159386068476,1.1104821428571405,6775
backtest_volatility_gauge.json,volatility_gauge,USDJPY_H4,USDJPY,H4,projected_move_pct,0.0643130596275291,0.5242030696576151,0.9272704729073282,6775
backtest_volatility_gauge.json,volatility_gauge,USDJPY_H4,USDJPY,H4,projected_move_1,0.06032106528569777,0.5295159386068476,1.1104821428571405,6775
backtest_volatility_gauge.json,volatility_gauge,USDJPY_H4,USDJPY,H4,projected_move_pct_1,0.0643130596275291,0.5242030696576151,0.9272704729073282,6775
backtest_volatility_gauge.json,volatility_gauge,USDJPY_H4,USDJPY,H4,projected_move_2,0.06032106528569777,0.5295159386068476,1.5704589072017052,6775
backtest_volatility_gauge.json,volatility_gauge,USDJPY_H4,USDJPY,H4,projected_move_pct_2,0.0643130596275291,0.5242030696576151,1.3113584787736574,6775
backtest_volatility_gauge.json,volatility_gauge,USDJPY_H4,USDJPY,H4,projected_move_3,0.06032106528569777,0.5295159386068476,1.9234114923265275,6775
backtest_volatility_gauge.json,volatility_gauge,USDJPY_H4,USDJPY,H4,projected_move_pct_3,0.0643130596275291,0.5242030696576151,1.6060795714339127,6775
backtest_volatility_gauge.json,volatility_gauge,USDJPY_H4,USDJPY,H4,projected_move_5,0.06032106528569777,0.5295159386068476,2.483113559228199,6775
backtest_volatility_gauge.json,volatility_gauge,USDJPY_H4,USDJPY,H4,projected_move_pct_5,0.0643130596275291,0.5242030696576151,2.0734398109491634,6775
backtest_volatility_gauge.json,volatility_gauge,USDJPY_H4,USDJPY,H4,volatility_annual,0.07663070275700165,0.5277449822904369,12.30698549036537,6775
backtest_volatility_gauge.json,volatility_gauge,USDJPY_H4,USDJPY,H4,space_to_bb_upper,0.07204741231006179,0.5534554046072061,3.0248812776694063,6772
backtest_volatility_gauge.json,volatility_gauge,USDJPY_H4,USDJPY,H4,space_to_bb_lower,0.0658869293932836,0.5321913762551683,3.510671319998826,6772
backtest_volatility_gauge.json,volatility_gauge,USDJPY_H4,USDJPY,H4,space_to_kc_upper,0.09305058082434552,0.5655253837072018,2.297304904715971,6775
backtest_volatility_gauge.json,volatility_gauge,USDJPY_H4,USDJPY,H4,space_to_kc_lower,0.07578036523799872,0.5348288075560803,2.6268634125146533,6775
backtest_volatility_gauge.json,volatility_gauge,USDJPY_H4,USDJPY,H4,space_to_bb_upper_pct,0.050936906337836464,0.5386887182516243,1.812240638502453,6772
backtest_volatility_gauge.json,volatility_gauge,USDJPY_H4,USDJPY,H4,space_to_bb_lower_pct,0.06720658302240316,0.5150620200826934,1.8860808494485886,6772
backtest_volatility_gauge.json,volatility_gauge,USDJPY_H4,USDJPY,H4,avg_space,0.05784582588287458,0.5361291592833235,1.6651424271892616,6772
backtest_volume_expert.json,volume_expert,USDJPY_H4,USDJPY,H4,volume_ma_20,0.05841028775408223,0.5377107364685004,41528.175,6762
backtest_volume_expert.json,volume_expert,USDJPY_H4,USDJPY,H4,volume_ratio_20,0.05606541843591405,0.5458308693081018,1.2077529850297055,6762
backtest_volume_expert.json,volume_expert,USDJPY_H4,USDJPY,H4,volume_ma_50,0.05547443928949004,0.5329768270944741,43072.3,6732
backtest_volume_expert.json,volume_expert,USDJPY_H4,USDJPY,H4,volume_ratio_50,0.06391272442282427,0.5484254307783719,1.236345661926284,6732
backtest_volume_expert.json,volume_expert,USDJPY_H4,USDJPY,H4,obv,-0.054750278812887146,0.5415929203539823,3994997.0,6781
backtest_zone_mapper.json,zone_mapper,USDJPY_H4,USDJPY,H4,prev_high,-0.04633284770680169,0.5469026548672566,149.85125,6780
backtest_zone_mapper.json,zone_mapper,USDJPY_H4,USDJPY,H4,prev_low,-0.04802790494240726,0.5457227138643068,149.19625,6780
backtest_zone_mapper.json,zone_mapper,USDJPY_H4,USDJPY,H4,prev_close,-0.050207005932648395,0.5445427728613569,149.56725,6780
backtest_zone_mapper.json,zone_mapper,USDJPY_H4,USDJPY,H4,pivot,-0.04712477100198227,0.5457227138643068,149.54041666666666,6780
backtest_zone_mapper.json,zone_mapper,USDJPY_H4,USDJPY,H4,r1,-0.04923929230349145,0.5457227138643068,149.86316666666664,6780
backtest_zone_mapper.json,zone_mapper,USDJPY_H4,USDJPY,H4,s1,-0.047763165259139644,0.5457227138643068,149.23616666666663,6780
backtest_zone_mapper.json,zone_mapper,USDJPY_H4,USDJPY,H4,resistance_20,-0.07690488274655688,0.5414691943127962,150.918,6772
backtest_zone_mapper.json,zone_mapper,USDJPY_H4,USDJPY,H4,support_20,-0.0456991924503386,0.5499113998818665,148.006,6772
backtest_zone_mapper.json,zone_mapper,USDJPY_H4,USDJPY,H4,dist_to_res_20,0.04175467185370276,0.5306162630439063,0.364604638158071,6772
backtest_zone_mapper.json,zone_mapper,USDJPY_H4,USDJPY,H4,dist_to_sup_20,0.08759272216606774,0.5286473715298287,2.057813643418732,6772
backtest_zone_mapper.json,zone_mapper,USDJPY_H4,USDJPY,H4,at_resistance_20,0.04125635039174581,0.538210624417521,0.0,6781
backtest_zone_mapper.json,zone_mapper,USDJPY_H4,USDJPY,H4,at_support_20,0.11372005396226195,0.5792188651436994,0.0,6781
backtest_zone_mapper.json,zone_mapper,USDJPY_H4,USDJPY,H4,resistance_50,-0.06541106364170785,0.5463855421686747,151.908,6757
backtest_zone_mapper.json,zone_mapper,USDJPY_H4,USDJPY,H4,support_50,-0.06798360601242097,0.5387803433984606,146.618,6757
backtest_zone_mapper.json,zone_mapper,USDJPY_H4,USDJPY,H4,dist_to_res_50,0.060862122290478084,0.5417406749555951,2.952226159707986,6757
backtest_zone_mapper.json,zone_mapper,USDJPY_H4,USDJPY,H4,dist_to_sup_50,0.06620498805144664,0.5358200118413262,3.399929422622758,6757
backtest_zone_mapper.json,zone_mapper,USDJPY_H4,USDJPY,H4,at_resistance_50,0.10144517850796704,0.5468644639244774,0.0,6781
backtest_zone_mapper.json,zone_mapper,USDJPY_H4,USDJPY,H4,at_support_50,0.14241469818175137,0.6081871345029239,0.0,6781
backtest_zone_mapper.json,zone_mapper,USDJPY_H4,USDJPY,H4,resistance_100,0.03922375971900307,0.5505651397977395,125.853,6732
backtest_zone_mapper.json,zone_mapper,USDJPY_H4,USDJPY,H4,support_100,-0.07414529254255965,0.5374848851269649,146.215,6732
backtest_zone_mapper.json,zone_mapper,USDJPY_H4,USDJPY,H4,dist_to_res_100,0.04438530449731638,0.5311942959001783,4.08108500405865,6732
backtest_zone_mapper.json,zone_mapper,USDJPY_H4,USDJPY,H4,dist_to_sup_100,0.05723012001858445,0.5228758169934641,5.142512029469879,6732
backtest_zone_mapper.json,zone_mapper,USDJPY_H4,USDJPY,H4,at_resistance_100,0.14825454234616742,0.5694315004659832,0.0,6781
backtest_zone_mapper.json,zone_mapper,USDJPY_H4,USDJPY,H4,at_support_100,0.1292903219722938,0.5984848484848485,0.0,6781
