expert,model_type,file_name,path,exists,size_mb,accuracy,precision,recall,f1,auc,training_time,n_samples,source_timestamp
ichimoku_expert,random_forest,ichimoku_expert_random_forest.pkl,BACKUP\OMNIS_Copia\modelos_trading\models\ichimoku_expert_random_forest.pkl,True,3.807381,0.6059822747415067,0.6167048054919908,0.4240755310778914,0.5025641025641026,0.6420163521454731,0.43923115730285645,13539,2026-03-22T09:47:27.071935
ichimoku_expert,gradient_boosting,ichimoku_expert_gradient_boosting.pkl,BACKUP\OMNIS_Copia\modelos_trading\models\ichimoku_expert_gradient_boosting.pkl,True,0.329482,0.5908419497784343,0.5906562847608454,0.4177812745869394,0.4894009216589862,0.6257895880864661,1.4000244140625,13539,2026-03-22T09:47:27.071935
fibonacci_expert,random_forest,fibonacci_expert_random_forest.pkl,BACKUP\OMNIS_Copia\modelos_trading\models\fibonacci_expert_random_forest.pkl,True,3.763131,0.5796084226080532,0.5761741122565864,0.3957513768686074,0.46921641791044777,0.6237595580870895,0.45096325874328613,13534,2026-03-22T09:47:27.071935
fibonacci_expert,gradient_boosting,fibonacci_expert_gradient_boosting.pkl,BACKUP\OMNIS_Copia\modelos_trading\models\fibonacci_expert_gradient_boosting.pkl,True,0.319887,0.5796084226080532,0.5748031496062992,0.4020456333595594,0.47314814814814815,0.613414414986993,1.6424665451049805,13534,2026-03-22T09:47:27.071935
ichimoku_expert,xgboost,ichimoku_expert_xgboost.pkl,BACKUP\OMNIS_Copia\modelos_trading\models\ichimoku_expert_xgboost.pkl,True,0.186248,0.5642540620384048,0.5477439664218258,0.4107002360346184,0.4694244604316547,0.5870524800607964,0.08695578575134277,13539,2026-03-22T09:47:27.071935
ichimoku_expert,lightgbm,ichimoku_expert_lightgbm.pkl,BACKUP\OMNIS_Copia\modelos_trading\models\ichimoku_expert_lightgbm.pkl,True,0.202959,0.5616691285081241,0.5475113122171946,0.3808025177025964,0.4491879350348028,0.5820810248643937,0.07978463172912598,13539,2026-03-22T09:47:27.071935
fibonacci_expert,lightgbm,fibonacci_expert_lightgbm.pkl,BACKUP\OMNIS_Copia\modelos_trading\models\fibonacci_expert_lightgbm.pkl,True,0.216125,0.5570742519394163,0.5420560747663551,0.36506687647521635,0.43629525152797366,0.5707451856170103,0.07774043083190918,13534,2026-03-22T09:47:27.071935
fibonacci_expert,xgboost,fibonacci_expert_xgboost.pkl,BACKUP\OMNIS_Copia\modelos_trading\models\fibonacci_expert_xgboost.pkl,True,0.189821,0.5437753971185815,0.5192719486081371,0.3815892997639654,0.4399092970521542,0.5636362042477466,0.10774731636047363,13534,2026-03-22T09:47:27.071935
trend_master,random_forest,trend_master_random_forest.pkl,BACKUP\OMNIS_Copia\modelos_trading\models\trend_master_random_forest.pkl,True,3.203694,0.5401344404903123,0.5473411154345007,0.08931216931216931,0.15356622998544395,0.5617531080116871,1.5251436233520508,50580,2026-03-22T09:47:27.071935
zone_mapper,random_forest,zone_mapper_random_forest.pkl,BACKUP\OMNIS_Copia\modelos_trading\models\zone_mapper_random_forest.pkl,True,3.130709,0.5517750387482471,0.6141479099678456,0.12018247601069687,0.20102618076568873,0.5570090003522346,1.1519625186920166,67745,2026-03-22T09:47:27.071935
zone_mapper,gradient_boosting,zone_mapper_gradient_boosting.pkl,BACKUP\OMNIS_Copia\modelos_trading\models\zone_mapper_gradient_boosting.pkl,True,0.346461,0.5481585356852904,0.5829216654904729,0.129935504168633,0.21250321584769746,0.5491538913861433,4.195080041885376,67745,2026-03-22T09:47:27.071935
trend_master,gradient_boosting,trend_master_gradient_boosting.pkl,BACKUP\OMNIS_Copia\modelos_trading\models\trend_master_gradient_boosting.pkl,True,0.314567,0.5435943060498221,0.5655339805825242,0.09862433862433863,0.16795819066498469,0.5485914501829916,8.818073034286499,50580,2026-03-22T09:47:27.071935
volume_expert,xgboost,volume_expert_xgboost.pkl,BACKUP\OMNIS_Copia\modelos_trading\models\volume_expert_xgboost.pkl,True,0.177433,0.5425358780884746,0.5301659125188537,0.2216267339218159,0.3125833703868386,0.5483194532870732,0.20782852172851562,33794,2026-03-22T09:47:27.071935
swing_expert,random_forest,swing_expert_random_forest.pkl,BACKUP\OMNIS_Copia\modelos_trading\models\swing_expert_random_forest.pkl,True,3.198003,0.5457614855902568,0.569060773480663,0.13232271325796505,0.21471753179070252,0.5479399419406922,0.6480247974395752,41465,2026-03-22T09:47:27.071935
swing_expert,gradient_boosting,swing_expert_gradient_boosting.pkl,BACKUP\OMNIS_Copia\modelos_trading\models\swing_expert_gradient_boosting.pkl,True,0.314672,0.5505848305800073,0.5901639344262295,0.13874614594039056,0.2246723528188059,0.5461342582375819,3.036351442337036,41465,2026-03-22T09:47:27.071935
volume_expert,random_forest,volume_expert_random_forest.pkl,BACKUP\OMNIS_Copia\modelos_trading\models\volume_expert_random_forest.pkl,True,3.560435,0.5407604675247818,0.5330097087378641,0.17307692307692307,0.2613041408852927,0.5459076861202936,0.8498389720916748,33794,2026-03-22T09:47:27.071935
pullback_hunter,gradient_boosting,pullback_hunter_gradient_boosting.pkl,BACKUP\OMNIS_Copia\modelos_trading\models\pullback_hunter_gradient_boosting.pkl,True,0.357574,0.5434059844846694,0.560478199718706,0.12547229219143577,0.20504244918960637,0.54221477750959,8.170390844345093,67674,2026-03-22T09:47:27.071935
volume_expert,gradient_boosting,volume_expert_gradient_boosting.pkl,BACKUP\OMNIS_Copia\modelos_trading\models\volume_expert_gradient_boosting.pkl,True,0.30527,0.5397248113626276,0.526919682259488,0.1882093316519546,0.27735191637630663,0.5414843112528744,3.6635804176330566,33794,2026-03-22T09:47:27.071935
volume_expert,lightgbm,volume_expert_lightgbm.pkl,BACKUP\OMNIS_Copia\modelos_trading\models\volume_expert_lightgbm.pkl,True,0.219892,0.5385412043201657,0.5190784737221023,0.2273013871374527,0.31615873711905285,0.5407008230998094,0.10789227485656738,33794,2026-03-22T09:47:27.071935
microstructure_expert,random_forest,microstructure_expert_random_forest.pkl,BACKUP\OMNIS_Copia\modelos_trading\models\microstructure_expert_random_forest.pkl,True,3.838188,0.540137869690905,0.5440451021846371,0.12197819560752093,0.1992772328342798,0.539725504363742,1.287731409072876,67452,2026-03-22T09:47:27.071935
pullback_hunter,random_forest,pullback_hunter_random_forest.pkl,BACKUP\OMNIS_Copia\modelos_trading\models\pullback_hunter_random_forest.pkl,True,3.401149,0.5376431473956409,0.5546511627906977,0.07509445843828716,0.13227953410981697,0.5389482816270295,1.7789902687072754,67674,2026-03-22T09:47:27.071935
microstructure_expert,xgboost,microstructure_expert_xgboost.pkl,BACKUP\OMNIS_Copia\modelos_trading\models\microstructure_expert_xgboost.pkl,True,0.17466,0.5379141649988881,0.525279403938265,0.1559488070785274,0.24049707602339182,0.5350766975631867,0.18137598037719727,67452,2026-03-22T09:47:27.071935
microstructure_expert,gradient_boosting,microstructure_expert_gradient_boosting.pkl,BACKUP\OMNIS_Copia\modelos_trading\models\microstructure_expert_gradient_boosting.pkl,True,0.302993,0.5400637462011711,0.5408432147562582,0.1297203349660294,0.2092519434178667,0.5340110718474363,5.518873929977417,67452,2026-03-22T09:47:27.071935
swing_expert,lightgbm,swing_expert_lightgbm.pkl,BACKUP\OMNIS_Copia\modelos_trading\models\swing_expert_lightgbm.pkl,True,0.228153,0.5405763897262752,0.5372727272727272,0.15184994861253853,0.23677884615384615,0.5339649986116861,0.14866209030151367,41465,2026-03-22T09:47:27.071935
risk_guardian,xgboost,risk_guardian_xgboost.pkl,BACKUP\OMNIS_Copia\modelos_trading\models\risk_guardian_xgboost.pkl,True,0.173215,0.5331956329300679,0.5077062556663645,0.17604526878340146,0.26143790849673204,0.5325011927488212,0.18296194076538086,33890,2026-03-22T09:47:27.071935
risk_guardian,lightgbm,risk_guardian_lightgbm.pkl,BACKUP\OMNIS_Copia\modelos_trading\models\risk_guardian_lightgbm.pkl,True,0.207079,0.5327530244910003,0.5063868613138686,0.1744734360264068,0.25952770633621697,0.5324668894762541,0.6602091789245605,33890,2026-03-22T09:47:27.071935
trend_master,xgboost,trend_master_xgboost.pkl,BACKUP\OMNIS_Copia\modelos_trading\models\trend_master_xgboost.pkl,True,0.187962,0.5291617240015817,0.486231884057971,0.142010582010582,0.21981981981981982,0.5321006694481003,0.15933513641357422,50580,2026-03-22T09:47:27.071935
market_microstructure_expert,gradient_boosting,market_microstructure_expert_gradient_boosting.pkl,BACKUP\OMNIS_Copia\modelos_trading\models\market_microstructure_expert_gradient_boosting.pkl,True,0.277181,0.5316642120765832,0.5011286681715575,0.34850863422291994,0.4111111111111111,0.5317749419195823,2.13334321975708,6786,2026-03-22T09:47:27.071935
trend_master,lightgbm,trend_master_lightgbm.pkl,BACKUP\OMNIS_Copia\modelos_trading\models\trend_master_lightgbm.pkl,True,0.199566,0.5350929221035983,0.5078909612625538,0.14984126984126983,0.23141036117012584,0.5312319670546345,0.16739225387573242,50580,2026-03-22T09:47:27.071935
ichimoku_expert,logistic,ichimoku_expert_logistic.pkl,BACKUP\OMNIS_Copia\modelos_trading\models\ichimoku_expert_logistic.pkl,True,0.001403,0.5306499261447563,0.0,0.0,0.0,0.5303368270398982,0.03592324256896973,13539,2026-03-22T09:47:27.071935
pullback_hunter,lightgbm,pullback_hunter_lightgbm.pkl,BACKUP\OMNIS_Copia\modelos_trading\models\pullback_hunter_lightgbm.pkl,True,0.217285,0.5422238640561508,0.5449826989619377,0.148772040302267,0.23373732376947812,0.530125147239266,0.15865683555603027,67674,2026-03-22T09:47:27.071935
flow_aggressor,random_forest,flow_aggressor_random_forest.pkl,BACKUP\OMNIS_Copia\modelos_trading\models\flow_aggressor_random_forest.pkl,True,2.81861,0.5397001255631878,0.5378739656269892,0.13304991339946465,0.21332996718000505,0.5298333849861037,0.7636425495147705,67693,2026-03-22T09:47:27.071935
swing_expert,xgboost,swing_expert_xgboost.pkl,BACKUP\OMNIS_Copia\modelos_trading\models\swing_expert_xgboost.pkl,True,0.175901,0.5439527312191005,0.5603070175438597,0.13129496402877697,0.21273938384679433,0.529762751294728,0.29669737815856934,41465,2026-03-22T09:47:27.071935
zone_mapper,lightgbm,zone_mapper_lightgbm.pkl,BACKUP\OMNIS_Copia\modelos_trading\models\zone_mapper_lightgbm.pkl,True,0.221526,0.5356114842423795,0.5191966922622564,0.13827277017461068,0.21838509316770185,0.5295750543793701,0.18703317642211914,67745,2026-03-22T09:47:27.071935
pullback_hunter,xgboost,pullback_hunter_xgboost.pkl,BACKUP\OMNIS_Copia\modelos_trading\models\pullback_hunter_xgboost.pkl,True,0.178021,0.5411156261544144,0.5404011461318051,0.14845717884130982,0.23292577497838707,0.5289930508677254,0.2819366455078125,67674,2026-03-22T09:47:27.071935
zone_mapper,xgboost,zone_mapper_xgboost.pkl,BACKUP\OMNIS_Copia\modelos_trading\models\zone_mapper_xgboost.pkl,True,0.177709,0.5407779171894604,0.5451505016722408,0.1282051282051282,0.2075904228222109,0.528669194513401,0.18346238136291504,67745,2026-03-22T09:47:27.071935
fibonacci_expert,logistic,fibonacci_expert_logistic.pkl,BACKUP\OMNIS_Copia\modelos_trading\models\fibonacci_expert_logistic.pkl,True,0.00141,0.5304765422977465,0.0,0.0,0.0,0.5286419352647116,0.039978981018066406,13534,2026-03-22T09:47:27.071935
microstructure_expert,lightgbm,microstructure_expert_lightgbm.pkl,BACKUP\OMNIS_Copia\modelos_trading\models\microstructure_expert_lightgbm.pkl,True,0.21966,0.5370246831220814,0.5250755287009063,0.13730447148048666,0.21768537074148298,0.5282989998874433,0.1758124828338623,67452,2026-03-22T09:47:27.071935
flow_aggressor,gradient_boosting,flow_aggressor_gradient_boosting.pkl,BACKUP\OMNIS_Copia\modelos_trading\models\flow_aggressor_gradient_boosting.pkl,True,0.287857,0.5407341753452988,0.5412275263484191,0.1374586679263108,0.21923656454043194,0.5277433097395394,5.14879035949707,67693,2026-03-22T09:47:27.071935
flow_aggressor,lightgbm,flow_aggressor_lightgbm.pkl,BACKUP\OMNIS_Copia\modelos_trading\models\flow_aggressor_lightgbm.pkl,True,0.219457,0.5388137971785213,0.5309785755645628,0.14438671075421194,0.2270363951473137,0.5267731445374193,0.14884352684020996,67693,2026-03-22T09:47:27.071935
stats_quant,random_forest,stats_quant_random_forest.pkl,BACKUP\OMNIS_Copia\modelos_trading\models\stats_quant_random_forest.pkl,True,3.134248,0.5349751502114086,0.5335570469798657,0.07536735661241903,0.13207808389865708,0.5235095838268713,2.0093324184417725,67403,2026-03-22T09:47:27.071935
flow_aggressor,xgboost,flow_aggressor_xgboost.pkl,BACKUP\OMNIS_Copia\modelos_trading\models\flow_aggressor_xgboost.pkl,True,0.169581,0.5369672797104661,0.5252463054187192,0.13430955754999213,0.21391849529780566,0.5228882888580637,0.18099117279052734,67693,2026-03-22T09:47:27.071935
stats_quant,gradient_boosting,stats_quant_gradient_boosting.pkl,BACKUP\OMNIS_Copia\modelos_trading\models\stats_quant_gradient_boosting.pkl,True,0.321857,0.5346784363177806,0.5252252252252252,0.09211565808184548,0.1567414975131066,0.5218475162977989,8.27349305152893,67403,2026-03-22T09:47:27.071935
stats_quant,lightgbm,stats_quant_lightgbm.pkl,BACKUP\OMNIS_Copia\modelos_trading\models\stats_quant_lightgbm.pkl,True,0.217759,0.532230546695349,0.505563618771166,0.1651129720334966,0.24892806098141973,0.5203322509078094,0.1679396629333496,67403,2026-03-22T09:47:27.071935
stats_quant,xgboost,stats_quant_xgboost.pkl,BACKUP\OMNIS_Copia\modelos_trading\models\stats_quant_xgboost.pkl,True,0.186197,0.532527260588977,0.5066732575383095,0.16195291515247273,0.24545019157088122,0.5198374536904975,0.18658161163330078,67403,2026-03-22T09:47:27.071935
risk_guardian,gradient_boosting,risk_guardian_gradient_boosting.pkl,BACKUP\OMNIS_Copia\modelos_trading\models\risk_guardian_gradient_boosting.pkl,True,0.290297,0.5352611389790499,0.5250403877221325,0.10216912920465263,0.17105263157894737,0.5170200602916066,4.2494659423828125,33890,2026-03-22T09:47:27.071935
risk_guardian,random_forest,risk_guardian_random_forest.pkl,BACKUP\OMNIS_Copia\modelos_trading\models\risk_guardian_random_forest.pkl,True,2.549977,0.5348185305399823,0.526615969581749,0.08707953473750393,0.1494469921769625,0.5164979513736035,0.9294557571411133,33890,2026-03-22T09:47:27.071935
trend_master,logistic,trend_master_logistic.pkl,BACKUP\OMNIS_Copia\modelos_trading\models\trend_master_logistic.pkl,True,0.001951,0.5317319098457889,0.3235294117647059,0.002328042328042328,0.004622819920151292,0.5159577936576638,1.981053113937378,50580,2026-03-22T09:47:27.071935
market_microstructure_expert,random_forest,market_microstructure_expert_random_forest.pkl,BACKUP\OMNIS_Copia\modelos_trading\models\market_microstructure_expert_random_forest.pkl,True,2.53776,0.524300441826215,0.48877805486284287,0.3076923076923077,0.37764932562620424,0.5151542533155372,0.3656325340270996,6786,2026-03-22T09:47:27.071935
correlation_expert,xgboost,correlation_expert_xgboost.pkl,BACKUP\OMNIS_Copia\modelos_trading\models\correlation_expert_xgboost.pkl,True,0.177498,0.531288647044274,0.5014084507042254,0.18766473379019505,0.2731108553893364,0.5147240382003074,0.10631585121154785,20211,2026-03-22T09:47:27.071935
market_microstructure_expert,xgboost,market_microstructure_expert_xgboost.pkl,BACKUP\OMNIS_Copia\modelos_trading\models\market_microstructure_expert_xgboost.pkl,True,0.181139,0.5287187039764359,0.49658314350797267,0.34222919937205654,0.4052044609665427,0.5143584372829468,0.08618569374084473,6786,2026-03-22T09:47:27.071935
exhaustion_detector,random_forest,exhaustion_detector_random_forest.pkl,BACKUP\OMNIS_Copia\modelos_trading\models\exhaustion_detector_random_forest.pkl,True,2.187365,0.5322426118358022,0.5042689434364994,0.1485148514851485,0.22945247055966977,0.5136416956393709,0.6281008720397949,67841,2026-03-22T09:47:27.071935
ml_expert,gradient_boosting,ml_expert_gradient_boosting.pkl,BACKUP\OMNIS_Copia\modelos_trading\models\ml_expert_gradient_boosting.pkl,True,0.272025,0.5280148423005566,0.4897959183673469,0.13280632411067195,0.208955223880597,0.5135117056856187,1.382986307144165,13472,2026-03-22T09:47:27.071935
pattern_trigger,lightgbm,pattern_trigger_lightgbm.pkl,BACKUP\OMNIS_Copia\modelos_trading\models\pattern_trigger_lightgbm.pkl,True,0.225161,0.5328789832381654,0.5097236438075742,0.09781968179139658,0.16413974950560317,0.5132805414151875,0.14595508575439453,54288,2026-03-22T09:47:27.071935
exhaustion_detector,gradient_boosting,exhaustion_detector_gradient_boosting.pkl,BACKUP\OMNIS_Copia\modelos_trading\models\exhaustion_detector_gradient_boosting.pkl,True,0.287463,0.5350431129781119,0.5391304347826087,0.058462989156058465,0.10548702679710761,0.5130340310903538,2.3431262969970703,67841,2026-03-22T09:47:27.071935
market_microstructure_expert,logistic,market_microstructure_expert_logistic.pkl,BACKUP\OMNIS_Copia\modelos_trading\models\market_microstructure_expert_logistic.pkl,True,0.001352,0.5220913107511046,0.45,0.0847723704866562,0.142668428005284,0.5128822039858298,0.0525815486907959,6786,2026-03-22T09:47:27.071935
exhaustion_detector,xgboost,exhaustion_detector_xgboost.pkl,BACKUP\OMNIS_Copia\modelos_trading\models\exhaustion_detector_xgboost.pkl,True,0.168618,0.531874124843393,0.5029490616621984,0.1474147414741474,0.2280019445794847,0.5124984684345283,0.17173051834106445,67841,2026-03-22T09:47:27.071935
exhaustion_detector,lightgbm,exhaustion_detector_lightgbm.pkl,BACKUP\OMNIS_Copia\modelos_trading\models\exhaustion_detector_lightgbm.pkl,True,0.199232,0.5335691650084752,0.5093612334801763,0.14537168002514536,0.22618902066267269,0.5124126266161368,0.15701055526733398,67841,2026-03-22T09:47:27.071935
hvn_expert,logistic,hvn_expert_logistic.pkl,BACKUP\OMNIS_Copia\modelos_trading\models\hvn_expert_logistic.pkl,True,0.001526,0.5309848764293619,0.5454545454545454,0.0023584905660377358,0.004696673189823875,0.5116519786845338,0.04337477684020996,27106,2026-03-22T09:47:27.071935
correlation_expert,gradient_boosting,correlation_expert_gradient_boosting.pkl,BACKUP\OMNIS_Copia\modelos_trading\models\correlation_expert_gradient_boosting.pkl,True,0.289857,0.5293099183774425,0.49416342412451364,0.13389562467053243,0.21070095396101202,0.5112570444037551,3.0999574661254883,20211,2026-03-22T09:47:27.071935
volatility_gauge,xgboost,volatility_gauge_xgboost.pkl,BACKUP\OMNIS_Copia\modelos_trading\models\volatility_gauge_xgboost.pkl,True,0.173927,0.5244345569150909,0.472936400541272,0.1103742302226433,0.1789783638458584,0.5108902654184201,0.17709779739379883,67425,2026-03-22T09:47:27.071935
swing_expert,logistic,swing_expert_logistic.pkl,BACKUP\OMNIS_Copia\modelos_trading\models\swing_expert_logistic.pkl,True,0.001822,0.5306885324972869,0.0,0.0,0.0,0.5105626278994333,0.057770490646362305,41465,2026-03-22T09:47:27.071935
correlation_expert,lightgbm,correlation_expert_lightgbm.pkl,BACKUP\OMNIS_Copia\modelos_trading\models\correlation_expert_lightgbm.pkl,True,0.197453,0.5260944842938412,0.4894795127353267,0.23299947285187136,0.3157142857142857,0.5103285169451348,0.0940389633178711,20211,2026-03-22T09:47:27.071935
volatility_gauge,gradient_boosting,volatility_gauge_gradient_boosting.pkl,BACKUP\OMNIS_Copia\modelos_trading\models\volatility_gauge_gradient_boosting.pkl,True,0.303539,0.528587319243604,0.4851116625310174,0.061740091583767566,0.10953915114161647,0.5097312279063786,10.718143939971924,67425,2026-03-22T09:47:27.071935
stochastic_expert,logistic,stochastic_expert_logistic.pkl,BACKUP\OMNIS_Copia\modelos_trading\models\stochastic_expert_logistic.pkl,True,0.001675,0.5307928703134603,0.0,0.0,0.0,0.5094766313837209,0.04122638702392578,40671,2026-03-22T09:47:27.071935
momentum_expert,lightgbm,momentum_expert_lightgbm.pkl,BACKUP\OMNIS_Copia\modelos_trading\models\momentum_expert_lightgbm.pkl,True,0.206524,0.5323650142090306,0.5054945054945055,0.12390572390572391,0.1990265008112493,0.5094289884354621,0.11864638328552246,47502,2026-03-22T09:47:27.071935
volatility_gauge,lightgbm,volatility_gauge_lightgbm.pkl,BACKUP\OMNIS_Copia\modelos_trading\models\volatility_gauge_lightgbm.pkl,True,0.208288,0.5252502780867631,0.4755492558469171,0.10595294489183642,0.17329545454545456,0.5092852489410429,0.15729737281799316,67425,2026-03-22T09:47:27.071935
volume_expert,logistic,volume_expert_logistic.pkl,BACKUP\OMNIS_Copia\modelos_trading\models\volume_expert_logistic.pkl,True,0.001604,0.5306998076638556,0.0,0.0,0.0,0.5092661569328221,0.05568861961364746,33794,2026-03-22T09:47:27.071935
correlation_expert,random_forest,correlation_expert_random_forest.pkl,BACKUP\OMNIS_Copia\modelos_trading\models\correlation_expert_random_forest.pkl,True,2.446332,0.527083848627257,0.47875354107648727,0.08908803373748023,0.15022222222222223,0.5092031072753811,0.9077837467193604,20211,2026-03-22T09:47:27.071935
microstructure_expert,logistic,microstructure_expert_logistic.pkl,BACKUP\OMNIS_Copia\modelos_trading\models\microstructure_expert_logistic.pkl,True,0.001942,0.5328737676969831,0.5678391959798995,0.0178543213777848,0.03462009803921569,0.5088824645478637,0.046433448791503906,67452,2026-03-22T09:47:27.071935
volatility_gauge,random_forest,volatility_gauge_random_forest.pkl,BACKUP\OMNIS_Copia\modelos_trading\models\volatility_gauge_random_forest.pkl,True,3.254169,0.5299962921764924,0.49647390691114246,0.05558187273014369,0.09997159897756319,0.5088394576401231,1.8168823719024658,67425,2026-03-22T09:47:27.071935
pattern_trigger,xgboost,pattern_trigger_xgboost.pkl,BACKUP\OMNIS_Copia\modelos_trading\models\pattern_trigger_xgboost.pkl,True,0.190736,0.5291950635476147,0.48590604026845635,0.07110587310940876,0.12405757368060315,0.5082811369574525,0.16487360000610352,54288,2026-03-22T09:47:27.071935
ml_expert,lightgbm,ml_expert_lightgbm.pkl,BACKUP\OMNIS_Copia\modelos_trading\models\ml_expert_lightgbm.pkl,True,0.190103,0.5209647495361781,0.46683673469387754,0.14466403162055336,0.22088111044055522,0.5082639100030405,0.07548069953918457,13472,2026-03-22T09:47:27.071935
momentum_expert,xgboost,momentum_expert_xgboost.pkl,BACKUP\OMNIS_Copia\modelos_trading\models\momentum_expert_xgboost.pkl,True,0.171742,0.5314177455004736,0.5017421602787456,0.09696969696969697,0.16252821670428894,0.5082248254331753,0.15245962142944336,47502,2026-03-22T09:47:27.071935
momentum_expert,random_forest,momentum_expert_random_forest.pkl,BACKUP\OMNIS_Copia\modelos_trading\models\momentum_expert_random_forest.pkl,True,2.677804,0.5322597621303021,0.5125284738041003,0.050505050505050504,0.09194932570494484,0.5081441757158497,1.151437520980835,47502,2026-03-22T09:47:27.071935
pattern_trigger,random_forest,pattern_trigger_random_forest.pkl,BACKUP\OMNIS_Copia\modelos_trading\models\pattern_trigger_random_forest.pkl,True,2.324991,0.5303923374470436,0.49047619047619045,0.04046356315065802,0.07475957176555979,0.5080229948456387,0.8486766815185547,54288,2026-03-22T09:47:27.071935
momentum_expert,gradient_boosting,momentum_expert_gradient_boosting.pkl,BACKUP\OMNIS_Copia\modelos_trading\models\momentum_expert_gradient_boosting.pkl,True,0.284054,0.5335227870750447,0.5173453996983409,0.07699214365881032,0.13403673309886674,0.5079138591623729,4.388429641723633,47502,2026-03-22T09:47:27.071935
exhaustion_detector,logistic,exhaustion_detector_logistic.pkl,BACKUP\OMNIS_Copia\modelos_trading\models\exhaustion_detector_logistic.pkl,True,0.001933,0.5310634534600929,0.0,0.0,0.0,0.5074209554098424,2.040576696395874,67841,2026-03-22T09:47:27.071935
stochastic_expert,lightgbm,stochastic_expert_lightgbm.pkl,BACKUP\OMNIS_Copia\modelos_trading\models\stochastic_expert_lightgbm.pkl,True,0.201256,0.5275968039336202,0.4842233009708738,0.10453235525281634,0.17194570135746606,0.5063680521418586,0.11744284629821777,40671,2026-03-22T09:47:27.071935
ml_expert,random_forest,ml_expert_random_forest.pkl,BACKUP\OMNIS_Copia\modelos_trading\models\ml_expert_random_forest.pkl,True,1.661414,0.5302411873840446,0.4975369458128079,0.07984189723320158,0.13760217983651227,0.5049296553249123,0.425215482711792,13472,2026-03-22T09:47:27.071935
ml_expert,xgboost,ml_expert_xgboost.pkl,BACKUP\OMNIS_Copia\modelos_trading\models\ml_expert_xgboost.pkl,True,0.174254,0.5209647495361781,0.47085201793721976,0.16600790513833993,0.24547048509643482,0.5048199231598441,0.08684420585632324,13472,2026-03-22T09:47:27.071935
pattern_trigger,gradient_boosting,pattern_trigger_gradient_boosting.pkl,BACKUP\OMNIS_Copia\modelos_trading\models\pattern_trigger_gradient_boosting.pkl,True,0.286325,0.5311291213851538,0.5,0.045570614810449814,0.08352835283528352,0.5042099235222913,2.922041416168213,54288,2026-03-22T09:47:27.071935
pattern_trigger,logistic,pattern_trigger_logistic.pkl,BACKUP\OMNIS_Copia\modelos_trading\models\pattern_trigger_logistic.pkl,True,0.001807,0.5314975133542089,0.5666666666666667,0.003339226085248478,0.006639328256199961,0.5039078267468947,2.752185344696045,54288,2026-03-22T09:47:27.071935
stochastic_expert,random_forest,stochastic_expert_random_forest.pkl,BACKUP\OMNIS_Copia\modelos_trading\models\stochastic_expert_random_forest.pkl,True,2.529626,0.5264904732636755,0.4670433145009416,0.06497249148545979,0.1140754369825207,0.5035811002750548,0.8294198513031006,40671,2026-03-22T09:47:27.071935
candlestick_expert,lightgbm,candlestick_expert_lightgbm.pkl,BACKUP\OMNIS_Copia\modelos_trading\models\candlestick_expert_lightgbm.pkl,True,0.216126,0.5300618921308576,0.4916467780429594,0.06473915776241358,0.11441266314912524,0.5034902883066585,0.16260504722595215,67860,2026-03-22T09:47:27.071935
stochastic_expert,gradient_boosting,stochastic_expert_gradient_boosting.pkl,BACKUP\OMNIS_Copia\modelos_trading\models\stochastic_expert_gradient_boosting.pkl,True,0.286713,0.5263675476336817,0.45081967213114754,0.043227665706051875,0.07889074826679417,0.5034800797922266,3.2352588176727295,40671,2026-03-22T09:47:27.071935
volatility_gauge,logistic,volatility_gauge_logistic.pkl,BACKUP\OMNIS_Copia\modelos_trading\models\volatility_gauge_logistic.pkl,True,0.001925,0.5316277345198368,0.5602836879432624,0.012474340754776566,0.02440531356194007,0.5032278721133681,2.037172794342041,67425,2026-03-22T09:47:27.071935
stochastic_expert,xgboost,stochastic_expert_xgboost.pkl,BACKUP\OMNIS_Copia\modelos_trading\models\stochastic_expert_xgboost.pkl,True,0.177244,0.5262446220036878,0.47661188369152974,0.09876866649200944,0.1636284722222222,0.5027424482486931,0.13587093353271484,40671,2026-03-22T09:47:27.071935
market_microstructure_expert,lightgbm,market_microstructure_expert_lightgbm.pkl,BACKUP\OMNIS_Copia\modelos_trading\models\market_microstructure_expert_lightgbm.pkl,True,0.201651,0.5184094256259205,0.48131868131868133,0.34379905808477235,0.4010989010989011,0.5023253940432462,0.0880582332611084,6786,2026-03-22T09:47:27.071935
candlestick_expert,logistic,candlestick_expert_logistic.pkl,BACKUP\OMNIS_Copia\modelos_trading\models\candlestick_expert_logistic.pkl,True,0.00195,0.5310934276451518,0.0,0.0,0.0,0.5023160134071298,0.0499725341796875,67860,2026-03-22T09:47:27.071935
candlestick_expert,gradient_boosting,candlestick_expert_gradient_boosting.pkl,BACKUP\OMNIS_Copia\modelos_trading\models\candlestick_expert_gradient_boosting.pkl,True,0.268203,0.5299882110226938,0.48,0.028284098051539912,0.053420388781718356,0.5017953657365132,2.5137641429901123,67860,2026-03-22T09:47:27.071935
stats_quant,logistic,stats_quant_logistic.pkl,BACKUP\OMNIS_Copia\modelos_trading\models\stats_quant_logistic.pkl,True,0.001938,0.5303760848601736,0.48148148148148145,0.004108073945331016,0.008146639511201629,0.5016961888088035,0.046633005142211914,67403,2026-03-22T09:47:27.071935
gap_expert,xgboost,gap_expert_xgboost.pkl,BACKUP\OMNIS_Copia\modelos_trading\models\gap_expert_xgboost.pkl,True,0.102901,0.5313653136531366,0.6666666666666666,0.0031446540880503146,0.006259780907668232,0.5016608934491475,0.08431267738342285,6773,2026-03-22T09:47:27.071935
candlestick_expert,random_forest,candlestick_expert_random_forest.pkl,BACKUP\OMNIS_Copia\modelos_trading\models\candlestick_expert_random_forest.pkl,True,2.047111,0.5295461243737106,0.4760820045558087,0.03284098051539912,0.06144348081728649,0.5015438817718423,0.5695140361785889,67860,2026-03-22T09:47:27.071935
zone_mapper,logistic,zone_mapper_logistic.pkl,BACKUP\OMNIS_Copia\modelos_trading\models\zone_mapper_logistic.pkl,True,0.001943,0.5308140822200901,0.0,0.0,0.0,0.5015400853516825,2.0052499771118164,67745,2026-03-22T09:47:27.071935
gap_expert,lightgbm,gap_expert_lightgbm.pkl,BACKUP\OMNIS_Copia\modelos_trading\models\gap_expert_lightgbm.pkl,True,0.040392,0.5313653136531366,0.6666666666666666,0.0031446540880503146,0.006259780907668232,0.5014782935768581,0.05983424186706543,6773,2026-03-22T09:47:27.071935
gap_expert,random_forest,gap_expert_random_forest.pkl,BACKUP\OMNIS_Copia\modelos_trading\models\gap_expert_random_forest.pkl,True,0.233768,0.5313653136531366,0.6666666666666666,0.0031446540880503146,0.006259780907668232,0.5014772001644492,0.30257248878479004,6773,2026-03-22T09:47:27.071935
gap_expert,gradient_boosting,gap_expert_gradient_boosting.pkl,BACKUP\OMNIS_Copia\modelos_trading\models\gap_expert_gradient_boosting.pkl,True,0.160089,0.5313653136531366,0.6666666666666666,0.0031446540880503146,0.006259780907668232,0.5014772001644492,0.2611510753631592,6773,2026-03-22T09:47:27.071935
candlestick_expert,xgboost,candlestick_expert_xgboost.pkl,BACKUP\OMNIS_Copia\modelos_trading\models\candlestick_expert_xgboost.pkl,True,0.161893,0.5289566755083996,0.4697286012526096,0.03535512256442489,0.0657606313020605,0.5013741911354868,0.2538900375366211,67860,2026-03-22T09:47:27.071935
gap_expert,logistic,gap_expert_logistic.pkl,BACKUP\OMNIS_Copia\modelos_trading\models\gap_expert_logistic.pkl,True,0.001348,0.5313653136531366,0.6666666666666666,0.0031446540880503146,0.006259780907668232,0.5002733531022296,0.09741926193237305,6773,2026-03-22T09:47:27.071935
risk_guardian,logistic,risk_guardian_logistic.pkl,BACKUP\OMNIS_Copia\modelos_trading\models\risk_guardian_logistic.pkl,True,0.001599,0.5306875184420183,0.0,0.0,0.0,0.49952980482442977,2.2097699642181396,33890,2026-03-22T09:47:27.071935
ml_expert,logistic,ml_expert_logistic.pkl,BACKUP\OMNIS_Copia\modelos_trading\models\ml_expert_logistic.pkl,True,0.001407,0.5306122448979592,0.0,0.0,0.0,0.4985740346609912,0.03674674034118652,13472,2026-03-22T09:47:27.071935
hvn_expert,lightgbm,hvn_expert_lightgbm.pkl,BACKUP\OMNIS_Copia\modelos_trading\models\hvn_expert_lightgbm.pkl,True,0.126274,0.5326447805237919,0.5257731958762887,0.04009433962264151,0.07450693937180423,0.49587967546033457,0.08469295501708984,27106,2026-03-22T09:47:27.071935
hvn_expert,xgboost,hvn_expert_xgboost.pkl,BACKUP\OMNIS_Copia\modelos_trading\models\hvn_expert_xgboost.pkl,True,0.171715,0.5315381777941719,0.5098039215686274,0.040880503144654086,0.07569141193595343,0.4958001166952942,0.1077718734741211,27106,2026-03-22T09:47:27.071935
hvn_expert,gradient_boosting,hvn_expert_gradient_boosting.pkl,BACKUP\OMNIS_Copia\modelos_trading\models\hvn_expert_gradient_boosting.pkl,True,0.243002,0.5320914791589819,0.52,0.035770440251572326,0.06693637366678926,0.49541120067219985,0.7260720729827881,27106,2026-03-22T09:47:27.071935
seasonality_expert,random_forest,seasonality_expert_random_forest.pkl,BACKUP\OMNIS_Copia\modelos_trading\models\seasonality_expert_random_forest.pkl,True,0.053356,0.5311233885819521,0.0,0.0,0.0,0.4938749750771654,0.4073336124420166,13572,2026-03-22T09:47:27.071935
seasonality_expert,gradient_boosting,seasonality_expert_gradient_boosting.pkl,BACKUP\OMNIS_Copia\modelos_trading\models\seasonality_expert_gradient_boosting.pkl,True,0.050559,0.5311233885819521,0.0,0.0,0.0,0.4938749750771654,0.2789430618286133,13572,2026-03-22T09:47:27.071935
seasonality_expert,xgboost,seasonality_expert_xgboost.pkl,BACKUP\OMNIS_Copia\modelos_trading\models\seasonality_expert_xgboost.pkl,True,0.07546,0.5311233885819521,0.0,0.0,0.0,0.4938749750771654,0.05843710899353027,13572,2026-03-22T09:47:27.071935
seasonality_expert,lightgbm,seasonality_expert_lightgbm.pkl,BACKUP\OMNIS_Copia\modelos_trading\models\seasonality_expert_lightgbm.pkl,True,0.041316,0.5311233885819521,0.0,0.0,0.0,0.4938749750771654,0.05984020233154297,13572,2026-03-22T09:47:27.071935
seasonality_expert,logistic,seasonality_expert_logistic.pkl,BACKUP\OMNIS_Copia\modelos_trading\models\seasonality_expert_logistic.pkl,True,0.00141,0.5311233885819521,0.0,0.0,0.0,0.4938749750771654,0.04457235336303711,13572,2026-03-22T09:47:27.071935
momentum_expert,logistic,momentum_expert_logistic.pkl,BACKUP\OMNIS_Copia\modelos_trading\models\momentum_expert_logistic.pkl,True,0.001748,0.531101989264288,0.0,0.0,0.0,0.49314908898737675,0.03720712661743164,47502,2026-03-22T09:47:27.071935
hvn_expert,random_forest,hvn_expert_random_forest.pkl,BACKUP\OMNIS_Copia\modelos_trading\models\hvn_expert_random_forest.pkl,True,1.167529,0.5296938399114718,0.48,0.02830188679245283,0.053452115812917596,0.4915037385107583,0.38226795196533203,27106,2026-03-22T09:47:27.071935
correlation_expert,logistic,correlation_expert_logistic.pkl,BACKUP\OMNIS_Copia\modelos_trading\models\correlation_expert_logistic.pkl,True,0.001474,0.5307939648775661,0.0,0.0,0.0,0.48780902400955845,0.032651662826538086,20211,2026-03-22T09:47:27.071935
flow_aggressor,logistic,flow_aggressor_logistic.pkl,BACKUP\OMNIS_Copia\modelos_trading\models\flow_aggressor_logistic.pkl,True,0.001924,0.5309107024152449,0.0,0.0,0.0,0.4870525693770308,2.0664074420928955,67693,2026-03-22T09:47:27.071935
pullback_hunter,logistic,pullback_hunter_logistic.pkl,BACKUP\OMNIS_Copia\modelos_trading\models\pullback_hunter_logistic.pkl,True,0.001931,0.5306981898780938,0.0,0.0,0.0,0.4848384541095667,2.007389545440674,67674,2026-03-22T09:47:27.071935
