"relative_path","size_bytes","extension"
"qlib\metrics.json","148",".json"
"qlib\qlib_crypto_info.json","332",".json"
"qlib\qlib_crypto_labelencoder.pkl","266",".pkl"
"qlib\qlib_crypto_model.pkl","990964",".pkl"
"qlib\qlib_crypto_scaler.pkl","690",".pkl"
"qlib\qlib_forex_info.json","645",".json"
"qlib\qlib_forex_labelencoder.pkl","266",".pkl"
"qlib\qlib_forex_model.pkl","1010612",".pkl"
"qlib\qlib_forex_scaler.pkl","690",".pkl"
"qlib\qlib_metadata.pkl","592",".pkl"
"qlib\qlib_metals_info.json","311",".json"
"qlib\qlib_metals_labelencoder.pkl","266",".pkl"
"qlib\qlib_metals_model.pkl","979806",".pkl"
"qlib\qlib_metals_scaler.pkl","690",".pkl"
"qlib\qlib_model.pkl","264172",".pkl"
"qlib\qlib_scaler.pkl","1088",".pkl"
"qlib\qlib_xgboost_model.pkl","497721",".pkl"
"trained\omnis_v2_classifier.pkl","4417388",".pkl"
"trained\omnis_v2_D1.pkl","4558444",".pkl"
"trained\omnis_v2_D1_features.txt","133",".txt"
"trained\omnis_v2_H1.pkl","5005292",".pkl"
"trained\omnis_v2_H1_features.txt","133",".txt"
"trained\omnis_v2_M15.pkl","5488844",".pkl"
"trained\omnis_v2_M15_features.txt","142",".txt"
"trained\forex\asset_models\AUDJPY_MULTI_TF.pkl","1648120",".pkl"
"trained\forex\asset_models\AUDUSD_MULTI_TF.pkl","1650632",".pkl"
"trained\forex\asset_models\EURCHF_MULTI_TF.pkl","1481114",".pkl"
"trained\forex\asset_models\EURGBP_MULTI_TF.pkl","1472884",".pkl"
"trained\forex\asset_models\EURJPY_MULTI_TF.pkl","1522726",".pkl"
"trained\forex\asset_models\EURUSD_MULTI_TF.pkl","1465944",".pkl"
"trained\forex\asset_models\GBPJPY_MULTI_TF.pkl","1490490",".pkl"
"trained\forex\asset_models\GBPUSD_MULTI_TF.pkl","1778000",".pkl"
"trained\forex\asset_models\NZDUSD_MULTI_TF.pkl","1391216",".pkl"
"trained\forex\asset_models\USDCAD_MULTI_TF.pkl","1476758",".pkl"
"trained\forex\asset_models\USDCHF_MULTI_TF.pkl","1724008",".pkl"
"trained\forex\asset_models\USDJPY_MULTI_TF.pkl","1432484",".pkl"
"trained\forex\individuals\AUDJPY_H1_OMNIS_CORE.pkl","589900",".pkl"
"trained\forex\individuals\AUDJPY_H4_OMNIS_CORE.pkl","515812",".pkl"
"trained\forex\individuals\AUDJPY_M15_OMNIS_CORE.pkl","589630",".pkl"
"trained\forex\individuals\AUDJPY_M30_OMNIS_CORE.pkl","572290",".pkl"
"trained\forex\individuals\AUDJPY_M5_OMNIS_CORE.pkl","596224",".pkl"
"trained\forex\individuals\AUDUSD_H1_OMNIS_CORE.pkl","544819",".pkl"
"trained\forex\individuals\AUDUSD_H4_OMNIS_CORE.pkl","557654",".pkl"
"trained\forex\individuals\AUDUSD_M15_OMNIS_CORE.pkl","591738",".pkl"
"trained\forex\individuals\AUDUSD_M30_OMNIS_CORE.pkl","558760",".pkl"
"trained\forex\individuals\AUDUSD_M5_OMNIS_CORE.pkl","600174",".pkl"
"trained\forex\individuals\EURCHF_H1_OMNIS_CORE.pkl","528700",".pkl"
"trained\forex\individuals\EURCHF_H4_OMNIS_CORE.pkl","557902",".pkl"
"trained\forex\individuals\EURCHF_M15_OMNIS_CORE.pkl","544546",".pkl"
"trained\forex\individuals\EURCHF_M30_OMNIS_CORE.pkl","598610",".pkl"
"trained\forex\individuals\EURCHF_M5_OMNIS_CORE.pkl","596366",".pkl"
"trained\forex\individuals\EURGBP_H1_OMNIS_CORE.pkl","566307",".pkl"
"trained\forex\individuals\EURGBP_H4_OMNIS_CORE.pkl","560660",".pkl"
"trained\forex\individuals\EURGBP_M15_OMNIS_CORE.pkl","611530",".pkl"
"trained\forex\individuals\EURGBP_M30_OMNIS_CORE.pkl","591878",".pkl"
"trained\forex\individuals\EURGBP_M5_OMNIS_CORE.pkl","570584",".pkl"
"trained\forex\individuals\EURJPY_H1_OMNIS_CORE.pkl","555419",".pkl"
"trained\forex\individuals\EURJPY_H4_OMNIS_CORE.pkl","583706",".pkl"
"trained\forex\individuals\EURJPY_M15_OMNIS_CORE.pkl","585406",".pkl"
"trained\forex\individuals\EURJPY_M30_OMNIS_CORE.pkl","535024",".pkl"
"trained\forex\individuals\EURJPY_M5_OMNIS_CORE.pkl","598606",".pkl"
"trained\forex\individuals\EURUSD_H1_OMNIS_CORE.pkl","576370",".pkl"
"trained\forex\individuals\EURUSD_H4_OMNIS_CORE.pkl","533120",".pkl"
"trained\forex\individuals\EURUSD_M15_OMNIS_CORE.pkl","609962",".pkl"
"trained\forex\individuals\EURUSD_M30_OMNIS_CORE.pkl","619276",".pkl"
"trained\forex\individuals\EURUSD_M5_OMNIS_CORE.pkl","579976",".pkl"
"trained\forex\individuals\GBPJPY_H1_OMNIS_CORE.pkl","578747",".pkl"
"trained\forex\individuals\GBPJPY_H4_OMNIS_CORE.pkl","547291",".pkl"
"trained\forex\individuals\GBPJPY_M15_OMNIS_CORE.pkl","554816",".pkl"
"trained\forex\individuals\GBPJPY_M30_OMNIS_CORE.pkl","535149",".pkl"
"trained\forex\individuals\GBPJPY_M5_OMNIS_CORE.pkl","574876",".pkl"
"trained\forex\individuals\GBPUSD_H1_OMNIS_CORE.pkl","583441",".pkl"
"trained\forex\individuals\GBPUSD_H4_OMNIS_CORE.pkl","558538",".pkl"
"trained\forex\individuals\GBPUSD_M15_OMNIS_CORE.pkl","546384",".pkl"
"trained\forex\individuals\GBPUSD_M30_OMNIS_CORE.pkl","555634",".pkl"
"trained\forex\individuals\GBPUSD_M5_OMNIS_CORE.pkl","593232",".pkl"
"trained\forex\individuals\NZDUSD_H1_OMNIS_CORE.pkl","536647",".pkl"
"trained\forex\individuals\NZDUSD_H4_OMNIS_CORE.pkl","555341",".pkl"
"trained\forex\individuals\NZDUSD_M15_OMNIS_CORE.pkl","545162",".pkl"
"trained\forex\individuals\NZDUSD_M30_OMNIS_CORE.pkl","552499",".pkl"
"trained\forex\individuals\NZDUSD_M5_OMNIS_CORE.pkl","583648",".pkl"
"trained\forex\individuals\USDCAD_H1_OMNIS_CORE.pkl","582288",".pkl"
"trained\forex\individuals\USDCAD_H4_OMNIS_CORE.pkl","567532",".pkl"
"trained\forex\individuals\USDCAD_M15_OMNIS_CORE.pkl","573450",".pkl"
"trained\forex\individuals\USDCAD_M30_OMNIS_CORE.pkl","592348",".pkl"
"trained\forex\individuals\USDCAD_M5_OMNIS_CORE.pkl","584120",".pkl"
"trained\forex\individuals\USDCHF_H1_OMNIS_CORE.pkl","577526",".pkl"
"trained\forex\individuals\USDCHF_H4_OMNIS_CORE.pkl","584326",".pkl"
"trained\forex\individuals\USDCHF_M15_OMNIS_CORE.pkl","560658",".pkl"
"trained\forex\individuals\USDCHF_M30_OMNIS_CORE.pkl","539165",".pkl"
"trained\forex\individuals\USDCHF_M5_OMNIS_CORE.pkl","592554",".pkl"
"trained\forex\individuals\USDJPY_H1_OMNIS_CORE.pkl","534726",".pkl"
"trained\forex\individuals\USDJPY_H4_OMNIS_CORE.pkl","525201",".pkl"
"trained\forex\individuals\USDJPY_M15_OMNIS_CORE.pkl","619210",".pkl"
"trained\forex\individuals\USDJPY_M30_OMNIS_CORE.pkl","610915",".pkl"
"trained\forex\individuals\USDJPY_M5_OMNIS_CORE.pkl","606496",".pkl"
"trained\forex\individuals\trend\AUDJPY_H1_trend_metadata.json","250",".json"
"trained\forex\individuals\trend\AUDJPY_H1_trend_xgboost.pkl","589900",".pkl"
"trained\forex\individuals\trend\AUDJPY_H4_trend_metadata.json","250",".json"
"trained\forex\individuals\trend\AUDJPY_H4_trend_xgboost.pkl","515812",".pkl"
"trained\forex\individuals\trend\AUDJPY_M15_trend_metadata.json","251",".json"
"trained\forex\individuals\trend\AUDJPY_M15_trend_xgboost.pkl","589630",".pkl"
"trained\forex\individuals\trend\AUDJPY_M30_trend_metadata.json","251",".json"
"trained\forex\individuals\trend\AUDJPY_M30_trend_xgboost.pkl","572290",".pkl"
"trained\forex\individuals\trend\AUDJPY_M5_trend_metadata.json","250",".json"
"trained\forex\individuals\trend\AUDJPY_M5_trend_xgboost.pkl","596224",".pkl"
"trained\forex\individuals\trend\AUDUSD_H1_trend_metadata.json","250",".json"
"trained\forex\individuals\trend\AUDUSD_H1_trend_xgboost.pkl","544819",".pkl"
"trained\forex\individuals\trend\AUDUSD_H4_trend_metadata.json","250",".json"
"trained\forex\individuals\trend\AUDUSD_H4_trend_xgboost.pkl","557654",".pkl"
"trained\forex\individuals\trend\AUDUSD_M15_trend_metadata.json","251",".json"
"trained\forex\individuals\trend\AUDUSD_M15_trend_xgboost.pkl","591738",".pkl"
"trained\forex\individuals\trend\AUDUSD_M30_trend_metadata.json","251",".json"
"trained\forex\individuals\trend\AUDUSD_M30_trend_xgboost.pkl","558760",".pkl"
"trained\forex\individuals\trend\AUDUSD_M5_trend_metadata.json","250",".json"
"trained\forex\individuals\trend\AUDUSD_M5_trend_xgboost.pkl","600174",".pkl"
"trained\forex\individuals\trend\EURCHF_H1_trend_metadata.json","250",".json"
"trained\forex\individuals\trend\EURCHF_H1_trend_xgboost.pkl","528700",".pkl"
"trained\forex\individuals\trend\EURCHF_H4_trend_metadata.json","250",".json"
"trained\forex\individuals\trend\EURCHF_H4_trend_xgboost.pkl","557902",".pkl"
"trained\forex\individuals\trend\EURCHF_M15_trend_metadata.json","251",".json"
"trained\forex\individuals\trend\EURCHF_M15_trend_xgboost.pkl","544546",".pkl"
"trained\forex\individuals\trend\EURCHF_M30_trend_metadata.json","251",".json"
"trained\forex\individuals\trend\EURCHF_M30_trend_xgboost.pkl","598610",".pkl"
"trained\forex\individuals\trend\EURCHF_M5_trend_metadata.json","249",".json"
"trained\forex\individuals\trend\EURCHF_M5_trend_xgboost.pkl","596366",".pkl"
"trained\forex\individuals\trend\EURGBP_H1_trend_metadata.json","250",".json"
"trained\forex\individuals\trend\EURGBP_H1_trend_xgboost.pkl","566307",".pkl"
"trained\forex\individuals\trend\EURGBP_H4_trend_metadata.json","250",".json"
"trained\forex\individuals\trend\EURGBP_H4_trend_xgboost.pkl","560660",".pkl"
"trained\forex\individuals\trend\EURGBP_M15_trend_metadata.json","251",".json"
"trained\forex\individuals\trend\EURGBP_M15_trend_xgboost.pkl","611530",".pkl"
"trained\forex\individuals\trend\EURGBP_M30_trend_metadata.json","251",".json"
"trained\forex\individuals\trend\EURGBP_M30_trend_xgboost.pkl","591878",".pkl"
"trained\forex\individuals\trend\EURGBP_M5_trend_metadata.json","250",".json"
"trained\forex\individuals\trend\EURGBP_M5_trend_xgboost.pkl","570584",".pkl"
"trained\forex\individuals\trend\EURJPY_H1_trend_metadata.json","250",".json"
"trained\forex\individuals\trend\EURJPY_H1_trend_xgboost.pkl","555419",".pkl"
"trained\forex\individuals\trend\EURJPY_H4_trend_metadata.json","250",".json"
"trained\forex\individuals\trend\EURJPY_H4_trend_xgboost.pkl","583706",".pkl"
"trained\forex\individuals\trend\EURJPY_M15_trend_metadata.json","251",".json"
"trained\forex\individuals\trend\EURJPY_M15_trend_xgboost.pkl","585406",".pkl"
"trained\forex\individuals\trend\EURJPY_M30_trend_metadata.json","251",".json"
"trained\forex\individuals\trend\EURJPY_M30_trend_xgboost.pkl","535024",".pkl"
"trained\forex\individuals\trend\EURJPY_M5_trend_metadata.json","250",".json"
"trained\forex\individuals\trend\EURJPY_M5_trend_xgboost.pkl","598606",".pkl"
"trained\forex\individuals\trend\EURUSD_H1_trend_metadata.json","250",".json"
"trained\forex\individuals\trend\EURUSD_H1_trend_xgboost.pkl","576370",".pkl"
"trained\forex\individuals\trend\EURUSD_H4_trend_metadata.json","250",".json"
"trained\forex\individuals\trend\EURUSD_H4_trend_xgboost.pkl","533120",".pkl"
"trained\forex\individuals\trend\EURUSD_M15_trend_metadata.json","251",".json"
"trained\forex\individuals\trend\EURUSD_M15_trend_xgboost.pkl","609962",".pkl"
"trained\forex\individuals\trend\EURUSD_M30_trend_metadata.json","251",".json"
"trained\forex\individuals\trend\EURUSD_M30_trend_xgboost.pkl","619276",".pkl"
"trained\forex\individuals\trend\EURUSD_M5_trend_metadata.json","250",".json"
"trained\forex\individuals\trend\EURUSD_M5_trend_xgboost.pkl","579976",".pkl"
"trained\forex\individuals\trend\GBPJPY_H1_trend_metadata.json","250",".json"
"trained\forex\individuals\trend\GBPJPY_H1_trend_xgboost.pkl","578747",".pkl"
"trained\forex\individuals\trend\GBPJPY_H4_trend_metadata.json","250",".json"
"trained\forex\individuals\trend\GBPJPY_H4_trend_xgboost.pkl","547291",".pkl"
"trained\forex\individuals\trend\GBPJPY_M15_trend_metadata.json","251",".json"
"trained\forex\individuals\trend\GBPJPY_M15_trend_xgboost.pkl","554816",".pkl"
"trained\forex\individuals\trend\GBPJPY_M30_trend_metadata.json","251",".json"
"trained\forex\individuals\trend\GBPJPY_M30_trend_xgboost.pkl","535149",".pkl"
"trained\forex\individuals\trend\GBPJPY_M5_trend_metadata.json","250",".json"
"trained\forex\individuals\trend\GBPJPY_M5_trend_xgboost.pkl","574876",".pkl"
"trained\forex\individuals\trend\GBPUSD_H1_trend_metadata.json","250",".json"
"trained\forex\individuals\trend\GBPUSD_H1_trend_xgboost.pkl","583441",".pkl"
"trained\forex\individuals\trend\GBPUSD_H4_trend_metadata.json","250",".json"
"trained\forex\individuals\trend\GBPUSD_H4_trend_xgboost.pkl","558538",".pkl"
"trained\forex\individuals\trend\GBPUSD_M15_trend_metadata.json","251",".json"
"trained\forex\individuals\trend\GBPUSD_M15_trend_xgboost.pkl","546384",".pkl"
"trained\forex\individuals\trend\GBPUSD_M30_trend_metadata.json","250",".json"
"trained\forex\individuals\trend\GBPUSD_M30_trend_xgboost.pkl","555634",".pkl"
"trained\forex\super_models\OMNIS_SUPER_GLOBAL.pkl","1749438",".pkl"
"trained\orderflow\xgboost\AUDJPY_H1_orderflow_xgboost.pkl","90151",".pkl"
"trained\orderflow\xgboost\AUDJPY_H1_orderflow_xgboost_metadata.json","1584",".json"
"trained\orderflow\xgboost\AUDJPY_H4_orderflow_xgboost.pkl","75375",".pkl"
"trained\orderflow\xgboost\AUDJPY_H4_orderflow_xgboost_metadata.json","1584",".json"
"trained\orderflow\xgboost\AUDJPY_M15_orderflow_xgboost.pkl","75375",".pkl"
"trained\orderflow\xgboost\AUDJPY_M15_orderflow_xgboost_metadata.json","1585",".json"
"trained\orderflow\xgboost\AUDJPY_M30_orderflow_xgboost.pkl","75375",".pkl"
"trained\orderflow\xgboost\AUDJPY_M30_orderflow_xgboost_metadata.json","1585",".json"
"trained\orderflow\xgboost\AUDJPY_M5_orderflow_xgboost.pkl","75375",".pkl"
"trained\orderflow\xgboost\AUDJPY_M5_orderflow_xgboost_metadata.json","1584",".json"
"trained\orderflow\xgboost\AUDUSD_H1_orderflow_xgboost.pkl","75375",".pkl"
"trained\orderflow\xgboost\AUDUSD_H1_orderflow_xgboost_metadata.json","1584",".json"
"trained\orderflow\xgboost\AUDUSD_H4_orderflow_xgboost.pkl","75375",".pkl"
"trained\orderflow\xgboost\AUDUSD_H4_orderflow_xgboost_metadata.json","1584",".json"
"trained\orderflow\xgboost\AUDUSD_M15_orderflow_xgboost.pkl","75375",".pkl"
"trained\orderflow\xgboost\AUDUSD_M15_orderflow_xgboost_metadata.json","1585",".json"
"trained\orderflow\xgboost\AUDUSD_M30_orderflow_xgboost.pkl","75375",".pkl"
"trained\orderflow\xgboost\AUDUSD_M30_orderflow_xgboost_metadata.json","1585",".json"
"trained\orderflow\xgboost\AUDUSD_M5_orderflow_xgboost.pkl","75375",".pkl"
"trained\orderflow\xgboost\AUDUSD_M5_orderflow_xgboost_metadata.json","1584",".json"
"trained\orderflow\xgboost\BTCUSD_H1_orderflow_xgboost.pkl","75375",".pkl"
"trained\orderflow\xgboost\BTCUSD_H1_orderflow_xgboost_metadata.json","1584",".json"
"trained\orderflow\xgboost\BTCUSD_H4_orderflow_xgboost.pkl","75391",".pkl"
"trained\orderflow\xgboost\BTCUSD_H4_orderflow_xgboost_metadata.json","1584",".json"
"trained\orderflow\xgboost\BTCUSD_M15_orderflow_xgboost.pkl","75393",".pkl"
"trained\orderflow\xgboost\BTCUSD_M15_orderflow_xgboost_metadata.json","1585",".json"
"trained\orderflow\xgboost\BTCUSD_M30_orderflow_xgboost.pkl","75375",".pkl"
"trained\orderflow\xgboost\BTCUSD_M30_orderflow_xgboost_metadata.json","1585",".json"
"trained\orderflow\xgboost\BTCUSD_M5_orderflow_xgboost.pkl","75375",".pkl"
"trained\orderflow\xgboost\BTCUSD_M5_orderflow_xgboost_metadata.json","1584",".json"
"trained\orderflow\xgboost\ETHUSD_H1_orderflow_xgboost.pkl","75375",".pkl"
"trained\orderflow\xgboost\ETHUSD_H1_orderflow_xgboost_metadata.json","1584",".json"
"trained\orderflow\xgboost\ETHUSD_H4_orderflow_xgboost.pkl","75375",".pkl"
"trained\orderflow\xgboost\ETHUSD_H4_orderflow_xgboost_metadata.json","1584",".json"
"trained\orderflow\xgboost\ETHUSD_M15_orderflow_xgboost.pkl","75375",".pkl"
"trained\orderflow\xgboost\ETHUSD_M15_orderflow_xgboost_metadata.json","1585",".json"
"trained\orderflow\xgboost\ETHUSD_M30_orderflow_xgboost.pkl","75375",".pkl"
"trained\orderflow\xgboost\ETHUSD_M30_orderflow_xgboost_metadata.json","1585",".json"
"trained\orderflow\xgboost\ETHUSD_M5_orderflow_xgboost.pkl","75375",".pkl"
"trained\orderflow\xgboost\ETHUSD_M5_orderflow_xgboost_metadata.json","1584",".json"
"trained\orderflow\xgboost\EURCAD_H1_orderflow_xgboost.pkl","75375",".pkl"
"trained\orderflow\xgboost\EURCAD_H1_orderflow_xgboost_metadata.json","1584",".json"
"trained\orderflow\xgboost\EURCAD_H4_orderflow_xgboost.pkl","75375",".pkl"
"trained\orderflow\xgboost\EURCAD_H4_orderflow_xgboost_metadata.json","1584",".json"
"trained\orderflow\xgboost\EURCAD_M15_orderflow_xgboost.pkl","91305",".pkl"
"trained\orderflow\xgboost\EURCAD_M15_orderflow_xgboost_metadata.json","1585",".json"
"trained\orderflow\xgboost\EURCAD_M30_orderflow_xgboost.pkl","90081",".pkl"
"trained\orderflow\xgboost\EURCAD_M30_orderflow_xgboost_metadata.json","1585",".json"
"trained\orderflow\xgboost\EURCAD_M5_orderflow_xgboost.pkl","75375",".pkl"
"trained\orderflow\xgboost\EURCAD_M5_orderflow_xgboost_metadata.json","1584",".json"
"trained\orderflow\xgboost\EURCHF_H1_orderflow_xgboost.pkl","94025",".pkl"
"trained\orderflow\xgboost\EURCHF_H1_orderflow_xgboost_metadata.json","1584",".json"
"trained\orderflow\xgboost\EURCHF_H4_orderflow_xgboost.pkl","97101",".pkl"
"trained\orderflow\xgboost\EURCHF_H4_orderflow_xgboost_metadata.json","1584",".json"
"trained\orderflow\xgboost\EURCHF_M15_orderflow_xgboost.pkl","95183",".pkl"
"trained\orderflow\xgboost\EURCHF_M15_orderflow_xgboost_metadata.json","1585",".json"
"trained\orderflow\xgboost\EURCHF_M30_orderflow_xgboost.pkl","93821",".pkl"
"trained\orderflow\xgboost\EURCHF_M30_orderflow_xgboost_metadata.json","1585",".json"
"trained\orderflow\xgboost\EURCHF_M5_orderflow_xgboost.pkl","75375",".pkl"
"trained\orderflow\xgboost\EURCHF_M5_orderflow_xgboost_metadata.json","1584",".json"
"trained\orderflow\xgboost\EURGBP_H1_orderflow_xgboost.pkl","90967",".pkl"
"trained\orderflow\xgboost\EURGBP_H1_orderflow_xgboost_metadata.json","1584",".json"
"trained\orderflow\xgboost\EURGBP_H4_orderflow_xgboost.pkl","95820",".pkl"
"trained\orderflow\xgboost\EURGBP_H4_orderflow_xgboost_metadata.json","1584",".json"
"trained\orderflow\xgboost\EURGBP_M15_orderflow_xgboost.pkl","91099",".pkl"
"trained\orderflow\xgboost\EURGBP_M15_orderflow_xgboost_metadata.json","1585",".json"
"trained\orderflow\xgboost\EURGBP_M30_orderflow_xgboost.pkl","90761",".pkl"
"trained\orderflow\xgboost\EURGBP_M30_orderflow_xgboost_metadata.json","1585",".json"
"trained\orderflow\xgboost\EURGBP_M5_orderflow_xgboost.pkl","75375",".pkl"
"trained\orderflow\xgboost\EURGBP_M5_orderflow_xgboost_metadata.json","1584",".json"
"trained\orderflow\xgboost\EURJPY_H1_orderflow_xgboost.pkl","91783",".pkl"
"trained\orderflow\xgboost\EURJPY_H1_orderflow_xgboost_metadata.json","1584",".json"
"trained\orderflow\xgboost\EURJPY_H4_orderflow_xgboost.pkl","91238",".pkl"
"trained\orderflow\xgboost\EURJPY_H4_orderflow_xgboost_metadata.json","1584",".json"
"trained\orderflow\xgboost\EURJPY_M15_orderflow_xgboost.pkl","90898",".pkl"
"trained\orderflow\xgboost\EURJPY_M15_orderflow_xgboost_metadata.json","1585",".json"
"trained\orderflow\xgboost\EURJPY_M30_orderflow_xgboost.pkl","90762",".pkl"
"trained\orderflow\xgboost\EURJPY_M30_orderflow_xgboost_metadata.json","1585",".json"
"trained\orderflow\xgboost\EURJPY_M5_orderflow_xgboost.pkl","75375",".pkl"
"trained\orderflow\xgboost\EURJPY_M5_orderflow_xgboost_metadata.json","1584",".json"
"trained\orderflow\xgboost\EURUSD_H1_orderflow_xgboost.pkl","105739",".pkl"
"trained\orderflow\xgboost\EURUSD_H1_orderflow_xgboost_metadata.json","1584",".json"
"trained\orderflow\xgboost\EURUSD_H4_orderflow_xgboost.pkl","95659",".pkl"
"trained\orderflow\xgboost\EURUSD_H4_orderflow_xgboost_metadata.json","1584",".json"
"trained\orderflow\xgboost\EURUSD_M15_orderflow_xgboost.pkl","75375",".pkl"
"trained\orderflow\xgboost\EURUSD_M15_orderflow_xgboost_metadata.json","1585",".json"
"trained\orderflow\xgboost\EURUSD_M30_orderflow_xgboost.pkl","75375",".pkl"
"trained\orderflow\xgboost\EURUSD_M30_orderflow_xgboost_metadata.json","1585",".json"
"trained\orderflow\xgboost\EURUSD_M5_orderflow_xgboost.pkl","75375",".pkl"
"trained\orderflow\xgboost\EURUSD_M5_orderflow_xgboost_metadata.json","1584",".json"
"trained\orderflow\xgboost\GBPJPY_H1_orderflow_xgboost.pkl","92397",".pkl"
"trained\orderflow\xgboost\GBPJPY_H1_orderflow_xgboost_metadata.json","1584",".json"
"trained\orderflow\xgboost\GBPJPY_H4_orderflow_xgboost.pkl","96091",".pkl"
"trained\orderflow\xgboost\GBPJPY_H4_orderflow_xgboost_metadata.json","1584",".json"
"trained\orderflow\xgboost\GBPJPY_M15_orderflow_xgboost.pkl","90555",".pkl"
"trained\orderflow\xgboost\GBPJPY_M15_orderflow_xgboost_metadata.json","1585",".json"
"trained\orderflow\xgboost\GBPJPY_M30_orderflow_xgboost.pkl","90217",".pkl"
"trained\orderflow\xgboost\GBPJPY_M30_orderflow_xgboost_metadata.json","1585",".json"
"trained\orderflow\xgboost\GBPJPY_M5_orderflow_xgboost.pkl","75375",".pkl"
"trained\orderflow\xgboost\GBPJPY_M5_orderflow_xgboost_metadata.json","1584",".json"
"trained\orderflow\xgboost\GBPUSD_H1_orderflow_xgboost.pkl","93692",".pkl"
"trained\orderflow\xgboost\GBPUSD_H1_orderflow_xgboost_metadata.json","1584",".json"
"trained\orderflow\xgboost\GBPUSD_H4_orderflow_xgboost.pkl","96907",".pkl"
"trained\orderflow\xgboost\GBPUSD_H4_orderflow_xgboost_metadata.json","1584",".json"
"trained\orderflow\xgboost\GBPUSD_M15_orderflow_xgboost.pkl","89467",".pkl"
"trained\orderflow\xgboost\GBPUSD_M15_orderflow_xgboost_metadata.json","1585",".json"
"trained\orderflow\xgboost\GBPUSD_M30_orderflow_xgboost.pkl","90283",".pkl"
"trained\orderflow\xgboost\GBPUSD_M30_orderflow_xgboost_metadata.json","1585",".json"
"trained\orderflow\xgboost\GBPUSD_M5_orderflow_xgboost.pkl","75375",".pkl"
"trained\orderflow\xgboost\GBPUSD_M5_orderflow_xgboost_metadata.json","1584",".json"
"trained\orderflow\xgboost\GOLD_H1_orderflow_xgboost.pkl","85661",".pkl"
"trained\orderflow\xgboost\GOLD_H1_orderflow_xgboost_metadata.json","1582",".json"
"trained\orderflow\xgboost\GOLD_H4_orderflow_xgboost.pkl","85797",".pkl"
"trained\orderflow\xgboost\GOLD_H4_orderflow_xgboost_metadata.json","1582",".json"
"trained\orderflow\xgboost\GOLD_M15_orderflow_xgboost.pkl","85795",".pkl"
"trained\orderflow\xgboost\GOLD_M15_orderflow_xgboost_metadata.json","1583",".json"
"trained\orderflow\xgboost\GOLD_M30_orderflow_xgboost.pkl","85729",".pkl"
"trained\orderflow\xgboost\GOLD_M30_orderflow_xgboost_metadata.json","1583",".json"
"trained\orderflow\xgboost\GOLD_M5_orderflow_xgboost.pkl","75375",".pkl"
"trained\orderflow\xgboost\GOLD_M5_orderflow_xgboost_metadata.json","1582",".json"
"trained\orderflow\xgboost\NZDUSD_H1_orderflow_xgboost.pkl","91578",".pkl"
"trained\orderflow\xgboost\NZDUSD_H1_orderflow_xgboost_metadata.json","1584",".json"
"trained\orderflow\xgboost\NZDUSD_H4_orderflow_xgboost.pkl","96294",".pkl"
"trained\orderflow\xgboost\NZDUSD_H4_orderflow_xgboost_metadata.json","1584",".json"
"trained\orderflow\xgboost\NZDUSD_M15_orderflow_xgboost.pkl","91237",".pkl"
"trained\orderflow\xgboost\NZDUSD_M15_orderflow_xgboost_metadata.json","1585",".json"
"trained\orderflow\xgboost\NZDUSD_M30_orderflow_xgboost.pkl","92187",".pkl"
"trained\orderflow\xgboost\NZDUSD_M30_orderflow_xgboost_metadata.json","1585",".json"
"trained\orderflow\xgboost\NZDUSD_M5_orderflow_xgboost.pkl","75375",".pkl"
"trained\orderflow\xgboost\NZDUSD_M5_orderflow_xgboost_metadata.json","1584",".json"
"trained\orderflow\xgboost\USDCAD_H1_orderflow_xgboost.pkl","90425",".pkl"
"trained\orderflow\xgboost\USDCAD_H1_orderflow_xgboost_metadata.json","1584",".json"
"trained\orderflow\xgboost\USDCAD_H4_orderflow_xgboost.pkl","92265",".pkl"
"trained\orderflow\xgboost\USDCAD_H4_orderflow_xgboost_metadata.json","1584",".json"
"trained\orderflow\xgboost\USDCAD_M15_orderflow_xgboost.pkl","92256",".pkl"
"trained\orderflow\xgboost\USDCAD_M15_orderflow_xgboost_metadata.json","1585",".json"
"trained\orderflow\xgboost\USDCAD_M30_orderflow_xgboost.pkl","90695",".pkl"
"trained\orderflow\xgboost\USDCAD_M30_orderflow_xgboost_metadata.json","1585",".json"
"trained\orderflow\xgboost\USDCAD_M5_orderflow_xgboost.pkl","75375",".pkl"
"trained\orderflow\xgboost\USDCAD_M5_orderflow_xgboost_metadata.json","1584",".json"
"trained\orderflow\xgboost\USDCHF_H1_orderflow_xgboost.pkl","92595",".pkl"
"trained\orderflow\xgboost\USDCHF_H1_orderflow_xgboost_metadata.json","1584",".json"
"trained\orderflow\xgboost\USDCHF_H4_orderflow_xgboost.pkl","96019",".pkl"
"trained\orderflow\xgboost\USDCHF_H4_orderflow_xgboost_metadata.json","1584",".json"
"trained\orderflow\xgboost\USDCHF_M15_orderflow_xgboost.pkl","96745",".pkl"
"trained\orderflow\xgboost\USDCHF_M15_orderflow_xgboost_metadata.json","1585",".json"
"trained\orderflow\xgboost\USDCHF_M30_orderflow_xgboost.pkl","94841",".pkl"
"trained\orderflow\xgboost\USDCHF_M30_orderflow_xgboost_metadata.json","1585",".json"
"trained\orderflow\xgboost\USDCHF_M5_orderflow_xgboost.pkl","75375",".pkl"
"trained\orderflow\xgboost\USDCHF_M5_orderflow_xgboost_metadata.json","1584",".json"
"trained\orderflow\xgboost\USDJPY_H1_orderflow_xgboost.pkl","90287",".pkl"
"trained\orderflow\xgboost\USDJPY_H1_orderflow_xgboost_metadata.json","1584",".json"
"trained\orderflow\xgboost\USDJPY_H4_orderflow_xgboost.pkl","94314",".pkl"
"trained\orderflow\xgboost\USDJPY_H4_orderflow_xgboost_metadata.json","1584",".json"
"trained\orderflow\xgboost\USDJPY_M15_orderflow_xgboost.pkl","89807",".pkl"
"trained\orderflow\xgboost\USDJPY_M15_orderflow_xgboost_metadata.json","1585",".json"
"trained\orderflow\xgboost\USDJPY_M30_orderflow_xgboost.pkl","89741",".pkl"
"trained\orderflow\xgboost\USDJPY_M30_orderflow_xgboost_metadata.json","1585",".json"
"trained\orderflow\xgboost\USDJPY_M5_orderflow_xgboost.pkl","75375",".pkl"
"trained\orderflow\xgboost\USDJPY_M5_orderflow_xgboost_metadata.json","1584",".json"
"trained\reversal\xgboost\AUDJPY_H1_reversal_xgboost.pkl","75375",".pkl"
"trained\reversal\xgboost\AUDJPY_H1_reversal_xgboost_metadata.json","1584",".json"
"trained\reversal\xgboost\AUDJPY_H4_reversal_xgboost.pkl","75375",".pkl"
"trained\reversal\xgboost\AUDJPY_H4_reversal_xgboost_metadata.json","1584",".json"
"trained\reversal\xgboost\AUDJPY_M15_reversal_xgboost.pkl","75375",".pkl"
"trained\reversal\xgboost\AUDJPY_M15_reversal_xgboost_metadata.json","1585",".json"
"trained\reversal\xgboost\AUDJPY_M30_reversal_xgboost.pkl","75375",".pkl"
"trained\reversal\xgboost\AUDJPY_M30_reversal_xgboost_metadata.json","1585",".json"
"trained\reversal\xgboost\AUDJPY_M5_reversal_xgboost.pkl","75375",".pkl"
"trained\reversal\xgboost\AUDJPY_M5_reversal_xgboost_metadata.json","1584",".json"
"trained\reversal\xgboost\AUDUSD_H1_reversal_xgboost.pkl","75375",".pkl"
"trained\reversal\xgboost\AUDUSD_H1_reversal_xgboost_metadata.json","1584",".json"
"trained\reversal\xgboost\AUDUSD_H4_reversal_xgboost.pkl","75375",".pkl"
"trained\reversal\xgboost\AUDUSD_H4_reversal_xgboost_metadata.json","1584",".json"
"trained\reversal\xgboost\AUDUSD_M15_reversal_xgboost.pkl","75375",".pkl"
"trained\reversal\xgboost\AUDUSD_M15_reversal_xgboost_metadata.json","1585",".json"
"trained\reversal\xgboost\AUDUSD_M30_reversal_xgboost.pkl","75375",".pkl"
"trained\reversal\xgboost\AUDUSD_M30_reversal_xgboost_metadata.json","1585",".json"
"trained\reversal\xgboost\AUDUSD_M5_reversal_xgboost.pkl","75375",".pkl"
"trained\reversal\xgboost\AUDUSD_M5_reversal_xgboost_metadata.json","1584",".json"
"trained\reversal\xgboost\BTCUSD_H1_reversal_xgboost.pkl","75375",".pkl"
"trained\reversal\xgboost\BTCUSD_H1_reversal_xgboost_metadata.json","1584",".json"
"trained\reversal\xgboost\BTCUSD_H4_reversal_xgboost.pkl","75375",".pkl"
"trained\reversal\xgboost\BTCUSD_H4_reversal_xgboost_metadata.json","1584",".json"
"trained\reversal\xgboost\BTCUSD_M15_reversal_xgboost.pkl","75375",".pkl"
"trained\reversal\xgboost\BTCUSD_M15_reversal_xgboost_metadata.json","1585",".json"
"trained\reversal\xgboost\BTCUSD_M30_reversal_xgboost.pkl","75375",".pkl"
"trained\reversal\xgboost\BTCUSD_M30_reversal_xgboost_metadata.json","1585",".json"
"trained\reversal\xgboost\BTCUSD_M5_reversal_xgboost.pkl","75375",".pkl"
"trained\reversal\xgboost\BTCUSD_M5_reversal_xgboost_metadata.json","1584",".json"
"trained\reversal\xgboost\ETHUSD_H1_reversal_xgboost.pkl","75375",".pkl"
"trained\reversal\xgboost\ETHUSD_H1_reversal_xgboost_metadata.json","1584",".json"
"trained\reversal\xgboost\ETHUSD_H4_reversal_xgboost.pkl","75375",".pkl"
"trained\reversal\xgboost\ETHUSD_H4_reversal_xgboost_metadata.json","1584",".json"
"trained\reversal\xgboost\ETHUSD_M15_reversal_xgboost.pkl","75375",".pkl"
"trained\reversal\xgboost\ETHUSD_M15_reversal_xgboost_metadata.json","1585",".json"
"trained\reversal\xgboost\ETHUSD_M30_reversal_xgboost.pkl","75375",".pkl"
"trained\reversal\xgboost\ETHUSD_M30_reversal_xgboost_metadata.json","1585",".json"
"trained\reversal\xgboost\ETHUSD_M5_reversal_xgboost.pkl","75375",".pkl"
"trained\reversal\xgboost\ETHUSD_M5_reversal_xgboost_metadata.json","1584",".json"
"trained\reversal\xgboost\EURCAD_H1_reversal_xgboost.pkl","75375",".pkl"
"trained\reversal\xgboost\EURCAD_H1_reversal_xgboost_metadata.json","1584",".json"
"trained\reversal\xgboost\EURCAD_H4_reversal_xgboost.pkl","75375",".pkl"
"trained\reversal\xgboost\EURCAD_H4_reversal_xgboost_metadata.json","1584",".json"
"trained\reversal\xgboost\EURCAD_M15_reversal_xgboost.pkl","75375",".pkl"
"trained\reversal\xgboost\EURCAD_M15_reversal_xgboost_metadata.json","1585",".json"
"trained\reversal\xgboost\EURCAD_M30_reversal_xgboost.pkl","75375",".pkl"
"trained\reversal\xgboost\EURCAD_M30_reversal_xgboost_metadata.json","1585",".json"
"trained\reversal\xgboost\EURCAD_M5_reversal_xgboost.pkl","75375",".pkl"
"trained\reversal\xgboost\EURCAD_M5_reversal_xgboost_metadata.json","1584",".json"
"trained\reversal\xgboost\EURCHF_H1_reversal_xgboost.pkl","75375",".pkl"
"trained\reversal\xgboost\EURCHF_H1_reversal_xgboost_metadata.json","1584",".json"
"trained\reversal\xgboost\EURCHF_H4_reversal_xgboost.pkl","75375",".pkl"
"trained\reversal\xgboost\EURCHF_H4_reversal_xgboost_metadata.json","1584",".json"
"trained\reversal\xgboost\EURCHF_M15_reversal_xgboost.pkl","75375",".pkl"
"trained\reversal\xgboost\EURCHF_M15_reversal_xgboost_metadata.json","1585",".json"
"trained\reversal\xgboost\EURCHF_M30_reversal_xgboost.pkl","75375",".pkl"
"trained\reversal\xgboost\EURCHF_M30_reversal_xgboost_metadata.json","1585",".json"
"trained\reversal\xgboost\EURCHF_M5_reversal_xgboost.pkl","75375",".pkl"
"trained\reversal\xgboost\EURCHF_M5_reversal_xgboost_metadata.json","1584",".json"
"trained\reversal\xgboost\EURGBP_H1_reversal_xgboost.pkl","75375",".pkl"
"trained\reversal\xgboost\EURGBP_H1_reversal_xgboost_metadata.json","1584",".json"
"trained\reversal\xgboost\EURGBP_H4_reversal_xgboost.pkl","75375",".pkl"
"trained\reversal\xgboost\EURGBP_H4_reversal_xgboost_metadata.json","1584",".json"
"trained\reversal\xgboost\EURGBP_M15_reversal_xgboost.pkl","75375",".pkl"
"trained\reversal\xgboost\EURGBP_M15_reversal_xgboost_metadata.json","1585",".json"
"trained\reversal\xgboost\EURGBP_M30_reversal_xgboost.pkl","75375",".pkl"
"trained\reversal\xgboost\EURGBP_M30_reversal_xgboost_metadata.json","1585",".json"
"trained\reversal\xgboost\EURGBP_M5_reversal_xgboost.pkl","75375",".pkl"
"trained\reversal\xgboost\EURGBP_M5_reversal_xgboost_metadata.json","1584",".json"
"trained\reversal\xgboost\EURJPY_H1_reversal_xgboost.pkl","75375",".pkl"
"trained\reversal\xgboost\EURJPY_H1_reversal_xgboost_metadata.json","1584",".json"
"trained\reversal\xgboost\EURJPY_H4_reversal_xgboost.pkl","75375",".pkl"
"trained\reversal\xgboost\EURJPY_H4_reversal_xgboost_metadata.json","1584",".json"
"trained\reversal\xgboost\EURJPY_M15_reversal_xgboost.pkl","75375",".pkl"
"trained\reversal\xgboost\EURJPY_M15_reversal_xgboost_metadata.json","1585",".json"
"trained\reversal\xgboost\EURJPY_M30_reversal_xgboost.pkl","75375",".pkl"
"trained\reversal\xgboost\EURJPY_M30_reversal_xgboost_metadata.json","1585",".json"
"trained\reversal\xgboost\EURJPY_M5_reversal_xgboost.pkl","75375",".pkl"
"trained\reversal\xgboost\EURJPY_M5_reversal_xgboost_metadata.json","1584",".json"
"trained\reversal\xgboost\EURUSD_H1_reversal_xgboost.pkl","75375",".pkl"
"trained\reversal\xgboost\EURUSD_H1_reversal_xgboost_metadata.json","1584",".json"
"trained\reversal\xgboost\EURUSD_H4_reversal_xgboost.pkl","75375",".pkl"
"trained\reversal\xgboost\EURUSD_H4_reversal_xgboost_metadata.json","1584",".json"
"trained\reversal\xgboost\EURUSD_M15_reversal_xgboost.pkl","75375",".pkl"
"trained\reversal\xgboost\EURUSD_M15_reversal_xgboost_metadata.json","1585",".json"
"trained\reversal\xgboost\EURUSD_M30_reversal_xgboost.pkl","75375",".pkl"
"trained\reversal\xgboost\EURUSD_M30_reversal_xgboost_metadata.json","1585",".json"
"trained\reversal\xgboost\EURUSD_M5_reversal_xgboost.pkl","75375",".pkl"
"trained\reversal\xgboost\EURUSD_M5_reversal_xgboost_metadata.json","1584",".json"
"trained\reversal\xgboost\GBPJPY_H1_reversal_xgboost.pkl","75375",".pkl"
"trained\reversal\xgboost\GBPJPY_H1_reversal_xgboost_metadata.json","1584",".json"
"trained\reversal\xgboost\GBPJPY_H4_reversal_xgboost.pkl","75375",".pkl"
"trained\reversal\xgboost\GBPJPY_H4_reversal_xgboost_metadata.json","1584",".json"
"trained\reversal\xgboost\GBPJPY_M15_reversal_xgboost.pkl","75375",".pkl"
"trained\reversal\xgboost\GBPJPY_M15_reversal_xgboost_metadata.json","1585",".json"
"trained\reversal\xgboost\GBPJPY_M30_reversal_xgboost.pkl","75375",".pkl"
"trained\reversal\xgboost\GBPJPY_M30_reversal_xgboost_metadata.json","1585",".json"
"trained\reversal\xgboost\GBPJPY_M5_reversal_xgboost.pkl","75375",".pkl"
"trained\reversal\xgboost\GBPJPY_M5_reversal_xgboost_metadata.json","1584",".json"
"trained\reversal\xgboost\GBPUSD_H1_reversal_xgboost.pkl","75375",".pkl"
"trained\reversal\xgboost\GBPUSD_H1_reversal_xgboost_metadata.json","1584",".json"
"trained\reversal\xgboost\GBPUSD_H4_reversal_xgboost.pkl","75375",".pkl"
"trained\reversal\xgboost\GBPUSD_H4_reversal_xgboost_metadata.json","1584",".json"
"trained\reversal\xgboost\GBPUSD_M15_reversal_xgboost.pkl","75375",".pkl"
"trained\reversal\xgboost\GBPUSD_M15_reversal_xgboost_metadata.json","1585",".json"
"trained\reversal\xgboost\GBPUSD_M30_reversal_xgboost.pkl","75375",".pkl"
"trained\reversal\xgboost\GBPUSD_M30_reversal_xgboost_metadata.json","1585",".json"
"trained\reversal\xgboost\GBPUSD_M5_reversal_xgboost.pkl","75375",".pkl"
"trained\reversal\xgboost\GBPUSD_M5_reversal_xgboost_metadata.json","1584",".json"
"trained\reversal\xgboost\GOLD_H1_reversal_xgboost.pkl","75375",".pkl"
"trained\reversal\xgboost\GOLD_H1_reversal_xgboost_metadata.json","1582",".json"
"trained\reversal\xgboost\GOLD_H4_reversal_xgboost.pkl","75375",".pkl"
"trained\reversal\xgboost\GOLD_H4_reversal_xgboost_metadata.json","1582",".json"
"trained\reversal\xgboost\GOLD_M15_reversal_xgboost.pkl","75375",".pkl"
"trained\reversal\xgboost\GOLD_M15_reversal_xgboost_metadata.json","1583",".json"
"trained\reversal\xgboost\GOLD_M30_reversal_xgboost.pkl","75375",".pkl"
"trained\reversal\xgboost\GOLD_M30_reversal_xgboost_metadata.json","1583",".json"
"trained\reversal\xgboost\GOLD_M5_reversal_xgboost.pkl","75375",".pkl"
"trained\reversal\xgboost\GOLD_M5_reversal_xgboost_metadata.json","1582",".json"
"trained\reversal\xgboost\NZDUSD_H1_reversal_xgboost.pkl","75375",".pkl"
"trained\reversal\xgboost\NZDUSD_H1_reversal_xgboost_metadata.json","1584",".json"
"trained\reversal\xgboost\NZDUSD_H4_reversal_xgboost.pkl","75375",".pkl"
"trained\reversal\xgboost\NZDUSD_H4_reversal_xgboost_metadata.json","1584",".json"
"trained\reversal\xgboost\NZDUSD_M15_reversal_xgboost.pkl","75375",".pkl"
"trained\reversal\xgboost\NZDUSD_M15_reversal_xgboost_metadata.json","1585",".json"
"trained\reversal\xgboost\NZDUSD_M30_reversal_xgboost.pkl","75375",".pkl"
"trained\reversal\xgboost\NZDUSD_M30_reversal_xgboost_metadata.json","1585",".json"
"trained\reversal\xgboost\NZDUSD_M5_reversal_xgboost.pkl","75375",".pkl"
"trained\reversal\xgboost\NZDUSD_M5_reversal_xgboost_metadata.json","1584",".json"
"trained\reversal\xgboost\USDCAD_H1_reversal_xgboost.pkl","75375",".pkl"
"trained\reversal\xgboost\USDCAD_H1_reversal_xgboost_metadata.json","1584",".json"
"trained\reversal\xgboost\USDCAD_H4_reversal_xgboost.pkl","75375",".pkl"
"trained\reversal\xgboost\USDCAD_H4_reversal_xgboost_metadata.json","1584",".json"
"trained\reversal\xgboost\USDCAD_M15_reversal_xgboost.pkl","75375",".pkl"
"trained\reversal\xgboost\USDCAD_M15_reversal_xgboost_metadata.json","1585",".json"
"trained\reversal\xgboost\USDCAD_M30_reversal_xgboost.pkl","75375",".pkl"
"trained\reversal\xgboost\USDCAD_M30_reversal_xgboost_metadata.json","1585",".json"
"trained\reversal\xgboost\USDCAD_M5_reversal_xgboost.pkl","75375",".pkl"
"trained\reversal\xgboost\USDCAD_M5_reversal_xgboost_metadata.json","1584",".json"
"trained\reversal\xgboost\USDCHF_H1_reversal_xgboost.pkl","75375",".pkl"
"trained\reversal\xgboost\USDCHF_H1_reversal_xgboost_metadata.json","1584",".json"
"trained\reversal\xgboost\USDCHF_H4_reversal_xgboost.pkl","75375",".pkl"
"trained\reversal\xgboost\USDCHF_H4_reversal_xgboost_metadata.json","1584",".json"
"trained\reversal\xgboost\USDCHF_M15_reversal_xgboost.pkl","75375",".pkl"
"trained\reversal\xgboost\USDCHF_M15_reversal_xgboost_metadata.json","1585",".json"
"trained\reversal\xgboost\USDCHF_M30_reversal_xgboost.pkl","75375",".pkl"
"trained\reversal\xgboost\USDCHF_M30_reversal_xgboost_metadata.json","1585",".json"
"trained\reversal\xgboost\USDCHF_M5_reversal_xgboost.pkl","75375",".pkl"
"trained\reversal\xgboost\USDCHF_M5_reversal_xgboost_metadata.json","1584",".json"
"trained\reversal\xgboost\USDJPY_H1_reversal_xgboost.pkl","75375",".pkl"
"trained\reversal\xgboost\USDJPY_H1_reversal_xgboost_metadata.json","1584",".json"
"trained\reversal\xgboost\USDJPY_H4_reversal_xgboost.pkl","75375",".pkl"
"trained\reversal\xgboost\USDJPY_H4_reversal_xgboost_metadata.json","1584",".json"
"trained\reversal\xgboost\USDJPY_M15_reversal_xgboost.pkl","75375",".pkl"
"trained\reversal\xgboost\USDJPY_M15_reversal_xgboost_metadata.json","1585",".json"
"trained\reversal\xgboost\USDJPY_M30_reversal_xgboost.pkl","75375",".pkl"
"trained\reversal\xgboost\USDJPY_M30_reversal_xgboost_metadata.json","1585",".json"
"trained\reversal\xgboost\USDJPY_M5_reversal_xgboost.pkl","75375",".pkl"
"trained\reversal\xgboost\USDJPY_M5_reversal_xgboost_metadata.json","1584",".json"
"trained\trend\xgboost\AUDJPY_H1_trend_xgboost.pkl","239781",".pkl"
"trained\trend\xgboost\AUDJPY_H1_trend_xgboost_metadata.json","1587",".json"
"trained\trend\xgboost\AUDJPY_H4_trend_xgboost.pkl","204353",".pkl"
"trained\trend\xgboost\AUDJPY_H4_trend_xgboost_metadata.json","1587",".json"
"trained\trend\xgboost\AUDJPY_M15_trend_xgboost.pkl","266573",".pkl"
"trained\trend\xgboost\AUDJPY_M15_trend_xgboost_metadata.json","1587",".json"
"trained\trend\xgboost\AUDJPY_M30_trend_xgboost.pkl","248619",".pkl"
"trained\trend\xgboost\AUDJPY_M30_trend_xgboost_metadata.json","1588",".json"
"trained\trend\xgboost\AUDJPY_M5_trend_xgboost.pkl","274051",".pkl"
"trained\trend\xgboost\AUDJPY_M5_trend_xgboost_metadata.json","1587",".json"
"trained\trend\xgboost\AUDUSD_H1_trend_xgboost.pkl","236311",".pkl"
"trained\trend\xgboost\AUDUSD_H1_trend_xgboost_metadata.json","1587",".json"
"trained\trend\xgboost\AUDUSD_H4_trend_xgboost.pkl","201225",".pkl"
"trained\trend\xgboost\AUDUSD_H4_trend_xgboost_metadata.json","1587",".json"
"trained\trend\xgboost\AUDUSD_M15_trend_xgboost.pkl","268137",".pkl"
"trained\trend\xgboost\AUDUSD_M15_trend_xgboost_metadata.json","1588",".json"
"trained\trend\xgboost\AUDUSD_M30_trend_xgboost.pkl","254537",".pkl"
"trained\trend\xgboost\AUDUSD_M30_trend_xgboost_metadata.json","1588",".json"
"trained\trend\xgboost\AUDUSD_M5_trend_xgboost.pkl","267593",".pkl"
"trained\trend\xgboost\AUDUSD_M5_trend_xgboost_metadata.json","1587",".json"
"trained\trend\xgboost\BTCUSD_H1_trend_xgboost.pkl","239643",".pkl"
"trained\trend\xgboost\BTCUSD_H1_trend_xgboost_metadata.json","1587",".json"
"trained\trend\xgboost\BTCUSD_H4_trend_xgboost.pkl","241343",".pkl"
"trained\trend\xgboost\BTCUSD_H4_trend_xgboost_metadata.json","1587",".json"
"trained\trend\xgboost\BTCUSD_M15_trend_xgboost.pkl","265825",".pkl"
"trained\trend\xgboost\BTCUSD_M15_trend_xgboost_metadata.json","1588",".json"
"trained\trend\xgboost\BTCUSD_M30_trend_xgboost.pkl","259841",".pkl"
"trained\trend\xgboost\BTCUSD_M30_trend_xgboost_metadata.json","1588",".json"
"trained\trend\xgboost\BTCUSD_M5_trend_xgboost.pkl","275073",".pkl"
"trained\trend\xgboost\BTCUSD_M5_trend_xgboost_metadata.json","1587",".json"
"trained\trend\xgboost\ETHUSD_H1_trend_xgboost.pkl","240733",".pkl"
"trained\trend\xgboost\ETHUSD_H1_trend_xgboost_metadata.json","1587",".json"
"trained\trend\xgboost\ETHUSD_H4_trend_xgboost.pkl","237331",".pkl"
"trained\trend\xgboost\ETHUSD_H4_trend_xgboost_metadata.json","1587",".json"
"trained\trend\xgboost\ETHUSD_M15_trend_xgboost.pkl","262289",".pkl"
"trained\trend\xgboost\ETHUSD_M15_trend_xgboost_metadata.json","1588",".json"
"trained\trend\xgboost\ETHUSD_M30_trend_xgboost.pkl","262695",".pkl"
"trained\trend\xgboost\ETHUSD_M30_trend_xgboost_metadata.json","1588",".json"
"trained\trend\xgboost\ETHUSD_M5_trend_xgboost.pkl","270583",".pkl"
"trained\trend\xgboost\ETHUSD_M5_trend_xgboost_metadata.json","1587",".json"
"trained\trend\xgboost\EURCAD_H1_trend_xgboost.pkl","244065",".pkl"
"trained\trend\xgboost\EURCAD_H1_trend_xgboost_metadata.json","1587",".json"
"trained\trend\xgboost\EURCAD_H4_trend_xgboost.pkl","204759",".pkl"
"trained\trend\xgboost\EURCAD_H4_trend_xgboost_metadata.json","1587",".json"
"trained\trend\xgboost\EURCAD_M15_trend_xgboost.pkl","264261",".pkl"
"trained\trend\xgboost\EURCAD_M15_trend_xgboost_metadata.json","1588",".json"
"trained\trend\xgboost\EURCAD_M30_trend_xgboost.pkl","254469",".pkl"
"trained\trend\xgboost\EURCAD_M30_trend_xgboost_metadata.json","1587",".json"
"trained\trend\xgboost\EURCAD_M5_trend_xgboost.pkl","276567",".pkl"
"trained\trend\xgboost\EURCAD_M5_trend_xgboost_metadata.json","1587",".json"
"trained\trend\xgboost\EURCHF_H1_trend_xgboost.pkl","232231",".pkl"
"trained\trend\xgboost\EURCHF_H1_trend_xgboost_metadata.json","1587",".json"
"trained\trend\xgboost\EURCHF_H4_trend_xgboost.pkl","217749",".pkl"
"trained\trend\xgboost\EURCHF_H4_trend_xgboost_metadata.json","1584",".json"
"trained\trend\xgboost\EURCHF_M15_trend_xgboost.pkl","262083",".pkl"
"trained\trend\xgboost\EURCHF_M15_trend_xgboost_metadata.json","1588",".json"
"trained\trend\xgboost\EURCHF_M30_trend_xgboost.pkl","237945",".pkl"
"trained\trend\xgboost\EURCHF_M30_trend_xgboost_metadata.json","1588",".json"
"trained\trend\xgboost\EURCHF_M5_trend_xgboost.pkl","270311",".pkl"
"trained\trend\xgboost\EURCHF_M5_trend_xgboost_metadata.json","1587",".json"
"trained\trend\xgboost\EURGBP_H1_trend_xgboost.pkl","231145",".pkl"
"trained\trend\xgboost\EURGBP_H1_trend_xgboost_metadata.json","1587",".json"
"trained\trend\xgboost\EURGBP_H4_trend_xgboost.pkl","213057",".pkl"
"trained\trend\xgboost\EURGBP_H4_trend_xgboost_metadata.json","1587",".json"
"trained\trend\xgboost\EURGBP_M15_trend_xgboost.pkl","260317",".pkl"
"trained\trend\xgboost\EURGBP_M15_trend_xgboost_metadata.json","1588",".json"
"trained\trend\xgboost\EURGBP_M30_trend_xgboost.pkl","251817",".pkl"
"trained\trend\xgboost\EURGBP_M30_trend_xgboost_metadata.json","1588",".json"
"trained\trend\xgboost\EURGBP_M5_trend_xgboost.pkl","274187",".pkl"
"trained\trend\xgboost\EURGBP_M5_trend_xgboost_metadata.json","1587",".json"
"trained\trend\xgboost\EURJPY_H1_trend_xgboost.pkl","262493",".pkl"
"trained\trend\xgboost\EURJPY_H1_trend_xgboost_metadata.json","1587",".json"
"trained\trend\xgboost\EURJPY_H4_trend_xgboost.pkl","260655",".pkl"
"trained\trend\xgboost\EURJPY_H4_trend_xgboost_metadata.json","1587",".json"
"trained\trend\xgboost\EURJPY_M15_trend_xgboost.pkl","258345",".pkl"
"trained\trend\xgboost\EURJPY_M15_trend_xgboost_metadata.json","1587",".json"
"trained\trend\xgboost\EURJPY_M30_trend_xgboost.pkl","260997",".pkl"
"trained\trend\xgboost\EURJPY_M30_trend_xgboost_metadata.json","1588",".json"
"trained\trend\xgboost\EURJPY_M5_trend_xgboost.pkl","272621",".pkl"
"trained\trend\xgboost\EURJPY_M5_trend_xgboost_metadata.json","1587",".json"
"trained\trend\xgboost\EURUSD_H1_trend_xgboost.pkl","272897",".pkl"
"trained\trend\xgboost\EURUSD_H1_trend_xgboost_metadata.json","1587",".json"
"trained\trend\xgboost\EURUSD_H4_trend_xgboost.pkl","260589",".pkl"
"trained\trend\xgboost\EURUSD_H4_trend_xgboost_metadata.json","1587",".json"
"trained\trend\xgboost\EURUSD_M15_trend_xgboost.pkl","271537",".pkl"
"trained\trend\xgboost\EURUSD_M15_trend_xgboost_metadata.json","1588",".json"
"trained\trend\xgboost\EURUSD_M30_trend_xgboost.pkl","278133",".pkl"
"trained\trend\xgboost\EURUSD_M30_trend_xgboost_metadata.json","1588",".json"
"trained\trend\xgboost\EURUSD_M5_trend_xgboost.pkl","272827",".pkl"
"trained\trend\xgboost\EURUSD_M5_trend_xgboost_metadata.json","1587",".json"
"trained\trend\xgboost\GBPJPY_H1_trend_xgboost.pkl","247057",".pkl"
"trained\trend\xgboost\GBPJPY_H1_trend_xgboost_metadata.json","1587",".json"
"trained\trend\xgboost\GBPJPY_H4_trend_xgboost.pkl","220265",".pkl"
"trained\trend\xgboost\GBPJPY_H4_trend_xgboost_metadata.json","1587",".json"
"trained\trend\xgboost\GBPJPY_M15_trend_xgboost.pkl","265417",".pkl"
"trained\trend\xgboost\GBPJPY_M15_trend_xgboost_metadata.json","1588",".json"
"trained\trend\xgboost\GBPJPY_M30_trend_xgboost.pkl","250117",".pkl"
"trained\trend\xgboost\GBPJPY_M30_trend_xgboost_metadata.json","1588",".json"
"trained\trend\xgboost\GBPJPY_M5_trend_xgboost.pkl","279763",".pkl"
"trained\trend\xgboost\GBPJPY_M5_trend_xgboost_metadata.json","1587",".json"
"trained\trend\xgboost\GBPUSD_H1_trend_xgboost.pkl","233933",".pkl"
"trained\trend\xgboost\GBPUSD_H1_trend_xgboost_metadata.json","1587",".json"
"trained\trend\xgboost\GBPUSD_H4_trend_xgboost.pkl","212853",".pkl"
"trained\trend\xgboost\GBPUSD_H4_trend_xgboost_metadata.json","1586",".json"
"trained\trend\xgboost\GBPUSD_M15_trend_xgboost.pkl","267457",".pkl"
"trained\trend\xgboost\GBPUSD_M15_trend_xgboost_metadata.json","1588",".json"
"trained\trend\xgboost\GBPUSD_M30_trend_xgboost.pkl","248621",".pkl"
"trained\trend\xgboost\GBPUSD_M30_trend_xgboost_metadata.json","1588",".json"
"trained\trend\xgboost\GBPUSD_M5_trend_xgboost.pkl","273577",".pkl"
"trained\trend\xgboost\GBPUSD_M5_trend_xgboost_metadata.json","1587",".json"
"trained\trend\xgboost\GOLD_H1_trend_xgboost.pkl","235225",".pkl"
"trained\trend\xgboost\GOLD_H1_trend_xgboost_metadata.json","1585",".json"
"trained\trend\xgboost\GOLD_H4_trend_xgboost.pkl","224209",".pkl"
"trained\trend\xgboost\GOLD_H4_trend_xgboost_metadata.json","1585",".json"
"trained\trend\xgboost\GOLD_M15_trend_xgboost.pkl","267865",".pkl"
"trained\trend\xgboost\GOLD_M15_trend_xgboost_metadata.json","1586",".json"
"trained\trend\xgboost\GOLD_M30_trend_xgboost.pkl","259841",".pkl"
"trained\trend\xgboost\GOLD_M30_trend_xgboost_metadata.json","1584",".json"
"trained\trend\xgboost\GOLD_M5_trend_xgboost.pkl","267389",".pkl"
"trained\trend\xgboost\GOLD_M5_trend_xgboost_metadata.json","1585",".json"
"trained\trend\xgboost\NZDUSD_H1_trend_xgboost.pkl","228221",".pkl"
"trained\trend\xgboost\NZDUSD_H1_trend_xgboost_metadata.json","1587",".json"
"trained\trend\xgboost\NZDUSD_H4_trend_xgboost.pkl","200001",".pkl"
"trained\trend\xgboost\NZDUSD_H4_trend_xgboost_metadata.json","1586",".json"
"trained\trend\xgboost\NZDUSD_M15_trend_xgboost.pkl","260793",".pkl"
"trained\trend\xgboost\NZDUSD_M15_trend_xgboost_metadata.json","1588",".json"
"trained\trend\xgboost\NZDUSD_M30_trend_xgboost.pkl","249095",".pkl"
"trained\trend\xgboost\NZDUSD_M30_trend_xgboost_metadata.json","1588",".json"
"trained\trend\xgboost\NZDUSD_M5_trend_xgboost.pkl","270175",".pkl"
"trained\trend\xgboost\NZDUSD_M5_trend_xgboost_metadata.json","1587",".json"
"trained\trend\xgboost\USDCAD_H1_trend_xgboost.pkl","253177",".pkl"
"trained\trend\xgboost\USDCAD_H1_trend_xgboost_metadata.json","1587",".json"
"trained\trend\xgboost\USDCAD_H4_trend_xgboost.pkl","239577",".pkl"
"trained\trend\xgboost\USDCAD_H4_trend_xgboost_metadata.json","1587",".json"
"trained\trend\xgboost\USDCAD_M15_trend_xgboost.pkl","264731",".pkl"
"trained\trend\xgboost\USDCAD_M15_trend_xgboost_metadata.json","1588",".json"
"trained\trend\xgboost\USDCAD_M30_trend_xgboost.pkl","241819",".pkl"
"trained\trend\xgboost\USDCAD_M30_trend_xgboost_metadata.json","1588",".json"
"trained\trend\xgboost\USDCAD_M5_trend_xgboost.pkl","273711",".pkl"
"trained\trend\xgboost\USDCAD_M5_trend_xgboost_metadata.json","1587",".json"
"trained\trend\xgboost\USDCHF_H1_trend_xgboost.pkl","248483",".pkl"
"trained\trend\xgboost\USDCHF_H1_trend_xgboost_metadata.json","1587",".json"
"trained\trend\xgboost\USDCHF_H4_trend_xgboost.pkl","209925",".pkl"
"trained\trend\xgboost\USDCHF_H4_trend_xgboost_metadata.json","1587",".json"
"trained\trend\xgboost\USDCHF_M15_trend_xgboost.pkl","270653",".pkl"
"trained\trend\xgboost\USDCHF_M15_trend_xgboost_metadata.json","1588",".json"
"trained\trend\xgboost\USDCHF_M30_trend_xgboost.pkl","261813",".pkl"
"trained\trend\xgboost\USDCHF_M30_trend_xgboost_metadata.json","1588",".json"
"trained\trend\xgboost\USDCHF_M5_trend_xgboost.pkl","271807",".pkl"
"trained\trend\xgboost\USDCHF_M5_trend_xgboost_metadata.json","1587",".json"
"trained\trend\xgboost\USDJPY_H1_trend_xgboost.pkl","230125",".pkl"
"trained\trend\xgboost\USDJPY_H1_trend_xgboost_metadata.json","1587",".json"
"trained\trend\xgboost\USDJPY_H4_trend_xgboost.pkl","221147",".pkl"
"trained\trend\xgboost\USDJPY_H4_trend_xgboost_metadata.json","1587",".json"
"trained\trend\xgboost\USDJPY_M15_trend_xgboost.pkl","252903",".pkl"
"trained\trend\xgboost\USDJPY_M15_trend_xgboost_metadata.json","1588",".json"
"trained\trend\xgboost\USDJPY_M30_trend_xgboost.pkl","247465",".pkl"
"trained\trend\xgboost\USDJPY_M30_trend_xgboost_metadata.json","1586",".json"
"trained\trend\xgboost\USDJPY_M5_trend_xgboost.pkl","273033",".pkl"
"trained\trend\xgboost\USDJPY_M5_trend_xgboost_metadata.json","1587",".json"
