Timeframe,Ativo,Status,Linhas,Nulos,Erros_OHLC,Precos_Inval,Duplicatas
H1,AUDCHF,✅ OK,52694,0,0,0,0
H1,AUDNZD,✅ OK,52694,0,0,0,0
H1,AUDPLN,✅ OK,52694,0,0,0,0
H1,AUS200,✅ OK,52694,0,0,0,0
H1,BTCAUD,✅ OK,52694,0,0,0,0
H1,CADCHF,✅ OK,52694,0,0,0,0
H1,CADJPY,✅ OK,52694,0,0,0,0
H1,CHFJPY,✅ OK,52694,0,0,0,0
H1,CHFPLN,✅ OK,52694,0,0,0,0
H1,CHFSGD,✅ OK,52694,0,0,0,0
H1,CN50,✅ OK,52694,0,0,0,0
H1,ETCUSD,✅ OK,52694,0,0,0,0
H1,EURAUD,✅ OK,52694,0,0,0,0
H1,EURCAD,✅ OK,52694,0,0,0,0
H1,EURCHF,✅ OK,52694,0,0,0,0
H1,EURCZK,✅ OK,52694,0,0,0,0
H1,EURDKK,✅ OK,52694,0,0,0,0
H1,EURGBP,✅ OK,52694,0,0,0,0
H1,EURHUF,✅ OK,52694,0,0,0,0
H1,EURJPY,✅ OK,52694,0,0,0,0
H1,EURMXN,✅ OK,52694,0,0,0,0
H1,EURNOK,✅ OK,52694,0,0,0,0
H1,EURNZD,✅ OK,52694,0,0,0,0
H1,EURPLN,✅ OK,52694,0,0,0,0
H1,EURSEK,✅ OK,52694,0,0,0,0
H1,EURSGD,✅ OK,52694,0,0,0,0
H1,EURTRY,✅ OK,52694,0,0,0,0
H1,EURUSD,✅ OK,52694,0,0,0,0
H1,EURZAR,✅ OK,52694,0,0,0,0
H1,EUSTX50-F,✅ OK,52694,0,0,0,0
H1,EUSTX50,✅ OK,52694,0,0,0,0
H1,FRA40-F,✅ OK,52694,0,0,0,0
H1,FRA40,✅ OK,52694,0,0,0,0
H1,GBPAUD,✅ OK,52694,0,0,0,0
H1,GBPCAD,✅ OK,52694,0,0,0,0
H1,GBPCHF,✅ OK,52694,0,0,0,0
H1,GBPNZD,✅ OK,52694,0,0,0,0
H1,GBPUSD,✅ OK,52694,0,0,0,0
H1,GER40-F,✅ OK,52694,0,0,0,0
H1,GER40,✅ OK,52694,0,0,0,0
H1,HK50-F,✅ OK,52694,0,0,0,0
H1,HK50,✅ OK,52694,0,0,0,0
H1,JPN225-F,✅ OK,52694,0,0,0,0
H1,JPN225,✅ OK,52694,0,0,0,0
H1,LTCUSD,✅ OK,52694,0,0,0,0
H1,MXNJPY,✅ OK,52694,0,0,0,0
H1,NAS100-F,✅ OK,52694,0,0,0,0
H1,NAS100,✅ OK,52694,0,0,0,0
H1,NZDCHF,✅ OK,52694,0,0,0,0
H1,NZDJPY,✅ OK,52694,0,0,0,0
H1,NZDSGD,✅ OK,52694,0,0,0,0
H1,NZDUSD,✅ OK,52694,0,0,0,0
H1,SCI25,✅ OK,52694,0,0,0,0
H1,SGDJPY,✅ OK,52694,0,0,0,0
H1,SPA35,✅ OK,52694,0,0,0,0
H1,TRXUSD,✅ OK,52694,0,0,0,0
H1,UK100-F,✅ OK,52694,0,0,0,0
H1,UK100,✅ OK,52694,0,0,0,0
H1,US2000,✅ OK,52694,0,0,0,0
H1,US30-F,✅ OK,52694,0,0,0,0
H1,US30,✅ OK,52694,0,0,0,0
H1,US500-F,✅ OK,52694,0,0,0,0
H1,US500,✅ OK,52694,0,0,0,0
H1,USDCAD,✅ OK,52694,0,0,0,0
H1,USDCHF,✅ OK,52694,0,0,0,0
H1,USDCNH,✅ OK,52694,0,0,0,0
H1,USDCZK,✅ OK,52694,0,0,0,0
H1,USDDKK,✅ OK,52694,0,0,0,0
H1,USDHKD,✅ OK,52694,0,0,0,0
H1,USDHUF,✅ OK,52694,0,0,0,0
H1,USDILS,✅ OK,52694,0,0,0,0
H1,USDJPY,✅ OK,52694,0,0,0,0
H1,USDMXN,✅ OK,52694,0,0,0,0
H1,USDNOK,✅ OK,52694,0,0,0,0
H1,USDPLN,✅ OK,52694,0,0,0,0
H1,USDRON,✅ OK,52694,0,0,0,0
H1,USDSEK,✅ OK,52694,0,0,0,0
H1,USDSGD,✅ OK,52694,0,0,0,0
H1,USDTHB,✅ OK,52694,0,0,0,0
H1,USDTRY,✅ OK,52694,0,0,0,0
H1,USDX-F,✅ OK,52694,0,0,0,0
H1,USDX,✅ OK,52694,0,0,0,0
H1,USDZAR,✅ OK,52694,0,0,0,0
H1,XAGUSD-F,✅ OK,52694,0,0,0,0
H1,XAGUSD,✅ OK,52694,0,0,0,0
H1,XAUUSD-F,✅ OK,52694,0,0,0,0
H1,XAUUSD,✅ OK,52694,0,0,0,0
H1,XPDUSD,✅ OK,52694,0,0,0,0
H1,XPTUSD,✅ OK,52694,0,0,0,0
H1,ZARJPY,✅ OK,52694,0,0,0,0
H1,CA60,✅ OK,11958,0,0,0,0
H1,EURX,✅ OK,35804,0,0,0,0
H1,JPYX,✅ OK,35804,0,0,0,0
H1,ETHAUD,✅ OK,31973,0,0,0,0
H1,COMPUSD,✅ OK,36011,0,0,0,0
H1,KSMUSD,✅ OK,28734,0,0,0,0
H1,SWI20-F,✅ OK,19240,0,0,0,0
H1,SWI20,✅ OK,19240,0,0,0,0
H1,CHINAH,✅ OK,19318,0,0,0,0
H1,NETH25,✅ OK,19318,0,0,0,0
H1,AUDCAD,✅ OK,44786,0,0,0,0
H1,AUDJPY,✅ OK,44786,0,0,0,0
H1,GBPJPY,✅ OK,44786,0,0,0,0
H1,LINKUSD,✅ OK,44786,0,0,0,0
H1,NZDCAD,✅ OK,44786,0,0,0,0
H1,DOTUSD,✅ OK,43711,0,0,0,0
H1,XRPUSD,✅ OK,43507,0,0,0,0
H1,XLMUSD,✅ OK,42777,0,0,0,0
H1,BCHUSD,✅ OK,42376,0,0,0,0
H1,DOGEUSD,✅ OK,42376,0,0,0,0
H1,BNBUSD,✅ OK,39540,0,0,0,0
H1,ADAUSD,✅ OK,39694,0,0,0,0
H1,ATMUSD,✅ OK,39694,0,0,0,0
H1,SHBUSD,✅ OK,39694,0,0,0,0
H1,UNIUSD,✅ OK,39618,0,0,0,0
H1,XTZUSD,✅ OK,39618,0,0,0,0
H1,MATICUSD,✅ OK,37604,0,0,0,0
H1,SOLUSD,✅ OK,37604,0,0,0,0
H1,GLMRUSD,✅ OK,37253,0,0,0,0
H1,MANUSD,✅ OK,37253,0,0,0,0
H1,NERUSD,✅ OK,37253,0,0,0,0
H1,SANUSD,✅ OK,37253,0,0,0,0
H1,XAGEUR,✅ OK,37253,0,0,0,0
H1,AVAXUSD,✅ OK,35798,0,0,0,0
H1,USDTWD,✅ OK,15353,0,0,0,0
H1,USDINR,✅ OK,13996,0,0,0,0
H1,BTCEUR,✅ OK,27019,0,0,0,0
H1,BTCGBP,✅ OK,27019,0,0,0,0
H1,ETHEUR,✅ OK,27019,0,0,0,0
H1,ETHGBP,✅ OK,27019,0,0,0,0
H1,USDKRW,✅ OK,27019,0,0,0,0
H1,XAUCHF,✅ OK,27019,0,0,0,0
H1,XAUEUR,✅ OK,27019,0,0,0,0
H1,XAUGBP,✅ OK,27019,0,0,0,0
H1,AUDCNH,✅ OK,18576,0,0,0,0
H1,USDIDR,✅ OK,12698,0,0,0,0
H1,ARBUSD,✅ OK,21951,0,0,0,0
H1,PEPUSD,✅ OK,20410,0,0,0,0
H1,AUDDKK,✅ OK,12762,0,0,0,0
H1,XAGSGD,✅ OK,12762,0,0,0,0
H1,AUDHUF,✅ OK,11984,0,0,0,0
H1,AUDNOK,✅ OK,11984,0,0,0,0
H1,CADMXN,✅ OK,11984,0,0,0,0
H1,CADSGD,✅ OK,11984,0,0,0,0
H1,CHFDKK,✅ OK,11984,0,0,0,0
H1,CHFNOK,✅ OK,11984,0,0,0,0
H1,CHFSEK,✅ OK,11984,0,0,0,0
H1,CNHJPY,✅ OK,11984,0,0,0,0
H1,EURCNH,✅ OK,11984,0,0,0,0
H1,GBPCNH,✅ OK,11984,0,0,0,0
H1,GBPDKK,✅ OK,11984,0,0,0,0
H1,GBPMXN,✅ OK,11984,0,0,0,0
H1,GBPNOK,✅ OK,11984,0,0,0,0
H1,GBPSEK,✅ OK,11984,0,0,0,0
H1,GBPSGD,✅ OK,11984,0,0,0,0
H1,NOKJPY,✅ OK,11984,0,0,0,0
H1,NOKSEK,✅ OK,11984,0,0,0,0
H1,NZDCNH,✅ OK,11984,0,0,0,0
H1,SEKJPY,✅ OK,11984,0,0,0,0
H1,XAGAUD,✅ OK,11984,0,0,0,0
H1,XAUAUD,✅ OK,11984,0,0,0,0
H1,XAUSGD,✅ OK,11984,0,0,0,0
H1,XAUCNH,✅ OK,9345,0,0,0,0
H1,XAUJPY,✅ OK,9345,0,0,0,0
H1,APTUSD,✅ OK,10821,0,0,0,0
H1,FLOUSD,✅ OK,10821,0,0,0,0
H1,RENDERUSD,✅ OK,10821,0,0,0,0
H1,WIFUSD,✅ OK,10821,0,0,0,0
H1,TRUMPUSD,✅ OK,10326,0,0,0,0
