symbol,timeframe,tp100_entradas,tp100_wins,tp100_win_rate,tp100_score,tp100_target_efficiency,tp200_entradas,tp200_wins,tp200_win_rate,tp200_score,tp200_target_efficiency,tp300_entradas,tp300_wins,tp300_win_rate,tp300_score,tp300_target_efficiency,tp400_entradas,tp400_wins,tp400_win_rate,tp400_score,tp400_target_efficiency,tp500_entradas,tp500_wins,tp500_win_rate,tp500_score,tp500_target_efficiency,entradas_media_por_alvo,favor_media,contra_media,favor_apos_voltar_media,favor_contra_ratio,recovery_favor_ratio,stop_curto,stop_sugerido,stop_folgado,best_target,best_target_win_rate,best_target_score,best_target_entries,win_rate_decay_100_to_500,score_decay_100_to_500
AUDCAD,D1,11,11,100.0,100.0,100.0,11,11,100.0,200.0,200.0,11,11,100.0,300.0,300.0,11,11,100.0,400.0,400.0,11,11,100.0,500.0,500.0,11.0,12872.819792219148,523.0903757632025,10327.546965794962,24.60916963615085,0.8022754246926183,660,790,1050,500,100.0,500.0,11,0.0,-400.0
AUDCAD,H1,17131,16976,99.09520751853366,98.59400098300122,99.09520751853366,17131,16731,97.665051660732,194.0366671007352,195.330103321464,17131,16275,95.00321055396648,282.24167814953967,285.00963166189945,17131,15931,92.995154982196,368.1003112665974,371.980619928784,17131,15314,89.39349716887513,441.0920518117147,446.9674858443756,17131.0,1497.321863652969,55.39463974326548,1462.273524083864,27.030085773018744,0.9765926482335768,70,90,120,500,89.39349716887513,441.0920518117147,17131,9.701710349658526,-342.4980508287136
AUDCAD,H4,218,217,99.54128440366972,98.44649151035156,99.54128440366972,218,214,98.1651376146789,191.9511036560852,196.3302752293578,218,211,96.78899082568807,282.7034222238372,290.3669724770642,218,207,94.95412844036696,367.7737919349682,379.81651376146783,218,201,92.20183486238533,442.3976951255182,461.0091743119266,218.0,2130.1458999689107,238.66485074335475,2010.6001965957123,8.925260227156832,0.9438791007808962,300,360,480,500,92.20183486238533,442.3976951255182,218,7.339449541284395,-343.95120361516666
AUDCAD,M15,61831,59135,95.63972764470896,93.90922933561144,95.63972764470896,61831,55280,89.40499102392005,174.60505088207682,178.8099820478401,61831,50699,81.99608610567515,238.8428921534967,245.98825831702544,61831,46287,74.86050686548819,289.46470338309086,299.4420274619528,61831,41803,67.60848118257832,325.18690883032303,338.0424059128916,61831.0,866.4142359448546,39.68784901699105,841.5669081378709,21.830717899377643,0.971321653341882,50,60,80,500,67.60848118257832,325.18690883032303,61831,28.03124646213064,-231.2776794947116
AUDCAD,M30,54634,53351,97.651645495479,96.4950479620534,97.651645495479,54634,50844,93.06292784712817,182.70925035389544,186.1258556942564,54634,46796,85.65362228648826,249.8950746014836,256.9608668594648,54634,43744,80.06735732327854,310.4523231832118,320.2694292931142,54634,40869,74.80506644214225,361.61647402863525,374.0253322107112,54634.0,1063.3637544733242,49.25140268213121,1051.434416809699,21.590527305682816,0.9887815081015976,70,80,100,500,74.80506644214225,361.61647402863525,54634,22.84657905333676,-265.1214260665819
AUDCAD,M5,19741,18537,93.90101818550224,91.50941054052844,93.90101818550224,19741,16820,85.20338382047515,164.60453680127554,170.4067676409503,19741,15155,76.76916063016058,221.1979198806397,230.3074818904817,19741,13354,67.64601590598247,257.8970220720631,270.58406362392986,19741,11587,58.69510156527025,277.27852382542414,293.47550782635125,19741.0,784.2268882115619,39.21322800616896,743.3134072504471,19.999039305516742,0.947829535588398,50,60,80,500,58.69510156527025,277.27852382542414,19741,35.20591662023199,-185.7691132848957
AUDCHF,H1,6660,6648,99.81981981981984,99.7257495475466,99.81981981981984,6660,6618,99.36936936936937,198.4094927857824,198.7387387387388,6660,6597,99.05405405405403,296.6682932327276,297.1621621621621,6660,6543,98.24324324324324,392.05578781830894,392.97297297297297,6660,6412,96.27627627627628,479.4372624210678,481.38138138138135,6660.0,1328.2194845414997,52.20900111164509,1282.9343327650142,25.440430888071585,0.9659053700803948,70,80,110,500,96.27627627627628,479.4372624210678,6660,3.543543543543564,-379.7115128735212
AUDCHF,H4,263,263,100.0,100.0,100.0,263,263,100.0,200.0,200.0,263,263,100.0,300.0,300.0,263,263,100.0,400.0,400.0,263,263,100.0,500.0,500.0,263.0,2821.7932036929824,234.7946339623116,2402.443230331772,12.018133276989238,0.8513888357186334,300,360,470,500,100.0,500.0,263,0.0,-400.0
AUDCHF,M15,58340,54551,93.50531367843676,91.07811013266928,93.50531367843676,58340,48330,82.84196091875215,159.27159470814755,165.6839218375043,58340,40445,69.32636270140556,196.5156921022348,207.97908810421663,58340,35835,61.42440863901268,231.2811088771124,245.6976345560508,58340,31346,53.7298594446349,251.3571535138982,268.6492972231745,58340.0,699.9426190854693,37.372144328338834,680.1256219868269,18.72899272028077,0.9716876833053736,50,60,80,500,53.7298594446349,251.3571535138982,58340,39.77545423380187,-160.27904338122892
AUDCHF,M30,63274,60405,95.46575212567564,93.97586436189415,95.46575212567564,63274,54764,86.5505578910769,168.68182513392088,173.1011157821538,63274,47996,75.85422132313431,219.6287130265472,227.56266396940293,63274,43828,69.26699750292379,266.9695733318435,277.06799001169514,63274,40213,63.55375035559629,305.79304535742926,317.7687517779815,63274.0,1092.4644109980875,32.8585424766499,1067.0301408458913,33.247500607830446,0.9767184451071173,50,50,70,500,63.55375035559629,305.79304535742926,63274,31.912001770079343,-211.8171809955351
AUDCHF,M5,35963,32871,91.4022745599644,89.41937029108007,91.4022745599644,35963,28818,80.13235825709756,155.6826172253276,160.26471651419513,35963,23410,65.09468064399522,187.2337840771005,195.28404193198568,35963,18904,52.56513639017879,199.320583101822,210.2605455607152,35963,14971,41.6288963657092,194.6822805308682,208.144481828546,35963.0,578.3384206948983,23.06312620371501,555.9530707362507,25.076323806295747,0.9612936834929418,50,50,50,400,52.56513639017879,199.320583101822,35963,49.7733781942552,-105.26291023978814
AUDJPY,H1,19875,19791,99.57735849056604,99.13837817686128,99.57735849056604,19875,19638,98.80754716981131,196.3765427402413,197.61509433962263,19875,19508,98.15345911949686,292.54245146408994,294.4603773584906,19875,19363,97.42389937106918,387.0199079531238,389.69559748427673,19875,19210,96.65408805031448,479.7951794347429,483.2704402515724,19875.0,2995.595097128228,103.86587779621983,2932.418542312154,28.84099341052708,0.9789101821946437,130,160,210,500,96.65408805031448,479.7951794347429,19875,2.9232704402515566,-380.6568012578816
AUDJPY,H4,3007,3007,100.0,100.0,100.0,3007,3006,99.96674426338544,199.8643004471876,199.93348852677087,3007,3006,99.96674426338544,299.831044710573,299.9002327901563,3007,3004,99.90023279015632,399.3933669218755,399.6009311606253,3007,3003,99.86697705354176,499.0581329493757,499.3348852677088,3007.0,8289.332410626284,208.0485553069372,7988.56658847085,39.84325869678385,0.9637165205522654,270,320,420,500,99.86697705354176,499.0581329493757,3007,0.1330229464582402,-399.0581329493757
AUDJPY,M15,181128,177039,97.74248045581024,96.24860386994754,97.74248045581024,181128,171060,94.4414999337485,185.2047534829371,188.882999867497,181128,165735,91.5015900357758,268.8810864961305,274.50477010732743,181128,158532,87.52484430899695,341.8441472692103,350.0993772359878,181128,149214,82.38041605936134,400.2426091886576,411.9020802968067,181128.0,1526.753743295396,66.17336225095035,1480.9907498981802,23.0720291570253,0.9700259497648852,90,100,140,500,82.38041605936134,400.2426091886576,181128,15.3620643964489,-303.99400531871004
AUDJPY,M30,49387,48548,98.30117237329662,96.98399995580296,98.30117237329662,49387,47567,96.31481968939195,189.7723642895844,192.6296393787839,49387,46791,94.7435559965173,280.1551261590233,284.23066798955193,49387,45435,91.99789418267966,361.7872079655996,367.9915767307186,49387,44234,89.56608014254763,439.7405443750209,447.8304007127381,49387.0,2254.974804067634,77.5342004562084,2189.4134032142083,29.08361459549929,0.9709258831911852,100,120,160,500,89.56608014254763,439.7405443750209,49387,8.73509223074899,-342.7565444192179
AUDJPY,M5,127490,120394,94.43407326064788,92.68417455257772,94.43407326064788,127490,113123,88.73088085340027,173.9188086714505,177.46176170680053,127490,105207,82.521766413052,242.070232594296,247.56529923915605,127490,96707,75.85457682955527,295.82711059745964,303.4183073182211,127490,88606,69.5003529688603,337.91283285943695,347.50176484430153,127490.0,979.8553844579568,31.43948510313724,963.1851766904804,31.16639414457249,0.9829870733652384,50,50,70,500,69.5003529688603,337.91283285943695,127490,24.93372029178758,-245.2286583068592
AUDNZD,H1,24620,23909,97.11210398050363,95.30114240868365,97.11210398050363,24620,22892,92.9813160032494,181.5613076800503,185.9626320064988,24620,21931,89.07798537774167,260.38490456272723,267.233956133225,24620,20591,83.6352558895207,324.2789079844364,334.5410235580828,24620,19957,81.06011372867587,393.4236153249596,405.3005686433794,24620.0,1584.350448648635,62.708683401135744,1571.19017997962,25.265248171271203,0.9916935873112976,80,100,130,500,81.06011372867587,393.4236153249596,24620,16.05199025182776,-298.122472916276
AUDNZD,H4,29,29,100.0,100.0,100.0,29,26,89.65517241379311,158.21412721517083,179.31034482758622,29,26,89.65517241379311,247.86929962896392,268.9655172413793,29,21,72.41379310344827,233.3985921140187,289.6551724137931,29,18,62.06896551724138,232.99202967401715,310.3448275862069,29.0,2546.4856034700097,203.9301035866821,2546.4856034700097,12.487050997721475,0.9999999999996072,260,310,410,300,89.65517241379311,247.86929962896392,29,37.93103448275862,-132.99202967401715
AUDNZD,M15,236232,220007,93.131751837177,90.15438479924096,93.131751837177,236232,202295,85.63403772562566,165.0404695858316,171.26807545125132,236232,178323,75.4863862643503,215.8325734124754,226.4591587930509,236232,156209,66.12524975447865,249.81638623044125,264.5009990179146,236232,136969,57.98071387449626,271.68832226698703,289.9035693724813,236232.0,703.8699671541576,43.34973005273984,694.4422036761557,16.23700923354271,0.986605816530138,60,70,90,500,57.98071387449626,271.68832226698703,236232,35.151037962680746,-181.53393746774609
AUDNZD,M30,51816,50111,96.7095105758839,94.67796813643446,96.7095105758839,51816,48443,93.49042766712984,182.9618567135776,186.98085533425967,51816,44515,85.90975760382892,249.02998169687064,257.72927281148674,51816,40811,78.76138644434153,301.9328627591015,315.0455457773661,51816,37752,72.8578045391385,347.53147849134234,364.2890226956925,51816.0,1090.9492528786673,61.73982583138557,1084.5156711942868,17.670105773223785,0.9941027672291828,80,100,130,500,72.8578045391385,347.53147849134234,51816,23.8517060367454,-252.85351035490788
AUDNZD,M5,5,5,100.0,100.0,100.0,5,5,100.0,200.0,200.0,5,5,100.0,300.0,300.0,5,5,100.0,400.0,400.0,5,1,20.0,23.358915300211493,100.0,5.0,482.397091654149,95.80135587473563,482.397091654149,5.035388980087801,0.999999999997927,120,150,200,400,100.0,400.0,5,80.0,76.64108469978851
AUDSGD,H1,29193,28631,98.0748809646148,96.96778116086375,98.0748809646148,29193,27720,94.95426985921284,187.00683507265114,189.9085397184257,29193,26944,92.29609837974856,272.457925995765,276.88829513924566,29193,26057,89.25769876340219,350.8530993515388,357.03079505360876,29193,25089,85.94183537149317,421.6245903902161,429.7091768574658,29193.0,1731.1773307756712,57.50812201228575,1681.731724254272,30.103179693048016,0.971438161970261,80,90,120,500,85.94183537149317,421.6245903902161,29193,12.133045593121636,-324.65680922935235
AUDSGD,H4,4206,4189,99.59581550166428,99.16865124265425,99.59581550166428,4206,4105,97.59866856871136,192.65947889271615,195.19733713742272,4206,4059,96.5049928673324,285.82126412702826,289.5149786019972,4206,4048,96.24346172135046,381.00373200754404,384.9738468854018,4206,4029,95.79172610556348,474.5110967722425,478.9586305278174,4206.0,3432.429983549016,105.68546314094864,3338.704595150367,32.47778721411135,0.9726941587013196,140,160,220,500,95.79172610556348,474.5110967722425,4206,3.8040893961007924,-375.3424455295883
AUDSGD,M15,10856,10642,98.02873986735446,97.25405779410947,98.02873986735446,10856,10266,94.56521739130434,186.99462906665286,189.1304347826087,10856,9619,88.60537951363301,261.33818655676794,265.81613854089903,10856,8925,82.21260132645541,321.8601665981764,328.85040530582165,10856,8250,75.99484156226971,370.5404625642623,379.97420781134855,10856.0,960.0536200063852,39.2988251735871,916.1391106220868,24.429575585053666,0.9542582742566393,50,60,80,500,75.99484156226971,370.5404625642623,10856,22.033898305084747,-273.28640477015284
AUDSGD,M30,46798,45067,96.30112397965723,94.64600416600541,96.30112397965723,46798,42485,90.78379417923844,177.44365320175808,181.56758835847688,46798,39800,85.04636950297021,248.44787312131075,255.13910850891062,46798,36737,78.50121800076927,304.3849064079581,314.0048720030771,46798,33705,72.02230864566862,347.5924885084453,360.1115432283431,46798.0,1184.5640929467609,44.74656097011994,1140.8056046351107,26.472740412638537,0.9630594169001374,60,70,90,500,72.02230864566862,347.5924885084453,46798,24.278815333988618,-252.94648434243987
AUDSGD,M5,26527,23863,89.9574018924115,86.55933468032399,89.9574018924115,26527,20854,78.61424209296189,149.99228475117437,157.22848418592378,26527,17987,67.80638594639424,192.52595438902233,203.41915783918273,26527,15327,57.778866814943264,216.8292988005463,231.11546725977306,26527,12754,48.07931541448336,222.82841651983375,240.3965770724168,26527.0,596.7202815747701,33.83653488552753,576.7746801714047,17.63538387059729,0.9665746212753241,50,60,70,500,48.07931541448336,222.82841651983375,26527,41.878086477928136,-136.26908183950977
AUDUSD,H1,45393,44649,98.36098076795982,97.46033992288284,98.36098076795982,45393,43773,96.43116780120285,190.9012627945768,192.8623356024057,45393,42334,93.26107549622188,276.0801883904258,279.78322648866566,45393,41098,90.53818870750996,356.9534908117527,362.15275483003984,45393,39760,87.59059766924415,431.13402345331946,437.9529883462208,45393.0,1473.810309213283,54.94998639862772,1451.1295934086645,26.820940381948265,0.9846108310792656,70,90,110,500,87.59059766924415,431.13402345331946,45393,10.77038309871567,-333.6736835304366
AUDUSD,H4,600,600,100.0,100.0,100.0,600,600,100.0,200.0,200.0,600,600,100.0,300.0,300.0,600,600,100.0,400.0,400.0,600,600,100.0,500.0,500.0,600.0,3294.5768771370854,137.95671215474215,3282.2085454717653,23.88123655351956,0.9962458512496256,180,210,280,500,100.0,500.0,600,0.0,-400.0
AUDUSD,M15,103801,96669,93.12916060538916,91.0041911346131,93.12916060538916,103801,89106,85.84310363098622,167.30785247046174,171.68620726197244,103801,81691,78.69962717122185,229.51123779537352,236.0988815136656,103801,73922,71.21511353455169,275.9580476859748,284.8604541382068,103801,66679,64.23733875396191,310.1262455513365,321.1866937698095,103801.0,809.4856099915911,30.92736343746873,785.5718768924743,26.17376717553361,0.9704581121579966,50,50,70,500,64.23733875396191,310.1262455513365,103801,28.89182185142725,-219.12205441672344
AUDUSD,M30,100755,97010,96.28306287529156,94.60377503029991,96.28306287529156,100755,93911,93.20728499826312,183.3456658547044,186.41456999652624,100755,89744,89.0715100987544,262.2771101464093,267.2145302962632,100755,85341,84.70150364746166,331.8942541512082,338.80601458984665,100755,80876,80.26996178849684,392.4359069209653,401.3498089424842,100755.0,1094.3741426727972,45.179344945829605,1072.131832152615,24.222886453106785,0.9796757711518664,60,70,100,500,80.26996178849684,392.4359069209653,100755,16.01310108679472,-297.8321318906653
AUDUSD,M5,16336,14616,89.47110675808031,85.4968214343771,89.47110675808031,16336,13144,80.46033300685602,153.54513185483958,160.92066601371204,16336,11666,71.4128305582762,203.447844894774,214.2384916748286,16336,10280,62.92850146914789,237.7208245275528,251.7140058765916,16336,9108,55.75416258570029,262.0695720449394,278.77081292850147,16336.0,735.3044735864148,37.74646805117186,714.641949747262,19.48008678772548,0.9718993633489754,50,60,80,500,55.75416258570029,262.0695720449394,16336,33.71694417238002,-176.57275061056228
CADCHF,H1,43813,43415,99.09159381918607,98.6835066577752,99.09159381918607,43813,42117,96.12900280738592,190.51902112795565,192.25800561477183,43813,40838,93.20977791979548,276.5789334950715,279.62933375938644,43813,39066,89.1653162303426,351.7939539786131,356.6612649213704,43813,37355,85.26008262387876,419.6787375204205,426.3004131193938,43813.0,1637.7968083123685,44.92342412787558,1594.6881843844333,36.45752388806971,0.973678893675871,60,70,90,500,85.26008262387876,419.6787375204205,43813,13.831511195307314,-320.99523086264526
CADCHF,H4,4839,4838,99.97933457325894,99.9631664733156,99.97933457325894,4839,4836,99.93800371977682,199.82750313972363,199.87600743955363,4839,4836,99.93800371977682,299.7655068595005,299.81401115933045,4839,4835,99.91733829303575,399.6046807723697,399.669353172143,4839,4830,99.81401115933043,498.92454289716215,499.0700557966521,4839.0,2642.1510675471163,78.23743562578014,2567.8749931731413,33.770931349937115,0.971888028929435,100,120,160,500,99.81401115933043,498.92454289716215,4839,0.1653234139285047,-398.96137642384656
CADCHF,M15,8328,7936,95.29298751200768,93.28342663457362,95.29298751200768,8328,7350,88.25648414985591,171.4993189677462,176.51296829971182,8328,6575,78.95052833813641,227.8649518048635,236.8515850144092,8328,5564,66.81075888568684,253.07358078451327,267.2430355427473,8328,4536,54.46685878962536,252.89486831743807,272.3342939481268,8328.0,673.9625202965717,42.69291578385439,651.2147784988467,15.786284630755173,0.9662477643583484,60,70,90,400,66.81075888568684,253.07358078451327,8328,40.82612872238232,-159.61144168286444
CADCHF,M30,75757,73189,96.6102142376282,95.40321032393516,96.6102142376282,75757,69165,91.2984938685534,179.4986350116144,182.5969877371068,75757,64597,85.26868804202911,250.56067328620645,255.80606412608736,75757,58633,77.3961482107264,301.5360200165507,309.5845928429056,75757,53192,70.21397362619956,340.4639322616508,351.0698681309978,75757.0,998.7770292097948,35.60708547104458,972.2586721169912,28.04995174328276,0.9734491720191466,50,60,80,500,70.21397362619956,340.4639322616508,75757,26.39624061142864,-245.06072193771564
CADCHF,M5,71491,65628,91.79896770222824,90.07253873965747,91.79896770222824,71491,56841,79.50791008658432,154.7019562295115,159.01582017316863,71491,47485,66.42094809136815,192.1939966405596,199.26284427410445,71491,37927,53.05143304751647,202.3224196027001,212.20573219006587,71491,30361,42.46828272090193,200.23020377497943,212.34141360450968,71491.0,537.8707907978179,21.05136158334416,521.6825225388278,25.55040388446089,0.9699030537874196,50,50,50,400,53.05143304751647,202.3224196027001,71491,49.33068498132631,-110.15766503532198
CADJPY,H1,17736,17691,99.74627875507444,99.48089774967679,99.74627875507444,17736,17625,99.37415426251692,198.0937020450529,198.74830852503385,17736,17570,99.064050518719,296.2131905140233,297.192151556157,17736,17535,98.86671177266577,394.2814785998867,395.46684709066307,17736,17498,98.65809652683808,491.8869119834205,493.2904826341904,17736.0,3131.871995245433,104.59550026074128,3037.801623215408,29.942702959574664,0.969963532298317,140,160,210,500,98.65809652683808,491.8869119834205,17736,1.088182228236363,-392.4060142337437
CADJPY,H4,4740,4731,99.81012658227849,99.53702181618971,99.81012658227849,4740,4730,99.78902953586498,199.27460933163132,199.57805907172997,4740,4723,99.64135021097049,298.4081860747438,298.9240506329115,4740,4714,99.45147679324894,397.0169378487393,397.8059071729958,4740,4698,99.1139240506329,494.29513134475025,495.56962025316454,4740.0,6856.513038135086,143.83517680675632,6629.2841390209205,47.66923634612134,0.9668594082952495,180,220,290,500,99.1139240506329,494.29513134475025,4740,0.6962025316455822,-394.75810952856057
CADJPY,M15,147172,140994,95.802190634088,93.56283579905597,95.802190634088,147172,134373,91.30337292419752,177.96746088018932,182.60674584839504,147172,128099,87.04033375913896,254.20756411837414,261.12100127741684,147172,122233,83.05452124045335,323.17838437410484,332.2180849618134,147172,117310,79.70945560296796,387.7231255247578,398.5472780148398,147172.0,1464.9841375433507,53.34579633883674,1418.8045447508189,27.462035212873047,0.9684777523455378,70,90,110,500,79.70945560296796,387.7231255247578,147172,16.092735031120043,-294.16028972570183
CADJPY,M30,61135,59756,97.744336304899,95.85521691216745,97.744336304899,61135,58473,95.64570213462012,187.6446777837788,191.29140426924025,61135,57132,93.45219595976118,274.87279895317454,280.35658787928355,61135,56059,91.69706387503066,359.83454263753725,366.78825550012266,61135,55118,90.15784738693056,442.54642954809316,450.78923693465276,61135.0,2188.389751770494,83.7500464645704,2132.1104229252896,26.13001238954703,0.9742827671347636,110,130,170,500,90.15784738693056,442.54642954809316,61135,7.586488917968438,-346.6912126359257
CADJPY,M5,25015,23748,94.93503897661402,91.18977419073937,94.93503897661402,25015,22275,89.04657205676594,169.99367646294266,178.09314411353188,25015,21081,84.27343593843693,241.19136411552319,252.8203078153108,25015,19820,79.23246052368579,301.57336966962964,316.92984209474315,25015,18466,73.81970817509495,349.7396307865299,369.0985408754747,25015.0,1166.9585044828857,73.94459243776988,1139.8508159165708,15.781525950652718,0.9767706491163507,100,120,150,500,73.81970817509495,349.7396307865299,25015,21.11533080151908,-258.5498565957905
CHFJPY,H1,9045,8921,98.62907683803206,96.72863815856188,98.62907683803206,9045,8854,97.88833609729132,192.84938358346324,195.77667219458263,9045,8744,96.67219458264236,285.4034221146971,290.0165837479271,9045,8550,94.5273631840796,370.5230241368205,378.1094527363184,9045,8304,91.80762852404644,447.6814888985596,459.0381426202322,9045.0,3776.582608316509,138.6247407726433,3660.550505286784,27.243207722084705,0.9692758996519296,180,210,280,500,91.80762852404644,447.6814888985596,9045,6.821448313985627,-350.9528507399977
CHFJPY,H4,7163,7098,99.09255898366604,96.86744379946325,99.09255898366604,7163,7074,98.75750383917354,194.4683115030541,197.51500767834708,7163,7019,97.9896691330448,289.03952145259296,293.9690073991344,7163,6962,97.19391316487506,381.8949118591195,388.7756526595002,7163,6902,96.35627530364371,472.8466832401122,481.78137651821856,7163.0,10067.5550869006,245.2076932991403,9822.915647665315,41.05725620353055,0.9757002134952732,310,370,500,500,96.35627530364371,472.8466832401122,7163,2.736283680022325,-375.97923944064894
CHFJPY,M15,233188,228617,98.03977906238744,96.0949230452749,98.03977906238744,233188,221926,95.17042043329845,185.54911729085384,190.3408408665969,233188,215038,92.21658061306756,268.9273317078108,276.6497418392027,233188,208338,89.34336243717516,346.8003427643981,357.37344974870064,233188,202162,86.69485565294956,420.2734244500609,433.4742782647478,233188.0,1970.3237141910683,99.21616384126884,1929.902346440028,19.858898367844937,0.9794849102911928,130,150,200,500,86.69485565294956,420.2734244500609,233188,11.344923409437882,-324.17850140478606
CHFJPY,M30,1346,1346,100.0,100.0,100.0,1346,1346,100.0,200.0,200.0,1346,1346,100.0,300.0,300.0,1346,1346,100.0,400.0,400.0,1346,1346,100.0,500.0,500.0,1346.0,2871.20761242348,102.32513984664476,2787.501980704981,28.059650020498527,0.970846541588535,130,160,210,500,100.0,500.0,1346,0.0,-400.0
CHFJPY,M5,46988,45391,96.6012598961437,93.78323169838308,96.6012598961437,46988,43750,93.10887886268834,180.5040599768802,186.21775772537669,46988,42070,89.53349791436112,259.9223079718957,268.60049374308335,46988,40091,85.32178428534945,329.1168550625281,341.2871371413978,46988,38151,81.19307057120967,390.3717929414519,405.9653528560484,46988.0,1512.614365955157,82.91390667274631,1470.7266275507895,18.24319256728628,0.9723077214205292,110,130,170,500,81.19307057120967,390.3717929414519,46988,15.408189324934028,-296.5885612430688
EURAUD,H1,9613,9531,99.14698845313636,98.27757432821647,99.14698845313636,9613,9421,98.00270467075836,193.96970797585072,196.00540934151672,9613,9165,95.33964423176948,281.2689628420877,286.0189326953084,9613,9029,93.92489337355664,369.5076485069924,375.69957349422657,9613,8904,92.6245708935816,455.6056030707351,463.122854467908,9613.0,2835.187334550116,101.92290222993503,2728.724162942492,27.816980016191067,0.9624493343663022,130,160,210,500,92.6245708935816,455.6056030707351,9613,6.5224175595547536,-357.3280287425186
EURAUD,H4,3001,2964,98.7670776407864,96.07306187573812,98.7670776407864,3001,2925,97.46751082972342,189.40136765556397,194.93502165944685,3001,2877,95.86804398533822,278.57553858125834,287.60413195601467,3001,2848,94.90169943352215,368.4666784894296,379.6067977340886,3001,2824,94.10196601132957,457.6222411265521,470.50983005664784,3001.0,4094.115307936841,218.5065219164816,3986.2432957755286,18.73681056294957,0.9736519359986844,280,330,440,500,94.10196601132957,457.6222411265521,3001,4.665111629456831,-361.549179250814
EURAUD,M15,105539,103992,98.53419115208597,97.48834031798496,98.53419115208597,105539,101827,96.4828167786316,190.4561323961882,192.9656335572632,105539,98934,93.74165000615886,276.7596334320272,281.2249500184766,105539,94152,89.21062356095851,349.1443019698144,356.84249424383404,105539,89790,85.07755426903798,414.7406447865234,425.3877713451899,105539.0,1791.993524972555,71.34974219792414,1744.2492473815264,25.115627187221648,0.97335689168144,90,110,150,500,85.07755426903798,414.7406447865234,105539,13.456636883047992,-317.25230446853845
EURAUD,M30,56012,55670,99.38941655359564,98.8099876638693,99.38941655359564,56012,54793,97.82368063986289,193.58208696225097,195.64736127972577,56012,53456,95.43669213739912,281.979607867927,286.31007641219736,56012,52460,93.65850174962507,368.616078880641,374.6340069985003,56012,51447,91.84996072270228,451.51561390122873,459.24980361351135,56012.0,2588.511960377166,94.89757593962158,2517.0626039141125,27.27690285784355,0.9723975173544824,120,150,190,500,91.84996072270228,451.51561390122873,56012,7.53945583089336,-352.7056262373594
EURAUD,M5,4368,4195,96.0393772893773,91.24037078350554,96.0393772893773,4368,4025,92.1474358974359,174.78007854912602,184.2948717948718,4368,3854,88.23260073260073,250.4394822901831,264.69780219780216,4368,3697,84.6382783882784,319.9396258916109,338.5531135531136,4368,3491,79.92216117216118,375.2828942674559,399.6108058608059,4368.0,1768.6406645016586,121.1679792927627,1737.7668141158172,14.596601138438745,0.9825437405084638,160,190,250,500,79.92216117216118,375.2828942674559,4368,16.117216117216117,-284.0425234839504
EURCAD,D1,780,769,98.5897435897436,92.59911479792368,98.5897435897436,780,753,96.53846153846152,178.37265240609204,193.07692307692304,780,746,95.64102564102564,268.4065879301787,286.9230769230769,780,739,94.74358974358974,356.6456516593935,378.97435897435895,780,733,93.97435897435898,444.2754718522003,469.87179487179486,780.0,3439.8556624595863,424.7900416017813,3393.4493647039426,8.097778491888883,0.9865092311101656,540,640,850,500,93.97435897435898,444.2754718522003,780,4.615384615384627,-351.67635705427665
EURCAD,H1,43630,43483,99.66307586523034,99.36490570068322,99.66307586523034,43630,43216,99.05111162044464,197.26247869583824,198.1022232408893,43630,42419,97.22438688975475,289.21680645656664,291.6731606692643,43630,41662,95.48934219573688,377.9655396412556,381.9573687829475,43630,40612,93.08274123309648,459.2920901341682,465.4137061654824,43630.0,2892.348683927159,88.4977161849693,2803.732141788242,32.68274943784053,0.9693617361446322,120,140,180,500,93.08274123309648,459.2920901341682,43630,6.580334632133855,-359.927184433485
EURCAD,H4,3456,3449,99.79745370370372,99.4685433926784,99.79745370370372,3456,3439,99.50810185185183,198.21742151978495,199.01620370370367,3456,3433,99.33449074074076,296.92276691456766,298.0034722222223,3456,3430,99.2476851851852,395.7690738712182,396.9907407407408,3456,3424,99.07407407407408,493.86678037711175,495.3703703703704,3456.0,5031.552192823445,162.38771927193588,4915.628251105107,30.98480732010639,0.9769606003720565,210,250,330,500,99.07407407407408,493.86678037711175,3456,0.7233796296296475,-394.3982369844333
EURCAD,M15,158873,153606,96.68477337244214,94.74525127011812,96.68477337244214,158873,147487,92.83326934092013,181.47375367005728,185.66653868184025,158873,141632,89.14793577259825,261.0949748579185,267.4438073177947,158873,133482,84.01805215486584,326.72221703030283,336.07220861946337,158873,124736,78.5130261277876,379.9945086516522,392.565130638938,158873.0,1345.5569302543845,58.5034545210785,1292.0634367466423,22.99961500130881,0.96024434767053,80,90,120,500,78.5130261277876,379.9945086516522,158873,18.17174724465454,-285.2492573815341
EURCAD,M30,82535,80655,97.7221784697401,96.12075721928905,97.7221784697401,82535,78852,95.53765069364512,187.9380490120715,191.07530138729024,82535,77308,93.66692918155934,276.5483253765357,281.000787544678,82535,75230,91.14920942630398,358.3742939634367,364.59683770521593,82535,73020,88.47155752105168,434.25272207438513,442.3577876052584,82535.0,2028.462250977068,70.30494835424338,1962.663866973761,28.852339677819906,0.9675624311112614,90,110,150,500,88.47155752105168,434.25272207438513,82535,9.250620948688422,-338.1319648550961
EURCAD,M5,31,31,100.0,100.0,100.0,31,31,100.0,200.0,200.0,31,31,100.0,300.0,300.0,31,29,93.5483870967742,368.7907748489956,374.1935483870968,31,25,80.64516129032258,387.0174858373093,403.22580645161287,31.0,1434.1920015184687,83.7429898405684,1434.1920015184687,17.12611412885767,0.9999999999993028,110,130,170,500,80.64516129032258,387.0174858373093,31,19.354838709677423,-287.0174858373093
EURCHF,H1,16157,15887,98.3288976914031,97.65573019581204,98.3288976914031,16157,15362,95.07953209135358,188.1769598901336,190.1590641827072,16157,14718,91.09364362195952,269.6931974356729,273.28093086587853,16157,14119,87.38627220399827,344.463920830754,349.5450888159931,16157,13701,84.7991582595779,417.8724603009576,423.9957912978895,16157.0,1464.2883496891145,40.28284157875764,1436.5226859915908,36.35017521765217,0.9810381174552132,60,70,90,500,84.7991582595779,417.8724603009576,16157,13.529739431825206,-320.2167301051456
EURCHF,H4,3021,2954,97.78219132737505,95.94358854209985,97.78219132737505,3021,2891,95.696789142668,187.82614004524976,191.393578285336,3021,2852,94.4058258854684,278.5798079442931,283.2174776564052,3021,2776,91.89010261502814,360.8371614691808,367.56041046011256,3021,2709,89.67229394240319,439.79961793580895,448.361469712016,3021.0,2489.240324745534,82.90177633308116,2451.604116183892,30.026381035724565,0.9848804439697986,110,130,170,500,89.67229394240319,439.79961793580895,3021,8.109897384971859,-343.85602939370915
EURCHF,M15,184887,170864,92.41536722430456,90.3038800646254,92.41536722430456,184887,146325,79.14293595547551,152.47947043825988,158.28587191095102,184887,122533,66.27453525667029,189.43476812081772,198.8236057700109,184887,107533,58.161471601572856,220.9984516384228,232.64588640629145,184887,91080,49.26252251375164,232.18779790798496,246.3126125687582,184887.0,673.3257147943583,27.83901636537125,654.8195943112046,24.18640464638388,0.9725153516678356,50,50,60,500,49.26252251375164,232.18779790798496,184887,43.15284471055292,-141.88391784335957
EURCHF,M30,95624,92687,96.92859533171588,95.79537844291876,96.92859533171588,95624,85325,89.2296912908893,174.48559955906106,178.4593825817786,95624,79004,82.61942608550154,241.44559024431263,247.85827825650463,95624,73620,76.98904040826571,299.46610224556144,307.95616163306283,95624,66286,69.31941771940099,335.277266641428,346.5970885970049,95624.0,1098.6619892720194,36.89572072670573,1070.6555685102014,29.777490928562138,0.9745086104404598,50,60,80,500,69.31941771940099,335.277266641428,95624,27.60917761231489,-239.4818881985092
EURCHF,M5,14,14,100.0,100.0,100.0,14,14,100.0,200.0,200.0,14,14,100.0,300.0,300.0,14,0,0.0,-16.92814529131454,0.0,14,0,0.0,-16.92814529131454,0.0,14.0,362.21402947064337,16.92814529131454,362.21402947064337,21.39714795779136,0.9999999999972392,50,50,50,300,100.0,300.0,14,100.0,116.92814529131454
EURGBP,H1,42593,40469,95.01326509050784,92.91168971393738,95.01326509050784,42593,38115,89.48653534618364,174.542348217658,178.9730706923673,42593,35757,83.95041438734064,245.08741582010305,251.851243162022,42593,33282,78.13960040382223,303.3457046608409,312.5584016152889,42593,30780,72.26539572230179,349.6386971033042,361.326978611509,42593.0,1210.5319811261231,42.14331450765816,1187.5710657954894,28.724175951500555,0.9810323761043844,60,70,90,500,72.26539572230179,349.6386971033042,42593,22.747869368206054,-256.7270073893668
EURGBP,H4,10,10,100.0,100.0,100.0,10,10,100.0,200.0,200.0,10,10,100.0,300.0,300.0,10,10,100.0,400.0,400.0,10,10,100.0,500.0,500.0,10.0,1486.398615239712,208.09948970069985,1486.398615239712,7.142730707174677,0.9999999999993272,270,320,420,500,100.0,500.0,10,0.0,-400.0
EURGBP,M15,125127,108770,86.92768147562077,82.76330284249703,86.92768147562077,125127,92710,74.09272179465663,139.93230046099066,148.18544358931325,125127,78703,62.89849512894898,176.87625730931825,188.6954853868469,125127,62680,50.09310540490861,184.4738489900154,200.37242161963445,125127,49319,39.415154203329415,177.77558055263503,197.07577101664708,125127.0,557.3556354144027,31.85646544151589,542.8108933566562,17.495840410171542,0.9739040190238568,50,50,70,400,50.09310540490861,184.4738489900154,125127,47.51252727229136,-95.012277710138
EURGBP,M30,90233,82260,91.16398656810702,88.1132740455387,91.16398656810702,90233,73706,81.68408453669943,157.04443574084064,163.36816907339886,90233,65049,72.09003357973248,206.6339356610135,216.27010073919743,90233,56497,62.61234803231633,237.5409715019776,250.44939212926533,90233,48948,54.24622920660956,255.43424819105195,271.2311460330478,90233.0,812.7990785933664,34.52589276920949,796.0900739436271,23.54172516270706,0.979442638296742,50,60,70,500,54.24622920660956,255.43424819105195,90233,36.91775736149746,-167.32097414551325
EURGBP,M5,4,4,100.0,100.0,100.0,4,4,100.0,200.0,200.0,4,1,25.0,59.43648179791828,75.0,4,0,0.0,-20.751357602775634,0.0,4,0,0.0,-20.751357602775634,0.0,4.0,283.75089885363644,20.751357602775634,283.75089885363644,13.673847478875745,0.9999999999964758,50,50,50,200,100.0,200.0,4,100.0,120.75135760277564
EURJPY,H1,4943,4904,99.21100546226988,98.03713834813016,99.21100546226988,4943,4863,98.38154966619464,194.35516679056423,196.7630993323893,4943,4794,96.98563625328748,286.4721344007132,290.9569087598624,4943,4758,96.25733360307504,379.4609904093296,385.02933441230016,4943,4737,95.83249039045114,472.9620256570561,479.1624519522557,4943.0,3963.910324554019,148.78013192801873,3686.655402333505,26.64273968008816,0.93005519814512,190,230,300,500,95.83249039045114,472.9620256570561,4943,3.37851507181874,-374.9248873089259
EURJPY,H4,4303,4169,96.88589356263071,89.8059058953134,96.88589356263071,4303,4057,94.2830583313967,175.56852736309156,188.5661166627934,4303,3868,89.89077387868929,246.68877958171703,269.67232163606786,4303,3719,86.42807343713687,314.8562280939707,345.7122937485475,4303,3646,84.731582616779,388.94483922249606,423.6579130838949,4303.0,6088.62576475798,227.35214128706147,5900.8570516139625,26.78059564454914,0.9691607399765272,290,350,460,500,84.731582616779,388.94483922249606,4303,12.15431094585172,-299.13893332718266
EURJPY,M15,225575,220593,97.79142192175551,95.81779463397316,97.79142192175551,225575,216588,96.01595921533855,188.47170397156427,192.0319184306771,225575,209727,92.97439875872767,272.6449856666337,278.92319627618303,225575,202890,89.9434777790092,350.7872119945308,359.7739111160368,225575,196454,87.09032472570098,423.9152927879771,435.4516236285049,225575.0,2008.411920009546,89.36189792081575,1952.7069291259431,22.475036528059643,0.9722641603898116,120,140,180,500,87.09032472570098,423.9152927879771,225575,10.701097196054532,-328.0974981540039
EURJPY,M30,81497,81093,99.5042762310269,98.97276434620898,99.5042762310269,81497,80618,98.9214326907739,196.6864323450256,197.8428653815478,81497,79186,97.16431279679009,288.4525325343945,291.4929383903703,81497,77839,95.51149122053572,377.2334142022815,382.04596488214287,81497,76458,93.81695031718958,462.4553248839738,469.0847515859479,81497.0,2979.067769958198,107.21936652724428,2911.3718440385373,27.7847917444414,0.9772761376551068,140,170,220,500,93.81695031718958,462.4553248839738,81497,5.687325913837327,-363.4825605377648
EURJPY,M5,121,115,95.0413223140496,87.26156639197373,95.0413223140496,121,115,95.0413223140496,182.3028887060233,190.0826446280992,121,109,90.08264462809916,254.68842204014567,270.2479338842975,121,103,85.12396694214877,317.15660000236744,340.4958677685951,121,101,83.47107438016529,391.4228521605736,417.35537190082647,121.0,1742.4215955145314,156.89174442853013,1424.8512789302465,11.105884518335264,0.8177419762228526,200,240,320,500,83.47107438016529,391.4228521605736,121,11.570247933884303,-304.1612857685998
EURNZD,H1,33626,33400,99.32790102896568,98.52140348536916,99.32790102896568,33626,33079,98.37328257895676,194.79455561655377,196.74656515791352,33626,32711,97.27889133408672,288.57142952265474,291.83667400226017,33626,32146,95.59864390650093,377.1130872874069,382.3945756260037,33626,31800,94.5696782251829,466.3321764595106,472.8483911259145,33626.0,4604.675064647105,119.99684248219936,4448.759922389195,38.373301908271465,0.9661398165842512,150,180,240,500,94.5696782251829,466.3321764595106,33626,4.758222803782786,-367.8107729741415
EURNZD,H4,9592,9554,99.60383653044204,98.79031078598244,99.60383653044204,9592,9498,99.02001668056714,196.02762757220788,198.04003336113428,9592,9372,97.70642201834865,288.4093801660693,293.11926605504595,9592,9304,96.99749791492911,381.8243228596015,387.98999165971645,9592,9240,96.3302752293578,474.1155587244263,481.651376146789,9592.0,8533.482382129443,205.3510247593832,8265.36226487381,41.555587034868026,0.9685802225574296,260,310,420,500,96.3302752293578,474.1155587244263,9592,3.273561301084243,-375.3252479384439
EURNZD,M15,56173,55211,98.2874334644758,97.00924234381708,98.2874334644758,56173,53982,96.09954960568244,189.28795914341976,192.19909921136488,56173,52747,93.90098445872572,277.1508922749539,281.7029533761771,56173,51306,91.33569508482722,358.87608991909485,365.3427803393089,56173,49924,88.87543837786836,436.0742643290547,444.3771918893418,56173.0,2133.391212155981,74.63599773467885,2072.067337958976,28.58394443538253,0.9712552138358144,100,120,150,500,88.87543837786836,436.0742643290547,56173,9.411995086607432,-339.06502198523765
EURNZD,M30,35578,35261,99.10899994378548,98.16922261193336,99.10899994378548,35578,34888,98.0605992467255,194.0756263831105,196.121198493451,35578,34467,96.87728371465512,287.3381835865909,290.6318511439653,35578,33950,95.42413851256394,376.87018970875664,381.69655405025577,35578,33444,94.00191129349598,463.6831059117311,470.0095564674799,35578.0,3085.5927734719726,105.47444136477624,3019.22222516852,29.25441209753748,0.9784901789779116,140,160,220,500,94.00191129349598,463.6831059117311,35578,5.107088650289498,-365.51388329979767
EURNZD,M5,11801,11323,95.94949580544022,91.03188400084518,95.94949580544022,11801,10882,92.21252436234218,174.97047707526417,184.4250487246844,11801,10422,88.31454961443946,250.75664742378584,264.9436488433184,11801,9941,84.23862384543682,317.8190184852059,336.9544953817473,11801,9404,79.68816202016778,373.7807358422316,398.4408101008389,11801.0,1819.37004113394,121.40739938499183,1762.6412935292674,14.985660267292255,0.9688195659359736,160,190,250,500,79.68816202016778,373.7807358422316,11801,16.26133378527244,-282.7488518413864
EURUSD,H1,24393,23783,97.49928258106834,95.8268040982194,97.49928258106834,24393,23346,95.7077850202927,188.54493893969547,191.4155700405854,24393,22525,92.34206534661584,271.9045734071232,277.02619603984755,24393,22024,90.28819743369,354.65754133169577,361.15278973476,24393,21335,87.46361661132292,428.9337564983324,437.31808305661457,24393.0,2388.4769723348336,66.87994693792551,2320.3613054768352,35.71290172397985,0.9714815475937438,90,110,140,500,87.46361661132292,428.9337564983324,24393,10.035665969745423,-333.106952400113
EURUSD,H4,2580,2580,100.0,100.0,100.0,2580,2580,100.0,200.0,200.0,2580,2580,100.0,300.0,300.0,2580,2580,100.0,400.0,400.0,2580,2580,100.0,500.0,500.0,2580.0,11781.011211831894,132.46669660356685,11416.48110224421,88.93564581745402,0.9690578250852908,170,200,270,500,100.0,500.0,2580,0.0,-400.0
EURUSD,M15,115317,110330,95.67539911721602,93.17826773553308,95.67539911721602,115317,105241,91.26234640165804,177.47935576665327,182.52469280331607,115317,98178,85.13749056947371,246.83049161003257,255.41247170842115,115317,91555,79.39419166298117,305.6784638864244,317.5767666519247,115317,84703,73.45230972016267,351.93225641736814,367.2615486008134,115317.0,1200.426671455271,57.74247033116741,1157.7743548617098,20.789319621237823,0.964469036211251,80,90,120,500,73.45230972016267,351.93225641736814,115317,22.223089397053343,-258.75398868183504
EURUSD,M30,83685,80975,96.7616657704487,95.01231675337476,96.7616657704487,83685,78502,93.80653641632313,184.267362147962,187.61307283264625,83685,74895,89.49632550636315,262.81488874784225,268.4889765190895,83685,71665,85.63661349106769,334.787348729869,342.5464539642708,83685,67608,80.78867180498297,393.56539439484186,403.94335902491486,83685.0,1688.8111421986343,54.02002675049205,1635.1272953397688,31.26268615096509,0.9682120483940296,70,90,110,500,80.78867180498297,393.56539439484186,83685,15.972993965465731,-298.5530776414671
EURUSD,M5,18191,17085,93.92007036446594,91.39443902798548,93.92007036446594,18191,16095,88.4778187015557,172.1692691560381,176.9556374031114,18191,14888,81.84266945192678,237.9853679358934,245.5280083557804,18191,13760,75.64180089055027,292.44869320782044,302.5672035622011,18191,12720,69.92468803254357,337.13001426589625,349.6234401627178,18191.0,1058.7386120156789,41.54046983898397,1018.4692064256536,25.48691952917227,0.9619647331891292,60,70,90,500,69.92468803254357,337.13001426589625,18191,23.99538233192237,-245.7355752379108
GBPAUD,H1,30125,29911,99.2896265560166,98.54359474177882,99.2896265560166,30125,29476,97.84564315352698,193.4287879545291,195.691286307054,30125,28849,95.7643153526971,282.8446442124492,287.2929460580913,30125,28231,93.71286307053944,368.2487221131561,374.85145228215777,30125,27595,91.60165975103736,449.1883899233102,458.0082987551868,30125.0,2986.038820823125,105.01966543884676,2919.0223089779224,28.43313972023145,0.9775567178233447,140,160,220,500,91.60165975103736,449.1883899233102,30125,7.68796680497924,-350.6447951815314
GBPAUD,H4,7541,7507,99.54913141493172,98.58009847699851,99.54913141493172,7541,7418,98.36891658931177,193.2322140208062,196.73783317862356,7541,7326,97.14891924147992,285.3190494404501,291.4467577244397,7541,7207,95.5708791937409,372.7641932082077,382.2835167749636,7541,7113,94.32436016443442,459.4233861917184,471.6218008221721,7541.0,9771.862485238777,214.92580543984096,9556.631116077868,45.46621316688989,0.9779743759711096,270,330,430,500,94.32436016443442,459.4233861917184,7541,5.224771250497298,-360.8432877147199
GBPAUD,M15,188844,184689,97.79977123975344,96.26259942470377,97.79977123975344,188844,179691,95.15314227616444,186.9200670738332,190.3062845523289,188844,173632,91.94467391074112,270.2062340906985,275.83402173222333,188844,167045,88.45660968842007,345.76174359212365,353.8264387536803,188844,159801,84.6206392578001,412.3585317825052,423.1031962890005,188844.0,1773.8827392353053,69.86418152617124,1717.5501062414214,25.390446155093297,0.968243316342806,90,110,140,500,84.6206392578001,412.3585317825052,188844,13.179131981953349,-316.0959323578014
GBPAUD,M30,29044,28647,98.63310838727448,97.3157908423696,98.63310838727448,29044,28015,96.45709957306156,189.49979170605485,192.9141991461231,29044,27356,94.18812835697562,276.9632968699208,282.56438507092685,29044,26260,90.41454345131524,352.42036008985764,361.65817380526096,29044,25033,86.18991874397466,417.64037288205617,430.9495937198733,29044.0,2318.941493123246,96.37322613152824,2245.569960212965,24.062092618279053,0.9683599033745222,130,150,200,500,86.18991874397466,417.64037288205617,29044,12.443189643299815,-320.32458203968656
GBPAUD,M5,20306,19364,95.3609770511179,91.27671888103704,95.3609770511179,20306,18456,90.889392297843,173.75768309393484,181.778784595686,20306,17531,86.3340884467645,246.97061308766675,259.0022653402935,20306,16525,81.37988771791589,309.1261536943008,325.5195508716636,20306,15574,76.69654289372599,362.966037546313,383.48271446863,20306.0,1479.336379360405,88.04134437543729,1445.5568030798836,16.802746366925348,0.9771657232575438,120,140,180,500,76.69654289372599,362.966037546313,20306,18.66443415739191,-271.68931866527595
GBPCAD,H1,4499,4493,99.86663703045122,99.73799650998592,99.86663703045122,4499,4472,99.39986663703046,198.22085093196708,198.7997332740609,4499,4452,98.95532340520116,295.8582861386253,296.86597021560345,4499,4439,98.66637030451211,393.3790760133955,394.66548121804846,4499,4316,95.93242942876196,475.73861126961833,479.6621471438098,4499.0,2831.3490093115256,96.45895026222696,2769.8074942176263,29.35289054654911,0.9782642426304619,130,150,200,500,95.93242942876196,475.73861126961833,4499,3.934207601689252,-376.0006147596324
GBPCAD,H4,3053,3053,100.0,100.0,100.0,3053,3053,100.0,200.0,200.0,3053,3053,100.0,300.0,300.0,3053,3053,100.0,400.0,400.0,3053,3053,100.0,500.0,500.0,3053.0,7331.905083993255,166.2935973067918,7103.000072016848,44.090122546466276,0.9687795996599693,210,250,340,500,100.0,500.0,3053,0.0,-400.0
GBPCAD,M15,75316,73396,97.4507408784322,95.89596671934011,97.4507408784322,75316,70990,94.25620054171756,185.00930055623078,188.51240108343512,75316,68784,91.32720803016625,268.69215283675425,273.98162409049877,75316,66695,88.55356099633545,347.2331460553768,354.2142439853418,75316,63890,84.82925274841999,414.89373793908635,424.14626374209996,75316.0,1711.2849321299586,60.98925550321841,1648.601081616655,28.05879360195822,0.9633703018490046,80,100,130,500,84.82925274841999,414.89373793908635,75316,12.62148813001221,-318.99777121974626
GBPCAD,M30,43192,42606,98.64326727171698,97.798123726958,98.64326727171698,43192,41699,96.54334135951105,190.93344157170955,193.0866827190221,43192,40972,94.86015928875716,281.37873952264533,284.5804778662715,43192,40328,93.36914243378403,369.3460388269625,373.47656973513614,43192,39515,91.48684941655864,452.1311876731025,457.4342470827932,43192.0,2456.0911019762266,62.29255970175771,2387.268377728874,39.428321996976706,0.9719787575497716,80,100,130,500,91.48684941655864,452.1311876731025,43192,7.156417855158338,-354.3330639461445
GBPCAD,M5,38574,36995,95.90656919168352,94.18881331418677,95.90656919168352,38574,34649,89.82475242391249,175.3795923594306,179.64950484782497,38574,32568,84.42992689376264,246.75599866719963,253.28978068128794,38574,30426,78.87696375797168,306.64384306871796,315.5078550318867,38574,28340,73.4691761289988,356.21255977716515,367.34588064499394,38574.0,1167.2066550717352,41.963720847726016,1108.6669825313977,27.814660651265168,0.9498463512978432,60,70,90,500,73.4691761289988,356.21255977716515,38574,22.43739306268472,-262.02374646297835
GBPCHF,H1,35197,34717,98.6362474074495,97.81889457281066,98.6362474074495,35197,33698,95.74111429951417,188.92970380918743,191.4822285990284,35197,32552,92.48515498479983,272.95151027185835,277.4554649543995,35197,31151,88.50470210529306,347.129205152529,354.01880842117225,35197,30328,86.16643463931585,422.5411503802114,430.8321731965792,35197.0,2529.961275548111,59.93409941829869,2484.1346219967777,42.2123849371376,0.9818864209522784,80,90,120,500,86.16643463931585,422.5411503802114,35197,12.46981276813365,-324.7222558074008
GBPCHF,H4,1448,1448,100.0,100.0,100.0,1448,1448,100.0,200.0,200.0,1448,1448,100.0,300.0,300.0,1448,1448,100.0,400.0,400.0,1448,1448,100.0,500.0,500.0,1448.0,7121.352249186182,112.80780294778354,6939.325232971999,63.12818850323133,0.9744392623976772,150,170,230,500,100.0,500.0,1448,0.0,-400.0
GBPCHF,M15,9428,8876,94.1450997030123,90.13393770093704,94.1450997030123,9428,8167,86.62494696648282,164.0867140695292,173.24989393296565,9428,7507,79.62452269834536,224.9144336639009,238.8735680950361,9428,6791,72.03012303775986,268.9584736737342,288.12049215103946,9428,6041,64.07509546033093,295.7635104519645,320.37547730165466,9428.0,941.2357055655248,68.50948433979296,915.114150144538,13.7387649990686,0.9722475940218775,90,110,140,500,64.07509546033093,295.7635104519645,9428,30.07000424268137,-205.6295727510275
GBPCHF,M30,46977,46071,98.07139664090938,97.16924939629048,98.07139664090938,46977,42897,91.31489878025415,178.56714771719138,182.6297975605083,46977,40490,86.19111480085999,252.1139303012081,258.57334440257995,46977,37384,79.57936862720054,308.7652686394543,318.3174745088021,46977,35043,74.59607893224344,361.0971438695152,372.9803946612173,46977.0,1563.5704682214728,46.77723080624991,1535.4223618617698,33.42588779280919,0.9819975454047154,60,80,100,500,74.59607893224344,361.0971438695152,46977,23.47531770866594,-263.92789447322474
GBPCHF,M5,20674,19149,92.62358517945243,89.55113687944187,92.62358517945243,20674,17379,84.06210699429235,161.48571094036518,168.1242139885847,20674,15455,74.75573183709007,213.7523708045456,224.2671955112702,20674,13470,65.15430008706588,246.10315605103327,260.6172003482635,20674,11650,56.35097223565831,263.574026123016,281.75486117829155,20674.0,792.274599940719,41.65232534715948,779.8340441015397,19.02113731510377,0.9842976717402092,60,70,90,500,56.35097223565831,263.574026123016,20674,36.27261294379412,-174.02288924357413
GBPJPY,H1,25757,25592,99.35939744535466,98.17357926381229,99.35939744535466,25757,25434,98.74597196878518,195.17061501249043,197.4919439375704,25757,25141,97.60841712932408,288.3981968435474,292.82525138797223,25757,24968,96.93675505687774,382.07665328668105,387.747020227511,25757,24834,96.41650813371122,475.4491456287766,482.0825406685561,25757.0,5132.108655269387,185.1098115271941,5017.505855741969,27.724671171672146,0.9776694518322936,240,280,380,500,96.41650813371122,475.4491456287766,25757,2.942889311643441,-377.27556636496433
GBPJPY,M15,138184,135619,98.14377930874775,96.00506469928808,98.14377930874775,138184,132431,95.83671047299254,186.87653004999223,191.67342094598507,138184,126994,91.90210154576506,266.37600581474,275.70630463729515,138184,122335,88.53051004457825,340.9070351703884,354.122040178313,138184,116837,84.55175707751982,404.95951023432974,422.7587853875991,138184.0,2344.5384783052154,115.2187678727399,2276.754847985836,20.34858141231322,0.9710887106577372,150,180,240,500,84.55175707751982,404.95951023432974,138184,13.59202223122793,-308.95444553504166
GBPJPY,M30,32488,32275,99.34437330706724,98.48602501453152,99.34437330706724,32488,32145,98.94422556020685,196.50622828313783,197.8884511204137,32488,31761,97.76225067717311,290.35708438516497,293.2867520315193,32488,31518,97.01428219650332,384.1482187214139,388.05712878601327,32488,31361,96.53102684067964,478.1135448809204,482.65513420339823,32488.0,3810.6608657977326,130.92027853474684,3746.099328401975,29.106727455955262,0.9830576533387668,170,200,270,500,96.53102684067964,478.1135448809204,32488,2.8133464663876,-379.62751986638887
GBPJPY,M5,29028,28146,96.96155436130633,93.53377165160296,96.96155436130633,29028,27323,94.12636075513298,181.62645221316365,188.252721510266,29028,26451,91.12236461347663,263.3519055831673,273.3670938404299,29028,25615,88.24238666115475,339.70534892555145,352.969546644619,29028,24759,85.29350971475816,409.876613893832,426.4675485737908,29028.0,1901.822014404226,112.81369217377475,1858.635838173156,16.85807793133709,0.9772922093103564,150,170,230,500,85.29350971475816,409.876613893832,29028,11.668044646548168,-316.34284224222904
GBPNZD,H1,11658,11643,99.8713329902213,99.71240142361938,99.8713329902213,11658,11626,99.7255103791388,199.11196674952683,199.4510207582776,11658,11623,99.69977697718303,298.72849060947794,299.0993309315491,11658,11622,99.69119917653114,398.38336094627994,398.76479670612457,11658,11617,99.64831017327155,497.80713791764583,498.2415508663578,11658.0,5631.885380023623,123.52161356301534,5478.136179660512,45.59433136861418,0.9727002255924039,160,190,250,500,99.64831017327155,497.80713791764583,11658,0.2230228169497508,-398.09473649402645
GBPNZD,H4,2298,2298,100.0,100.0,100.0,2298,2298,100.0,200.0,200.0,2298,2298,100.0,300.0,300.0,2298,2298,100.0,400.0,400.0,2298,2298,100.0,500.0,500.0,2298.0,9463.869353431171,242.4198777107736,9109.191288419992,39.03916396114715,0.9625229330872417,310,370,490,500,100.0,500.0,2298,0.0,-400.0
GBPNZD,M15,52011,51061,98.17346330583916,96.74029471005521,98.17346330583916,52011,49885,95.91240314548844,188.61752583346455,191.82480629097688,52011,48499,93.247582242218,274.444548717819,279.742746726654,52011,47046,90.45394243525408,354.32557807989275,361.8157697410163,52011,45597,87.66799330910769,428.6638156262138,438.3399665455384,52011.0,2262.0676199938885,78.46371772138941,2207.876842269878,28.82947285262795,0.9760436968170152,100,120,160,500,87.66799330910769,428.6638156262138,52011,10.505469996731478,-331.9235209161586
GBPNZD,M30,13538,13449,99.34259122470084,98.62984413821334,99.34259122470084,13538,13328,98.4488107549121,195.21585872148293,196.8976215098242,13538,13200,97.50332397695377,289.80313468105487,292.5099719308613,13538,13056,96.43965135175064,381.8985593880479,385.75860540700256,13538,12860,94.99187472300191,469.5296823269363,474.95937361500955,13538.0,3246.7258094042472,108.41764108840012,3159.111605797511,29.946471596140235,0.9730145972431883,140,170,220,500,94.99187472300191,469.5296823269363,13538,4.350716501698926,-370.899838188723
GBPNZD,M5,129258,124553,96.35999319191076,94.77517787354465,96.35999319191076,129258,117832,91.160315028857,178.47193721443,182.320630057714,129258,110665,85.61559052437761,250.58397216518782,256.8467715731328,129258,103232,79.86507604945149,310.6937997396133,319.46030419780595,129258,96245,74.45960791595104,361.17805911105796,372.2980395797552,129258.0,1249.194577757943,43.53880093971664,1207.542546775827,28.691524588811557,0.9666568909882399,60,70,90,500,74.45960791595104,361.17805911105796,129258,21.90038527595972,-266.4028812375133
GBPUSD,D1,904,904,100.0,100.0,100.0,904,904,100.0,200.0,200.0,904,904,100.0,300.0,300.0,904,904,100.0,400.0,400.0,904,904,100.0,500.0,500.0,904.0,11949.122161609022,314.56428558704846,11504.71852996214,37.98626452227804,0.9628086795299776,400,480,630,500,100.0,500.0,904,0.0,-400.0
GBPUSD,H1,30079,29534,98.18810465773464,96.83147000154422,98.18810465773464,30079,28939,96.2099803849862,189.58222956252817,192.4199607699724,30079,28520,94.81698194753815,280.5702239545394,284.45094584261443,30079,27648,91.91794939991355,361.6204602616745,367.6717975996542,30079,27187,90.38531866085974,444.727717293835,451.9265933042987,30079.0,2895.339815089137,74.87378683220571,2814.2185850616806,38.66960571313171,0.9719821384675944,100,120,150,500,90.38531866085974,444.727717293835,30079,7.802785996874903,-347.89624729229075
GBPUSD,H4,1822,1811,99.39626783754116,98.37916922614016,99.39626783754116,1822,1781,97.7497255762898,191.70844723735772,195.4994511525796,1822,1767,96.9813391877058,285.8585245061124,290.94401756311737,1822,1756,96.377607025247,379.4078364325821,385.510428100988,1822,1749,95.993413830955,473.2172329154776,479.9670691547751,1822.0,10421.673855318695,168.4685154520552,9917.656822424486,61.86125536449427,0.9516376121636222,220,260,340,500,95.993413830955,473.2172329154776,1822,3.402854006586153,-374.8380636893375
GBPUSD,M15,132190,127356,96.34314244647857,94.66228806978704,96.34314244647857,132190,122367,92.56902942733944,181.7224542741574,185.1380588546789,132190,117519,88.90158105756865,261.60341620529977,266.70474317270595,132190,111133,84.07065587412058,328.9607884509727,336.2826234964823,132190,104941,79.38648914441335,387.4575593111301,396.9324457220667,132190.0,1289.146897825794,45.96444767373873,1248.7236375088671,28.04660913034939,0.9686434025586448,60,70,100,500,79.38648914441335,387.4575593111301,132190,16.95665330206522,-292.7952712413431
GBPUSD,M30,71099,69391,97.59771586098258,96.14807975379206,97.59771586098258,71099,67552,95.01118159186488,187.0119069353664,190.02236318372977,71099,65878,92.65671809730097,273.5389188611994,277.97015429190293,71099,63472,89.27270425744385,350.6175297993644,357.0908170297754,71099,61547,86.56521188764962,424.7189610214544,432.82605943824814,71099.0,1969.549091137609,60.34407352759824,1913.3917807902967,32.63864992813588,0.9714872248673694,80,100,130,500,86.56521188764962,424.7189610214544,71099,11.03250397333295,-328.57088126766234
GBPUSD,M5,15695,14785,94.20197515132207,90.9119382508573,94.20197515132207,15695,13935,88.78623765530423,171.2093270195997,177.57247531060847,15695,13031,83.02644154189232,239.4478319851956,249.07932462567692,15695,12030,76.64861420834661,293.3439236023938,306.59445683338646,15695,11179,71.2265052564511,339.8052662355535,356.1325262822555,15695.0,1124.6646368919394,56.74409797010373,1084.44905050827,19.81994034806337,0.9642421526689314,80,90,120,500,71.2265052564511,339.8052662355535,15695,22.97546989487097,-248.8933279846962
NZDCAD,D1,249,231,92.7710843373494,77.10698848595695,92.7710843373494,249,227,91.16465863453816,163.18431122848554,182.3293172690763,249,222,89.1566265060241,243.9737357409836,267.4698795180723,249,205,82.32931726907631,291.0272569951237,329.31726907630525,249,198,79.51807228915662,353.20875653350447,397.5903614457831,249.0,1804.30330675144,216.68665927759548,1703.4517664915877,8.326785381058626,0.944104996159224,280,330,440,500,79.51807228915662,353.20875653350447,249,13.253012048192772,-276.1017680475475
NZDCAD,H1,29027,28884,99.50735522100112,99.26414864824471,99.50735522100112,29027,28615,98.58063182554174,196.46055660230283,197.1612636510835,29027,27697,95.41805904847212,283.99218594425554,286.25417714541635,29027,27119,93.42680952216902,370.4622161249055,373.7072380886761,29027,26673,91.8903090226341,455.4479907616422,459.4515451131705,29027.0,1788.5895459180758,49.36753277901923,1744.2499920601365,36.230077648157874,0.9752097657284724,70,80,100,500,91.8903090226341,455.4479907616422,29027,7.617046198367021,-356.1838421133975
NZDCAD,H4,4096,4077,99.5361328125,99.0387119420085,99.5361328125,4096,4068,99.31640625,197.8997712171704,198.6328125,4096,4057,99.0478515625,296.1225329007017,297.1435546875,4096,4048,98.828125,394.0558578008636,395.3125,4096,4028,98.33984375,489.9189756345567,491.69921875,4096.0,2524.306410955556,107.23346765964088,2480.0407555500096,23.5402851929042,0.9824642304854851,140,170,220,500,98.33984375,489.9189756345567,4096,1.1962890625,-390.8802636925482
NZDCAD,M15,24791,23966,96.6721794199508,95.22846780780375,96.6721794199508,24791,22869,92.24718647896414,181.13096238999296,184.49437295792828,24791,21588,87.07998870557864,255.63486515466687,261.239966116736,24791,20326,81.98943164858214,320.1441843540418,327.95772659432856,24791,18607,75.05546367633416,364.4556061277103,375.2773183816708,24791.0,1010.1331150501304,43.38309645665161,989.5656370959108,23.284025289346776,0.979638843981292,60,70,90,500,75.05546367633416,364.4556061277103,24791,21.61671574361664,-269.22713831990654
NZDCAD,M30,67096,66023,98.4007988553714,97.7571036191606,98.4007988553714,67096,63064,93.99069989269108,185.56259345509145,187.98139978538217,67096,59345,88.44789555264099,260.69384343716814,265.34368665792294,67096,56782,84.62799570764278,332.3245898517471,338.5119828305711,67096,53443,79.65154405627757,390.0672533102918,398.25772028138783,67096.0,1211.8614292053735,40.25104899235764,1175.587371958568,30.10757382758792,0.9700674876074232,60,70,90,500,79.65154405627757,390.0672533102918,67096,18.74925479909384,-292.3101496911312
NZDCAD,M5,19845,18740,94.4318468127992,92.50047305777248,94.4318468127992,19845,17279,87.0697908793147,169.65459980804246,174.1395817586294,19845,15384,77.52078609221466,224.76520142490264,232.562358276644,19845,13167,66.34920634920634,253.72468608816607,265.39682539682536,19845,11156,56.21567145376669,265.89129251098075,281.07835726883343,19845.0,762.8421109344569,34.68607436063829,723.332443246479,21.99274853017488,0.9482072802188016,50,60,70,500,56.21567145376669,265.89129251098075,19845,38.216175359032505,-173.39081945320828
NZDCHF,H1,5017,4983,99.32230416583616,98.912711148209,99.32230416583616,5017,4886,97.38887781542756,193.19961782764463,194.77775563085513,5017,4618,92.04704006378314,271.33442566096016,276.14112019134944,5017,4566,91.0105640821208,358.60912541819357,364.0422563284832,5017,4327,86.2467610125573,422.9214761756472,431.23380506278653,5017.0,1108.96066930768,60.43906380692473,1069.9859627452254,18.348409115534213,0.9648547440480902,80,100,130,500,86.2467610125573,422.9214761756472,5017,13.075543153278858,-324.0087650274382
NZDCHF,H4,3314,3314,100.0,100.0,100.0,3314,3314,100.0,200.0,200.0,3314,3314,100.0,300.0,300.0,3314,3313,99.96982498491248,399.85410363552944,399.8792999396499,3314,3313,99.96982498491248,499.82392862044196,499.84912492456243,3314.0,4493.039887081894,83.5005518551625,4306.000984572334,53.80850529972036,0.9583714128493982,110,130,170,500,99.96982498491248,499.82392862044196,3314,0.030175015087522183,-399.82392862044196
NZDCHF,M15,96266,92067,95.63812768786488,94.71564303171299,95.63812768786488,96266,83925,87.1803128830532,171.6494128245559,174.3606257661064,96266,74295,77.17678100263852,226.70350081208002,231.53034300791555,96266,63667,66.13653834167826,257.3844297882668,264.54615336671304,96266,53781,55.867076641805,270.00178934938856,279.335383209025,96266.0,733.6840177081649,21.148823031464307,711.6146091002646,34.69148219652365,0.96991973645847,50,50,50,500,55.867076641805,270.00178934938856,96266,39.77105104605988,-175.28614631767556
NZDCHF,M30,70697,68886,97.43836372123286,96.65957720455664,97.43836372123286,70697,65619,92.81723411177278,183.45076975215855,185.63446822354555,70697,61184,86.54398347878977,255.54106355998007,259.6319504363693,70697,55446,78.42765605329788,307.152218268504,313.7106242131915,70697,50440,71.34673324186316,348.0225240401771,356.7336662093158,70697.0,1069.6195032351618,30.401916272478715,1031.9153829810402,35.182634331778964,0.9647499693666329,50,50,70,500,71.34673324186316,348.0225240401771,70697,26.091630479369698,-251.36294683562045
NZDCHF,M5,30879,27706,89.72440817383983,87.04955263233468,89.72440817383983,30879,23667,76.64432138346449,147.20888916928158,153.28864276692897,30879,19154,62.02921079050488,176.20339624666497,186.08763237151462,30879,14834,48.039120437838015,178.63046310544908,192.15648175135206,30879,11361,36.79199455940931,167.50619704567637,183.95997279704656,30879.0,510.2301240712041,26.03115797861256,492.8669278162445,19.60074632372533,0.9659698723443023,50,50,60,400,48.039120437838015,178.63046310544908,30879,52.93241361443052,-80.45664441334169
NZDJPY,H1,12917,12676,98.13424169698848,96.18257167534551,98.13424169698848,12917,12534,97.0349152279941,190.96821378258875,194.0698304559882,12917,12351,95.6181775954169,282.27094261093976,286.8545327862507,12917,12169,94.2091816985368,370.7792613327822,376.8367267941472,12917,11947,92.490516373771,454.5973124871384,462.452581868855,12917.0,2675.918651641122,104.60465423054956,2605.526985176265,25.581258035782927,0.9736943922332393,140,160,210,500,92.490516373771,454.5973124871384,12917,5.643725323217481,-358.4147408117929
NZDJPY,H4,3772,3769,99.9204665959703,99.80359522372653,99.9204665959703,3772,3767,99.8674443266172,199.54010303282823,199.7348886532344,3772,3755,99.5493107104984,297.9856610221141,298.6479321314952,3772,3743,99.23117709437965,395.7949517791625,396.9247083775186,3772,3702,98.1442205726405,487.9941041775154,490.72110286320253,3772.0,6438.207156710579,146.94627203445577,6238.754773055776,43.8133412132915,0.9690205085358458,190,230,300,500,98.1442205726405,487.9941041775154,3772,1.77624602332979,-388.1905089537889
NZDJPY,M15,106538,101401,95.17824625955058,92.93434531805526,95.17824625955058,106538,95685,89.81302446075578,174.88533315004017,179.62604892151157,106538,89219,83.74382849311982,243.66634621407673,251.23148547935946,106538,83570,78.44149505340818,303.73329249234314,313.7659802136327,106538,78915,74.07216204546735,358.29476473251,370.36081022733674,106538.0,1276.492149027188,46.5370291035678,1239.3254262887845,27.429601192610193,0.9708837044021783,60,70,100,500,74.07216204546735,358.29476473251,106538,21.106084214083225,-265.3604194144547
NZDJPY,M30,39451,38368,97.25482243796102,95.4590668300215,97.25482243796102,39451,37042,93.89369090770828,183.79294482601088,187.78738181541655,39451,35525,90.04841448885959,263.6354221214536,270.1452434665788,39451,34505,87.46292869635751,341.6506000699463,349.85171478543003,39451,33272,84.33753263542116,411.4420732403945,421.6876631771058,39451.0,2028.646457416765,65.41491642550528,1968.7522867226849,31.011985770798653,0.9704757965706264,90,100,140,500,84.33753263542116,411.4420732403945,39451,12.91728980253987,-315.98300641037304
NZDJPY,M5,80555,74390,92.34684377133637,89.65244384432735,92.34684377133637,80555,66374,82.39587859226616,158.5939817806532,164.79175718453232,80555,58529,72.65719073924647,208.34515651744735,217.9715722177394,80555,52626,65.32927813295264,249.11080343830938,261.31711253181055,80555,46925,58.25212587673019,276.5627105604047,291.26062938365095,80555.0,1008.1054495648052,35.20638866507887,973.521859744125,28.634162371107053,0.9656944719061131,50,60,80,500,58.25212587673019,276.5627105604047,80555,34.09471789460618,-186.91026671607733
NZDSGD,H1,40054,34439,85.9814250761472,-10038.447373579978,85.9814250761472,40054,34352,85.76421830528787,-10109.77040754565,171.52843661057574,40054,34278,85.57946771857992,-10157.99013487414,256.7384031557398,40054,34223,85.44215309332401,-10172.130644076187,341.76861237329604,40054,33822,84.44100464373096,-10814.738925708316,422.20502321865484,40054.0,69385.17233939854,72221.52646507077,68010.60513446736,0.9607270260751832,0.9801893234737754,90280,108340,144450,100,85.9814250761472,-10038.447373579978,40054,1.5404204324162407,776.2915521283376
NZDSGD,H4,5453,5453,100.0,100.0,100.0,5453,5453,100.0,200.0,200.0,5453,5453,100.0,300.0,300.0,5453,5453,100.0,400.0,400.0,5453,5453,100.0,500.0,500.0,5453.0,4695.138205165637,125.1975887235416,4607.289139206009,37.50182613736939,0.981289354621349,160,190,260,500,100.0,500.0,5453,0.0,-400.0
NZDSGD,M15,60723,25072,41.28913261861239,-5.30053025947587,41.28913261861239,60723,24314,40.04084119691056,32.50144521314413,80.08168239382113,60723,23126,38.0844161190982,65.12050158364215,114.25324835729461,60723,21870,36.01600711427301,93.28990790500757,144.06402845709204,60723,20472,33.713749320685736,115.96768294445893,168.56874660342868,60723.0,43179.77160786127,79.35441078640581,42996.834187922286,544.1382675443449,0.9957633536925269,100,120,160,500,33.713749320685736,115.96768294445893,60723,7.575383297926656,-121.2682132039348
NZDSGD,M30,39190,23644,60.331717274815,-27865.102020220766,60.331717274815,39190,23109,58.96657310538402,-28768.526388889346,117.93314621076804,39190,22118,56.437866802755806,-30497.28904763782,169.31360040826743,39190,21580,55.06506761929063,-31412.75710487966,220.26027047716252,39190,20987,53.55192651186527,-32430.46951472178,267.75963255932635,39190.0,28071.95920588671,70397.38506190992,27908.17601571538,0.398764232239576,0.9941655946073769,88000,105600,140800,100,60.331717274815,-27865.102020220766,39190,6.77979076294973,4565.367494501013
NZDSGD,M5,55063,49886,90.5980422425222,57.99161912128929,90.5980422425222,55063,43830,79.59973121696964,88.4503894339762,159.1994624339393,55063,37947,68.91560576067414,98.94470444775125,206.74681728202242,55063,31994,58.10435319543069,87.12137743620971,232.41741278172276,55063,26230,47.63634382434665,56.58214449269954,238.18171912173327,55063.0,5146.005452608654,346.8046120000861,4773.848341126824,14.83834203621415,0.9276803892047761,440,530,700,300,68.91560576067414,98.94470444775125,55063,42.961698418175544,1.4094746285897486
NZDUSD,H1,21492,21324,99.21831379117812,98.88256283802188,99.21831379117812,21492,21115,98.24585892425088,195.7382767214785,196.49171784850176,21492,21004,97.72938767913642,292.21288645919344,293.18816303740925,21492,20824,96.89186674111298,386.2324572221401,387.5674669644519,21492,20533,95.53787455797506,475.77279443227496,477.6893727898753,21492.0,1908.6777081918133,42.95213979306086,1864.436645379,44.43731365522639,0.9768210931453156,60,70,90,500,95.53787455797506,475.77279443227496,21492,3.68043923320306,-376.8902315942531
NZDUSD,H4,1314,1314,100.0,100.0,100.0,1314,1314,100.0,200.0,200.0,1314,1314,100.0,300.0,300.0,1314,1314,100.0,400.0,400.0,1314,1314,100.0,500.0,500.0,1314.0,3697.1806100422496,107.41392770586071,3607.234663111689,34.419936864538506,0.9756717465499992,140,170,220,500,100.0,500.0,1314,0.0,-400.0
NZDUSD,M15,111405,103761,93.13854853911404,91.3278243713893,93.13854853911404,111405,96802,86.89197073739959,170.32475714443754,173.78394147479918,111405,89379,80.22889457385216,235.46912609226487,240.68668372155648,111405,81667,73.30640455993897,286.1812284831104,293.2256182397559,111405,73904,66.33813563125534,322.80737530255544,331.6906781562767,111405.0,855.7217280905949,26.389812389504755,824.8260995629485,32.42621491308857,0.9638952389376054,50,50,60,500,66.33813563125534,322.80737530255544,111405,26.8004129078587,-231.47955093116616
NZDUSD,M30,38496,37681,97.88289692435578,97.00197064910364,97.88289692435578,38496,36686,95.29821280133,188.64001264780555,190.59642560266,38496,35415,91.9965710723192,272.65948762916395,275.9897132169576,38496,33550,87.15191188694929,343.2615599927087,348.6076475477972,38496,31957,83.0138196176226,408.0011509545256,415.069098088113,38496.0,1266.0365620707844,41.6099851436887,1234.329322216646,30.42626806206365,0.9749555101289874,60,70,90,500,83.0138196176226,408.0011509545256,38496,14.869077306733177,-310.999180305422
NZDUSD,M5,25823,23269,90.10959222398635,87.23727768539385,90.10959222398635,25823,20448,79.18522247608722,152.32553866989772,158.37044495217444,25823,17580,68.0788444410022,194.9661775118797,204.23653332300665,25823,14961,57.9367230763273,219.53112076333903,231.7468923053092,25823,13048,50.528598536188674,238.2757968193461,252.64299268094337,25823.0,760.1029523039446,29.04141673064775,727.727933548748,26.173067220774595,0.957407060901392,50,50,60,500,50.528598536188674,238.2757968193461,25823,39.58099368779768,-151.0385191339523
USDCAD,H1,30868,30209,97.86510301930802,96.31002362576967,97.86510301930802,30868,29613,95.93430089412983,188.90710764730275,191.86860178825967,30868,29152,94.44084488790982,279.273192874182,283.3225346637294,30868,28829,93.39445380329144,368.76627214271866,373.57781521316576,30868,28363,91.88479979266552,453.5128094628518,459.4239989633276,30868.0,2672.97011222584,72.84095708610188,2612.766371280052,36.6959773610546,0.9774768372188674,100,110,150,500,91.88479979266552,453.5128094628518,30868,5.980303226642505,-357.2027858370821
USDCAD,H4,951,946,99.47423764458463,98.58562100497278,99.47423764458463,951,939,98.73817034700316,195.343660758938,197.47634069400632,951,936,98.42271293375394,292.6022888824264,295.26813880126184,951,932,98.00210304942166,388.6316689671618,392.00841219768665,951,929,97.68664563617246,484.5233149665703,488.4332281808623,951.0,6345.761446404161,169.0148848541673,6215.564817613166,37.545577431490656,0.979482898956791,220,260,340,500,97.68664563617246,484.5233149665703,951,1.787592008412176,-385.9376939615975
USDCAD,M15,80628,76697,95.12452249838763,92.95958520166884,95.12452249838763,80628,72466,89.87696581832614,175.2588366949533,179.75393163665228,80628,69079,85.67619189363496,250.6681430073345,257.0285756809049,80628,66490,82.4651485836186,322.0743100554079,329.8605943344744,80628,62960,78.08701691719997,380.7047075423907,390.4350845859999,80628.0,1144.330733730152,44.40462079873896,1116.5378212494036,25.77053273106386,0.9757125176642524,60,70,90,500,78.08701691719997,380.7047075423907,80628,17.03750558118766,-287.7451223407219
USDCAD,M30,41207,40553,98.41289101366272,97.64100349565987,98.41289101366272,41207,39190,95.10520057271825,187.82982450352253,190.2104011454365,41207,37728,91.5572596888878,270.56566794260846,274.67177906666336,41207,36452,88.46069842502487,348.2306757366385,353.8427937000995,41207,35149,85.29861431310214,419.3430798467627,426.4930715655107,41207.0,1628.017474764516,48.63481491489769,1595.6095223686643,33.47432240833617,0.9800936090065498,70,80,100,500,85.29861431310214,419.3430798467627,41207,13.11427670056058,-321.70207635110285
USDCAD,M5,2382,2259,94.83627204030228,90.2455768043354,94.83627204030228,2382,2097,88.0352644836272,165.4335522009897,176.0705289672544,2382,1959,82.24181360201511,230.9379279213788,246.72544080604533,2382,1809,75.94458438287154,282.3924158224698,303.77833753148616,2382,1635,68.63979848866498,315.3189164980628,343.1989924433249,2382.0,1133.558880882292,88.90273213067536,1108.3389038936782,12.750551683871295,0.977751506856034,120,140,180,500,68.63979848866498,315.3189164980628,2382,26.196473551637297,-225.0733396937273
USDCHF,H1,15700,15322,97.59235668789808,96.16467961145597,97.59235668789808,15700,14626,93.1592356687898,182.2620555172124,186.3184713375796,15700,13976,89.01910828025478,260.54590875667384,267.05732484076435,15700,13539,86.23566878980891,336.78074351322664,344.94267515923565,15700,12966,82.5859872611465,402.6038275041644,412.9299363057325,15700.0,2320.661289835872,59.29769867762225,2231.774343998012,39.13577325172835,0.9616975789495292,80,90,120,500,82.5859872611465,402.6038275041644,15700,15.006369426751576,-306.43914789270843
USDCHF,H4,4167,4167,100.0,100.0,100.0,4167,4167,100.0,200.0,200.0,4167,4167,100.0,300.0,300.0,4167,4167,100.0,400.0,400.0,4167,4167,100.0,500.0,500.0,4167.0,7488.851868594209,94.0006810584604,7296.6402342334995,79.66805967987736,0.9743336311447476,120,150,190,500,100.0,500.0,4167,0.0,-400.0
USDCHF,M15,201636,190381,94.41815945565276,92.40075332597452,94.41815945565276,201636,173906,86.24749548691702,167.5245181194602,172.49499097383404,201636,160682,79.68914281179948,231.72661540698064,239.06742843539843,201636,151120,74.94693407923188,290.7329794935756,299.7877363169275,201636,139978,69.42113511476126,336.0537673424691,347.1056755738063,201636.0,1049.812567185779,36.14231029442917,1012.4217383758048,29.04663699150816,0.9643833290058892,50,60,80,500,69.42113511476126,336.0537673424691,201636,24.9970243408915,-243.65301401649452
USDCHF,M30,93942,90150,95.96346681995274,94.1263194520712,95.96346681995274,93942,84855,90.32701028294052,176.25155270408257,180.65402056588104,93942,80143,85.31114943262864,249.2481116603865,255.93344829788592,93942,76852,81.80792403823635,318.95193652290953,327.2316961529454,93942,73613,78.36005194694599,381.9512700612953,391.80025973472993,93942.0,1548.516854742867,45.51300053626852,1499.1916279039342,34.02361603196997,0.9681467936956414,60,70,100,500,78.36005194694599,381.9512700612953,93942,17.603414873006756,-287.82495060922406
USDCHF,M5,11308,10282,90.92677750265298,86.69878333211301,90.92677750265298,11308,9239,81.7032189600283,154.88039509466944,163.4064379200566,11308,8265,73.08984789529536,206.72979099489865,219.2695436858861,11308,7468,66.04174036080651,248.3428896938367,264.16696144322606,11308,6775,59.91333569154581,280.886856259817,299.56667845772904,11308.0,983.4889361446634,46.59859462033725,945.8949179065633,21.10554930114414,0.9617748437654696,60,70,100,500,59.91333569154581,280.886856259817,11308,31.01344181110717,-194.188072927704
USDJPY,H1,13651,13641,99.9267452933851,99.81507244981252,99.9267452933851,13651,13626,99.81686323346275,199.3545443579941,199.6337264669255,13651,13599,99.61907552560253,298.27652779023026,298.8572265768076,13651,13586,99.52384440700315,397.3695041447909,398.0953776280126,13651,13562,99.3480331111274,495.7462772478413,496.740165555637,13651.0,5107.594466607922,152.44459876090517,4996.699064492799,33.504594509020244,0.9782881348859808,200,230,310,500,99.3480331111274,495.7462772478413,13651,0.5787121822576893,-395.9312047980287
USDJPY,H4,3556,3550,99.83127109111362,99.49963985530482,99.83127109111362,3556,3525,99.12823397075366,196.5430398898285,198.2564679415073,3556,3496,98.31271091113612,291.6218203753204,294.9381327334084,3556,3489,98.11586051743532,388.7602266032096,392.4634420697413,3556,3482,97.91901012373452,485.5049320436973,489.5950506186726,3556.0,12711.260201495545,196.5467790893523,12162.162851030684,64.67295093984825,0.9568022885408944,250,300,400,500,97.91901012373452,485.5049320436973,3556,1.9122609673790976,-386.0052921883925
USDJPY,M15,18315,17835,97.37919737919738,94.97147591521872,97.37919737919738,18315,17443,95.23887523887524,186.1037231515226,190.47775047775048,18315,16922,92.3942123942124,270.19522885071586,277.1826371826372,18315,16434,89.72972972972974,349.4836604319526,358.91891891891896,18315,15952,87.0980070980071,423.637023366324,435.4900354900355,18315.0,2218.870866855505,91.8696221099354,2170.21844643558,24.152389177960803,0.9780733430017712,120,140,190,500,87.0980070980071,423.637023366324,18315,10.281190281190275,-328.6655474511052
USDJPY,M30,64172,63124,98.36688898585054,96.80392054631804,98.36688898585054,64172,62714,97.72798105092564,193.28152700181465,195.45596210185127,64172,62312,97.10153961229196,288.53064813312545,291.3046188368759,64172,61319,95.5541357601446,377.961629912729,382.2165430405784,64172,60469,94.22957052920276,465.6252647341924,471.1478526460138,64172.0,3413.006625713217,95.70497204358688,3326.319961379927,35.661748316724555,0.9746010852480692,120,150,200,500,94.22957052920276,465.6252647341924,64172,4.137318456647776,-368.82134418787433
USDJPY,M5,28102,26781,95.29926695608852,91.9483668477839,95.29926695608852,28102,25474,90.648352430432,174.63041759014146,181.296704860864,28102,24208,86.1433349939506,248.55233274737927,258.4300049818518,28102,23213,82.60266173226105,318.0090188976277,330.4106469290442,28102,22139,78.78086968899011,378.7783701362296,393.9043484449505,28102.0,1446.2160820777942,71.28462895047379,1421.966199587778,20.287909235836658,0.9832321858458666,90,110,150,500,78.78086968899011,378.7783701362296,28102,16.518397267098408,-286.8300032884457
XAUUSD,D1,482,482,100.0,100.0,100.0,482,482,100.0,200.0,200.0,482,480,99.5850622406639,286.01318662967026,298.7551867219917,482,471,97.71784232365144,320.7903687868372,390.87136929460576,482,471,97.71784232365144,418.5082111104886,488.5892116182572,482.0,153888.8856200529,3070.8220222494765,127406.14364293856,50.11325453087451,0.8279099762766478,3840,4610,6150,500,97.71784232365144,418.5082111104886,482,2.282157676348561,-318.5082111104886
XAUUSD,H1,27349,27287,99.77330066912867,98.32314526996517,99.77330066912867,27349,27213,99.50272404841128,195.82446205994776,199.00544809682256,27349,27150,99.27236827671943,293.16257379090763,297.8171048301583,27349,27066,98.965227247797,389.24165128210296,395.860908991188,27349,26999,98.72024571282314,485.4148674398055,493.60122856411573,27349.0,24726.05347907992,639.6822582536017,23552.767345662516,38.65364899527764,0.9525485887017495,800,960,1280,500,98.72024571282314,485.4148674398055,27349,1.0530549563055303,-387.09172216984035
XAUUSD,H4,11269,11177,99.1836010293726,90.83767054296553,99.1836010293726,11269,11088,98.39382376430916,180.36793646297002,196.78764752861832,11269,11035,97.92350696601297,272.5428281391346,293.7705208980389,11269,10905,96.76989972490904,354.058743496896,387.07959889963615,11269,10850,96.28183512290352,443.39890524707744,481.40917561451755,11269.0,50562.8842883954,1022.2857679491166,48829.75666331322,49.460616467139026,0.9657233235509687,1280,1540,2050,500,96.28183512290352,443.39890524707744,11269,2.9017659064690804,-352.56123470411194
XAUUSD,M15,61219,60771,99.26820104869404,96.16651168490598,99.26820104869404,61219,60302,98.5020990215456,190.6554276265875,197.0041980430912,61219,59865,97.78826834806188,283.9905028152368,293.36480504418563,61219,59421,97.063003315964,375.8037153261529,388.252013263856,61219,59033,96.42921315277935,467.01148328791294,482.1460657638968,61219.0,10853.620142311864,423.8444668788896,10361.605961228152,25.60755416299347,0.9546681959905162,530,640,850,500,96.42921315277935,467.01148328791294,61219,2.838987895914684,-370.84497160300697
XAUUSD,M30,40588,40475,99.72159258894254,98.25660192404145,99.72159258894254,40588,40358,99.43333004829012,195.8848206901443,198.86666009658023,40588,40260,99.19187937321377,293.32327583568065,297.57563811964127,40588,40145,98.90854439735882,389.8908956022567,395.6341775894353,40588,40050,98.67448506947866,486.3975140401652,493.37242534739335,40588.0,16988.49430659507,526.2039036018152,16228.659126819412,32.285002430195156,0.95527354184169,660,790,1060,500,98.67448506947866,486.3975140401652,40588,1.0471075194638786,-388.1409121161238
XAUUSD,M5,145437,143774,98.85654957129204,95.92211897851402,98.85654957129204,145437,142015,97.64709118037364,189.25592530212646,195.29418236074727,145437,140060,96.30286653327558,279.4206661678559,288.90859959982674,145437,137963,94.86100510874124,366.25584590073584,379.44402043496495,145437,135920,93.45627316295028,450.488235356863,467.28136581475144,145437.0,7507.254659999804,256.62945407207326,7283.203132011767,29.253285392027415,0.9701553313246718,330,390,520,500,93.45627316295028,450.488235356863,145437,5.400276408341753,-354.56611637834897
